#VRML V2.0 utf8

Transform {
  children [
    Shape {
      appearance Appearance {
        material Material { diffuseColor 0.13 0.13 0.13 specularColor 0.2 0.2 0.2 shininess 0.3 }
      }
      geometry Box { size 7.500 15.400 2.650 }
    }
    Transform {
      translation 0 0 -1.3250
      children Shape {
        appearance Appearance {
          material Material { diffuseColor 0.88 0.88 0.85 emissiveColor 0.35 0.35 0.33 }
        }
        geometry IndexedFaceSet {
          solid FALSE
          coord Coordinate { point [ -2.6737 3.8658 2.7100, -2.6853 3.8342 2.7100, -2.6975 3.8004 2.7100, -2.6975 3.8004 2.7100, -2.7587 3.6328 2.7100, -2.6959 3.6311 2.7100, -2.6959 3.6311 2.7100, -2.6821 3.6309 2.7100, -2.6670 3.6308 2.7100, -2.6670 3.6308 2.7100, -2.6509 3.6307 2.7100, -2.6345 3.6307 2.7100, -2.6345 3.6307 2.7100, -2.6181 3.6307 2.7100, -2.6024 3.6308 2.7100, -2.6024 3.6308 2.7100, -2.5877 3.6309 2.7100, -2.5747 3.6311 2.7100, -2.5747 3.6311 2.7100, -2.5157 3.6328 2.7100, -2.5731 3.8009 2.7100, -2.5731 3.8009 2.7100, -2.5847 3.8346 2.7100, -2.5957 3.8660 2.7100, -2.5957 3.8660 2.7100, -2.6057 3.8945 2.7100, -2.6146 3.9193 2.7100, -2.6146 3.9193 2.7100, -2.6221 3.9398 2.7100, -2.6280 3.9553 2.7100, -2.6280 3.9553 2.7100, -2.6319 3.9651 2.7100, -2.6337 3.9685 2.7100, -2.6337 3.9685 2.7100, -2.6355 3.9651 2.7100, -2.6397 3.9553 2.7100, -2.6397 3.9553 2.7100, -2.6458 3.9398 2.7100, -2.6537 3.9192 2.7100, -2.6537 3.9192 2.7100, -2.6631 3.8944 2.7100, -2.6737 3.8658 2.7100, -2.6737 3.8658 2.7100, -2.6975 3.8004 2.7100, -2.6959 3.6311 2.7100, -2.6959 3.6311 2.7100, -2.6670 3.6308 2.7100, -2.6345 3.6307 2.7100, -2.6345 3.6307 2.7100, -2.6024 3.6308 2.7100, -2.5747 3.6311 2.7100, -2.5747 3.6311 2.7100, -2.5731 3.8009 2.7100, -2.5957 3.8660 2.7100, -2.5957 3.8660 2.7100, -2.6146 3.9193 2.7100, -2.6280 3.9553 2.7100, -2.6280 3.9553 2.7100, -2.6337 3.9685 2.7100, -2.6397 3.9553 2.7100, -2.6397 3.9553 2.7100, -2.6537 3.9192 2.7100, -2.6737 3.8658 2.7100, -2.6737 3.8658 2.7100, -2.6959 3.6311 2.7100, -2.6345 3.6307 2.7100, -2.6345 3.6307 2.7100, -2.5747 3.6311 2.7100, -2.5957 3.8660 2.7100, -2.5957 3.8660 2.7100, -2.6280 3.9553 2.7100, -2.6397 3.9553 2.7100, -2.6397 3.9553 2.7100, -2.6737 3.8658 2.7100, -2.6345 3.6307 2.7100, -2.6345 3.6307 2.7100, -2.5957 3.8660 2.7100, -2.6397 3.9553 2.7100, 1.8602 3.9787 2.7100, 1.8527 3.9756 2.7100, 1.8442 3.9718 2.7100, 1.8442 3.9718 2.7100, 1.8196 3.9562 2.7100, 1.7986 3.9348 2.7100, 1.7986 3.9348 2.7100, 1.7810 3.9072 2.7100, 1.7668 3.8732 2.7100, 1.7668 3.8732 2.7100, 1.7560 3.8326 2.7100, 1.7484 3.7851 2.7100, 1.7484 3.7851 2.7100, 1.7440 3.7304 2.7100, 1.7427 3.6682 2.7100, 1.7427 3.6682 2.7100, 1.7438 3.6190 2.7100, 1.7471 3.5748 2.7100, 1.7471 3.5748 2.7100, 1.7527 3.5353 2.7100, 1.7606 3.5006 2.7100, 1.7606 3.5006 2.7100, 1.7707 3.4703 2.7100, 1.7832 3.4443 2.7100, 1.7832 3.4443 2.7100, 1.7981 3.4224 2.7100, 1.8153 3.4045 2.7100, 1.8153 3.4045 2.7100, 1.8421 3.3868 2.7100, 1.8711 3.3768 2.7100, 1.8711 3.3768 2.7100, 1.9011 3.3742 2.7100, 1.9310 3.3787 2.7100, 1.9310 3.3787 2.7100, 1.9596 3.3900 2.7100, 1.9858 3.4077 2.7100, 1.9858 3.4077 2.7100, 2.0085 3.4316 2.7100, 2.0266 3.4613 2.7100, 2.0266 3.4613 2.7100, 2.0395 3.4979 2.7100, 2.0493 3.5437 2.7100, 2.0493 3.5437 2.7100, 2.0558 3.5962 2.7100, 2.0590 3.6528 2.7100, 2.0590 3.6528 2.7100, 2.0588 3.7110 2.7100, 2.0551 3.7683 2.7100, 2.0551 3.7683 2.7100, 2.0478 3.8220 2.7100, 2.0369 3.8697 2.7100, 2.0369 3.8697 2.7100, 2.0278 3.8973 2.7100, 2.0174 3.9205 2.7100, 2.0174 3.9205 2.7100, 2.0054 3.9397 2.7100, 1.9916 3.9549 2.7100, 1.9916 3.9549 2.7100, 1.9755 3.9667 2.7100, 1.9570 3.9751 2.7100, 1.9570 3.9751 2.7100, 1.9357 3.9806 2.7100, 1.9114 3.9833 2.7100, 1.9114 3.9833 2.7100, 1.9001 3.9837 2.7100, 1.8904 3.9838 2.7100, 1.8904 3.9838 2.7100, 1.8821 3.9834 2.7100, 1.8745 3.9824 2.7100, 1.8745 3.9824 2.7100, 1.8674 3.9809 2.7100, 1.8602 3.9787 2.7100, 1.8602 3.9787 2.7100, 1.8442 3.9718 2.7100, 1.7986 3.9348 2.7100, 1.7986 3.9348 2.7100, 1.7668 3.8732 2.7100, 1.7484 3.7851 2.7100, 1.7484 3.7851 2.7100, 1.7427 3.6682 2.7100, 1.7471 3.5748 2.7100, 1.7471 3.5748 2.7100, 1.7606 3.5006 2.7100, 1.7832 3.4443 2.7100, 1.7832 3.4443 2.7100, 1.8153 3.4045 2.7100, 1.8711 3.3768 2.7100, 1.8711 3.3768 2.7100, 1.9310 3.3787 2.7100, 1.9858 3.4077 2.7100, 1.9858 3.4077 2.7100, 2.0266 3.4613 2.7100, 2.0493 3.5437 2.7100, 2.0493 3.5437 2.7100, 2.0590 3.6528 2.7100, 2.0551 3.7683 2.7100, 2.0551 3.7683 2.7100, 2.0369 3.8697 2.7100, 2.0174 3.9205 2.7100, 2.0174 3.9205 2.7100, 1.9916 3.9549 2.7100, 1.9570 3.9751 2.7100, 1.9570 3.9751 2.7100, 1.9114 3.9833 2.7100, 1.8904 3.9838 2.7100, 1.8904 3.9838 2.7100, 1.8745 3.9824 2.7100, 1.8602 3.9787 2.7100, 1.8602 3.9787 2.7100, 1.7986 3.9348 2.7100, 1.7484 3.7851 2.7100, 1.7484 3.7851 2.7100, 1.7471 3.5748 2.7100, 1.7832 3.4443 2.7100, 1.7832 3.4443 2.7100, 1.8711 3.3768 2.7100, 1.9858 3.4077 2.7100, 1.9858 3.4077 2.7100, 2.0493 3.5437 2.7100, 2.0551 3.7683 2.7100, 2.0551 3.7683 2.7100, 2.0174 3.9205 2.7100, 1.9570 3.9751 2.7100, 1.9570 3.9751 2.7100, 1.8904 3.9838 2.7100, 1.8602 3.9787 2.7100, 1.8602 3.9787 2.7100, 1.7484 3.7851 2.7100, 1.7832 3.4443 2.7100, 1.7832 3.4443 2.7100, 1.9858 3.4077 2.7100, 2.0551 3.7683 2.7100, 2.0551 3.7683 2.7100, 1.9570 3.9751 2.7100, 1.8602 3.9787 2.7100, 1.8602 3.9787 2.7100, 1.7832 3.4443 2.7100, 2.0551 3.7683 2.7100, 2.1630 3.6794 2.7100, 2.2579 3.7025 2.7100, 2.2589 3.7357 2.7100, 2.8379 3.8692 2.7100, 2.8194 3.9123 2.7100, 2.7956 3.9485 2.7100, 2.7956 3.9485 2.7100, 2.7669 3.9778 2.7100, 2.7334 3.9999 2.7100, 2.7334 3.9999 2.7100, 2.6955 4.0148 2.7100, 2.6534 4.0222 2.7100, 2.6534 4.0222 2.7100, 2.6074 4.0222 2.7100, 2.5578 4.0144 2.7100, 2.5578 4.0144 2.7100, 2.5264 4.0049 2.7100, 2.4974 3.9913 2.7100, 2.4974 3.9913 2.7100, 2.4710 3.9737 2.7100, 2.4472 3.9521 2.7100, 2.4472 3.9521 2.7100, 2.4261 3.9268 2.7100, 2.4078 3.8978 2.7100, 2.4078 3.8978 2.7100, 2.3926 3.8653 2.7100, 2.3803 3.8293 2.7100, 2.3803 3.8293 2.7100, 2.3757 3.8073 2.7100, 2.3721 3.7791 2.7100, 2.3721 3.7791 2.7100, 2.3696 3.7468 2.7100, 2.3681 3.7122 2.7100, 2.3681 3.7122 2.7100, 2.3678 3.6774 2.7100, 2.3688 3.6444 2.7100, 2.3688 3.6444 2.7100, 2.3709 3.6152 2.7100, 2.3743 3.5918 2.7100, 2.3743 3.5918 2.7100, 2.3795 3.5715 2.7100, 2.3861 3.5510 2.7100, 2.3861 3.5510 2.7100, 2.3940 3.5306 2.7100, 2.4031 3.5109 2.7100, 2.4031 3.5109 2.7100, 2.4132 3.4921 2.7100, 2.4241 3.4747 2.7100, 2.4241 3.4747 2.7100, 2.4356 3.4590 2.7100, 2.4475 3.4455 2.7100, 2.4475 3.4455 2.7100, 2.4805 3.4186 2.7100, 2.5189 3.3987 2.7100, 2.5189 3.3987 2.7100, 2.5609 3.3859 2.7100, 2.6048 3.3802 2.7100, 2.6048 3.3802 2.7100, 2.6488 3.3817 2.7100, 2.6913 3.3906 2.7100, 2.6913 3.3906 2.7100, 2.7303 3.4069 2.7100, 2.7641 3.4308 2.7100, 2.7641 3.4308 2.7100, 2.7756 3.4422 2.7100, 2.7868 3.4558 2.7100, 2.7868 3.4558 2.7100, 2.7977 3.4712 2.7100, 2.8080 3.4881 2.7100, 2.8080 3.4881 2.7100, 2.8175 3.5061 2.7100, 2.8260 3.5249 2.7100, 2.8260 3.5249 2.7100, 2.8334 3.5441 2.7100, 2.8395 3.5634 2.7100, 2.2581 3.6701 2.7100, 2.2579 3.7025 2.7100, 2.1630 3.6794 2.7100, 1.6379 3.6224 2.7100, 1.6364 3.6809 2.7100, 1.3840 3.3079 2.7100, 1.2803 3.5782 2.7100, 1.2803 3.8484 2.7100, 1.1902 3.8484 2.7100, 1.1902 3.8484 2.7100, 1.1001 3.8484 2.7100, 0.8427 3.7127 2.7100, 0.5831 3.3079 2.7100, 0.4559 3.6590 2.7100, 0.4300 3.7302 2.7100, 0.3824 3.8618 2.7100, 0.3617 3.9190 2.7100, 0.3439 3.9682 2.7100, 0.3439 3.9682 2.7100, 0.3295 4.0078 2.7100, 0.3191 4.0363 2.7100, 0.2981 4.0941 2.7100, -1.5150 4.0941 2.7100, -1.2437 4.0930 2.7100, -0.9685 3.9958 2.7100, -1.4058 3.9958 2.7100, -1.4058 3.7556 2.7100, -1.0237 3.6628 2.7100, -1.4058 3.6628 2.7100, -1.4069 3.4843 2.7100, -0.6831 3.6400 2.7100, -0.6633 3.6519 2.7100, -0.6152 3.6811 2.7100, -0.6152 3.6811 2.7100, -0.5764 3.7070 2.7100, -0.5459 3.7303 2.7100, -0.5459 3.7303 2.7100, -0.5230 3.7522 2.7100, -0.5066 3.7735 2.7100, -0.5066 3.7735 2.7100, -0.4960 3.7951 2.7100, -0.4903 3.8182 2.7100, -0.4903 3.8182 2.7100, -0.4886 3.8435 2.7100, -0.4890 3.8604 2.7100, -0.4890 3.8604 2.7100, -0.4902 3.8752 2.7100, -0.4924 3.8884 2.7100, -0.4924 3.8884 2.7100, -0.4956 3.9003 2.7100, -0.5000 3.9114 2.7100, -0.5000 3.9114 2.7100, -0.5057 3.9219 2.7100, -0.5128 3.9323 2.7100, -0.5128 3.9323 2.7100, -0.5214 3.9429 2.7100, -0.5324 3.9542 2.7100, -0.5324 3.9542 2.7100, -0.5439 3.9637 2.7100, -0.5561 3.9714 2.7100, -0.5561 3.9714 2.7100, -0.5693 3.9775 2.7100, -0.5836 3.9820 2.7100, -0.5836 3.9820 2.7100, -0.5994 3.9850 2.7100, -0.6168 3.9867 2.7100, -0.6168 3.9867 2.7100, -0.6360 3.9871 2.7100, -0.6631 3.9854 2.7100, -0.6631 3.9854 2.7100, -0.6873 3.9807 2.7100, -0.7089 3.9729 2.7100, -0.7089 3.9729 2.7100, -0.7278 3.9620 2.7100, -0.7441 3.9479 2.7100, -0.7441 3.9479 2.7100, -0.7580 3.9306 2.7100, -0.7694 3.9100 2.7100, -0.7694 3.9100 2.7100, -0.7785 3.8861 2.7100, -0.7807 3.8788 2.7100, -0.7807 3.8788 2.7100, -0.7827 3.8711 2.7100, -0.7844 3.8632 2.7100, -0.7844 3.8632 2.7100, -0.7860 3.8554 2.7100, -0.7872 3.8478 2.7100, -0.7872 3.8478 2.7100, -0.7881 3.8406 2.7100, -0.7887 3.8342 2.7100, -0.7887 3.8342 2.7100, -0.7889 3.8288 2.7100, -0.7889 3.8047 2.7100, -0.5692 3.6040 2.7100, -0.6005 3.5864 2.7100, -0.6332 3.5676 2.7100, -0.6332 3.5676 2.7100, -0.6608 3.5514 2.7100, -0.6839 3.5371 2.7100, -0.6839 3.5371 2.7100, -0.7032 3.5243 2.7100, -0.7193 3.5127 2.7100, -0.7193 3.5127 2.7100, -0.7329 3.5017 2.7100, -0.7446 3.4909 2.7100, -0.7446 3.4909 2.7100, -0.7551 3.4799 2.7100, -0.7621 3.4711 2.7100, -0.7621 3.4711 2.7100, -0.7696 3.4607 2.7100, -0.7771 3.4493 2.7100, -0.7771 3.4493 2.7100, -0.7842 3.4378 2.7100, -0.7904 3.4267 2.7100, -0.7904 3.4267 2.7100, -0.7954 3.4169 2.7100, -0.7986 3.4089 2.7100, -0.7986 3.4089 2.7100, -0.7998 3.4035 2.7100, -0.7956 3.4029 2.7100, -0.7956 3.4029 2.7100, -0.7834 3.4023 2.7100, -0.7643 3.4019 2.7100, -0.7643 3.4019 2.7100, -0.7389 3.4015 2.7100, -0.7081 3.4012 2.7100, -0.7081 3.4012 2.7100, -0.6729 3.4009 2.7100, -0.6340 3.4008 2.7100, -0.6340 3.4008 2.7100, -0.5924 3.4007 2.7100, -0.3849 3.4007 2.7100, -0.3849 3.4007 2.7100, -0.3849 3.3079 2.7100, -0.3030 3.3079 2.7100, -0.0771 3.6400 2.7100, -0.0573 3.6519 2.7100, -0.0092 3.6811 2.7100, -0.0092 3.6811 2.7100, 0.0296 3.7070 2.7100, 0.0601 3.7303 2.7100, 0.0601 3.7303 2.7100, 0.0831 3.7522 2.7100, 0.0994 3.7735 2.7100, 0.0994 3.7735 2.7100, 0.1100 3.7951 2.7100, 0.1157 3.8182 2.7100, 0.1157 3.8182 2.7100, 0.1174 3.8435 2.7100, 0.1170 3.8604 2.7100, 0.1170 3.8604 2.7100, 0.1158 3.8752 2.7100, 0.1136 3.8884 2.7100, 0.1136 3.8884 2.7100, 0.1104 3.9003 2.7100, 0.1060 3.9114 2.7100, 0.1060 3.9114 2.7100, 0.1003 3.9219 2.7100, 0.0932 3.9323 2.7100, 0.0932 3.9323 2.7100, 0.0846 3.9429 2.7100, 0.0736 3.9542 2.7100, 0.0736 3.9542 2.7100, 0.0621 3.9637 2.7100, 0.0499 3.9714 2.7100, 0.0499 3.9714 2.7100, 0.0367 3.9775 2.7100, 0.0224 3.9820 2.7100, 0.0224 3.9820 2.7100, 0.0066 3.9850 2.7100, -0.0108 3.9867 2.7100, -0.0108 3.9867 2.7100, -0.0300 3.9871 2.7100, -0.0571 3.9854 2.7100, -0.0571 3.9854 2.7100, -0.0813 3.9807 2.7100, -0.1028 3.9729 2.7100, -0.1028 3.9729 2.7100, -0.1217 3.9620 2.7100, -0.1381 3.9479 2.7100, -0.1381 3.9479 2.7100, -0.1519 3.9306 2.7100, -0.1634 3.9100 2.7100, -0.1634 3.9100 2.7100, -0.1725 3.8861 2.7100, -0.1747 3.8788 2.7100, -0.1747 3.8788 2.7100, -0.1767 3.8711 2.7100, -0.1784 3.8632 2.7100, -0.1784 3.8632 2.7100, -0.1800 3.8554 2.7100, -0.1812 3.8478 2.7100, -0.1812 3.8478 2.7100, -0.1821 3.8406 2.7100, -0.1827 3.8342 2.7100, -0.1827 3.8342 2.7100, -0.1829 3.8288 2.7100, -0.1829 3.8047 2.7100, 0.0368 3.6040 2.7100, 0.0055 3.5864 2.7100, -0.0272 3.5676 2.7100, -0.0272 3.5676 2.7100, -0.0548 3.5514 2.7100, -0.0779 3.5371 2.7100, -0.0779 3.5371 2.7100, -0.0972 3.5243 2.7100, -0.1133 3.5127 2.7100, -0.1133 3.5127 2.7100, -0.1269 3.5017 2.7100, -0.1386 3.4909 2.7100, -0.1386 3.4909 2.7100, -0.1490 3.4799 2.7100, -0.1561 3.4711 2.7100, -0.1561 3.4711 2.7100, -0.1636 3.4607 2.7100, -0.1711 3.4493 2.7100, -0.1711 3.4493 2.7100, -0.1782 3.4378 2.7100, -0.1844 3.4267 2.7100, -0.1844 3.4267 2.7100, -0.1894 3.4169 2.7100, -0.1926 3.4089 2.7100, -0.1926 3.4089 2.7100, -0.1938 3.4035 2.7100, -0.1896 3.4029 2.7100, -0.1896 3.4029 2.7100, -0.1774 3.4023 2.7100, -0.1583 3.4019 2.7100, -0.1583 3.4019 2.7100, -0.1329 3.4015 2.7100, -0.1021 3.4012 2.7100, -0.1021 3.4012 2.7100, -0.0669 3.4009 2.7100, -0.0280 3.4008 2.7100, -0.0280 3.4008 2.7100, 0.0136 3.4007 2.7100, 0.2211 3.4007 2.7100, 0.2211 3.3079 2.7100, -0.9090 3.3079 2.7100, -1.4086 3.3052 2.7100, -1.5139 3.6999 2.7100, -1.5150 4.0941 2.7100, -1.6187 4.0941 2.7100, -1.6187 4.0013 2.7100, -1.8863 4.0013 2.7100, -1.8863 3.3079 2.7100, -1.9900 3.3079 2.7100, -1.9900 4.0013 2.7100, -2.2575 4.0013 2.7100, -2.2575 4.0013 2.7100, -2.5559 4.0568 2.7100, -2.5309 3.9877 2.7100, -2.5309 3.9877 2.7100, -2.4953 3.8892 2.7100, -2.4532 3.7731 2.7100, -2.4409 3.4253 2.7100, -2.4797 3.5399 2.7100, -2.6353 3.5416 2.7100, -2.6353 3.5416 2.7100, -2.7909 3.5427 2.7100, -2.8078 3.4952 2.7100, -2.8330 3.4247 2.7100, -2.8388 3.4085 2.7100, -2.8445 3.3927 2.7100, -3.0000 4.1487 2.7100, -3.0000 3.0513 2.7100, -2.9818 3.3144 2.7100, -2.9809 3.3172 2.7100, -2.9773 3.3267 2.7100, -2.9685 3.3501 2.7100, -2.9685 3.3501 2.7100, -2.9550 3.3859 2.7100, -2.9376 3.4325 2.7100, -2.9376 3.4325 2.7100, -2.9166 3.4883 2.7100, -2.8928 3.5517 2.7100, -2.8928 3.5517 2.7100, -2.8667 3.6214 2.7100, -2.8389 3.6955 2.7100, -2.7080 4.0442 2.7100, -2.6988 4.0687 2.7100, -2.6948 4.0793 2.7100, -2.5660 4.0848 2.7100, -2.5559 4.0568 2.7100, -2.2575 4.0013 2.7100, 0.5274 3.7600 2.7100, 0.6399 3.4258 2.7100, 0.8626 4.0941 2.7100, 0.8933 3.8523 2.7100, 0.8427 3.7127 2.7100, 1.1001 3.8484 2.7100, 1.1001 3.9232 2.7100, 1.1509 3.9314 2.7100, 1.1760 3.9359 2.7100, 1.1760 3.9359 2.7100, 1.1978 3.9410 2.7100, 1.2167 3.9467 2.7100, 1.2167 3.9467 2.7100, 1.2328 3.9532 2.7100, 1.2465 3.9607 2.7100, 1.2465 3.9607 2.7100, 1.2581 3.9692 2.7100, 1.2678 3.9788 2.7100, 1.2678 3.9788 2.7100, 1.2759 3.9898 2.7100, 1.2792 3.9954 2.7100, 1.2792 3.9954 2.7100, 1.2827 4.0018 2.7100, 1.2862 4.0087 2.7100, 1.2862 4.0087 2.7100, 1.2895 4.0160 2.7100, 1.2927 4.0234 2.7100, 1.2927 4.0234 2.7100, 1.2955 4.0307 2.7100, 1.2980 4.0375 2.7100, 1.2980 4.0375 2.7100, 1.2999 4.0439 2.7100, 1.3081 4.0722 2.7100, 2.1630 3.7083 2.7100, 2.1630 3.6794 2.7100, 2.2589 3.7357 2.7100, 2.8393 3.8662 2.7100, 2.8379 3.8692 2.7100, 2.7956 3.9485 2.7100, 2.7956 3.9485 2.7100, 2.7334 3.9999 2.7100, 2.6534 4.0222 2.7100, 2.6534 4.0222 2.7100, 2.5578 4.0144 2.7100, 2.4974 3.9913 2.7100, 2.4974 3.9913 2.7100, 2.4472 3.9521 2.7100, 2.4078 3.8978 2.7100, 2.4078 3.8978 2.7100, 2.3803 3.8293 2.7100, 2.3721 3.7791 2.7100, 2.3721 3.7791 2.7100, 2.3681 3.7122 2.7100, 2.3688 3.6444 2.7100, 2.3688 3.6444 2.7100, 2.3743 3.5918 2.7100, 2.3861 3.5510 2.7100, 2.3861 3.5510 2.7100, 2.4031 3.5109 2.7100, 2.4241 3.4747 2.7100, 2.4241 3.4747 2.7100, 2.4475 3.4455 2.7100, 2.5189 3.3987 2.7100, 2.5189 3.3987 2.7100, 2.6048 3.3802 2.7100, 2.6913 3.3906 2.7100, 2.6913 3.3906 2.7100, 2.7641 3.4308 2.7100, 2.7868 3.4558 2.7100, 2.7868 3.4558 2.7100, 2.8080 3.4881 2.7100, 2.8260 3.5249 2.7100, 2.8260 3.5249 2.7100, 2.8395 3.5634 2.7100, 2.8488 3.5973 2.7100, 2.2596 3.6399 2.7100, 2.2581 3.6701 2.7100, 2.1630 3.6794 2.7100, 1.6438 3.5662 2.7100, 1.6379 3.6224 2.7100, 1.3840 3.3079 2.7100, 1.2803 3.3079 2.7100, 1.2803 3.5782 2.7100, 1.1902 3.8484 2.7100, 1.1902 3.8484 2.7100, 0.8427 3.7127 2.7100, 0.7916 3.5722 2.7100, 0.4054 3.7984 2.7100, 0.3824 3.8618 2.7100, 0.3439 3.9682 2.7100, 0.3439 3.9682 2.7100, 0.3191 4.0363 2.7100, 0.3134 4.0520 2.7100, 0.2981 4.0941 2.7100, -1.2437 4.0930 2.7100, -0.9718 4.0914 2.7100, -0.9685 3.9958 2.7100, -1.4058 3.7556 2.7100, -1.0237 3.7556 2.7100, -0.6831 3.6400 2.7100, -0.6152 3.6811 2.7100, -0.5459 3.7303 2.7100, -0.5459 3.7303 2.7100, -0.5066 3.7735 2.7100, -0.4903 3.8182 2.7100, -0.4903 3.8182 2.7100, -0.4890 3.8604 2.7100, -0.4924 3.8884 2.7100, -0.4924 3.8884 2.7100, -0.5000 3.9114 2.7100, -0.5128 3.9323 2.7100, -0.5128 3.9323 2.7100, -0.5324 3.9542 2.7100, -0.5561 3.9714 2.7100, -0.5561 3.9714 2.7100, -0.5836 3.9820 2.7100, -0.6168 3.9867 2.7100, -0.6168 3.9867 2.7100, -0.6631 3.9854 2.7100, -0.7089 3.9729 2.7100, -0.7089 3.9729 2.7100, -0.7441 3.9479 2.7100, -0.7694 3.9100 2.7100, -0.7694 3.9100 2.7100, -0.7807 3.8788 2.7100, -0.7844 3.8632 2.7100, -0.7844 3.8632 2.7100, -0.7872 3.8478 2.7100, -0.7887 3.8342 2.7100, -0.5692 3.6040 2.7100, -0.6332 3.5676 2.7100, -0.6839 3.5371 2.7100, -0.6839 3.5371 2.7100, -0.7193 3.5127 2.7100, -0.7446 3.4909 2.7100, -0.7446 3.4909 2.7100, -0.7621 3.4711 2.7100, -0.7771 3.4493 2.7100, -0.7771 3.4493 2.7100, -0.7904 3.4267 2.7100, -0.7986 3.4089 2.7100, -0.7986 3.4089 2.7100, -0.7956 3.4029 2.7100, -0.7643 3.4019 2.7100, -0.7643 3.4019 2.7100, -0.7081 3.4012 2.7100, -0.6340 3.4008 2.7100, -0.3849 3.4007 2.7100, -0.3030 3.3079 2.7100, -0.2997 3.3314 2.7100, -0.0771 3.6400 2.7100, -0.0092 3.6811 2.7100, 0.0601 3.7303 2.7100, 0.0601 3.7303 2.7100, 0.0994 3.7735 2.7100, 0.1157 3.8182 2.7100, 0.1157 3.8182 2.7100, 0.1170 3.8604 2.7100, 0.1136 3.8884 2.7100, 0.1136 3.8884 2.7100, 0.1060 3.9114 2.7100, 0.0932 3.9323 2.7100, 0.0932 3.9323 2.7100, 0.0736 3.9542 2.7100, 0.0499 3.9714 2.7100, 0.0499 3.9714 2.7100, 0.0224 3.9820 2.7100, -0.0108 3.9867 2.7100, -0.0108 3.9867 2.7100, -0.0571 3.9854 2.7100, -0.1028 3.9729 2.7100, -0.1028 3.9729 2.7100, -0.1381 3.9479 2.7100, -0.1634 3.9100 2.7100, -0.1634 3.9100 2.7100, -0.1747 3.8788 2.7100, -0.1784 3.8632 2.7100, -0.1784 3.8632 2.7100, -0.1812 3.8478 2.7100, -0.1827 3.8342 2.7100, 0.0368 3.6040 2.7100, -0.0272 3.5676 2.7100, -0.0779 3.5371 2.7100, -0.0779 3.5371 2.7100, -0.1133 3.5127 2.7100, -0.1386 3.4909 2.7100, -0.1386 3.4909 2.7100, -0.1561 3.4711 2.7100, -0.1711 3.4493 2.7100, -0.1711 3.4493 2.7100, -0.1844 3.4267 2.7100, -0.1926 3.4089 2.7100, -0.1926 3.4089 2.7100, -0.1896 3.4029 2.7100, -0.1583 3.4019 2.7100, -0.1583 3.4019 2.7100, -0.1021 3.4012 2.7100, -0.0280 3.4008 2.7100, -1.5123 3.3052 2.7100, -1.5139 3.6999 2.7100, -1.6187 4.0941 2.7100, -1.9900 3.3079 2.7100, -2.2575 4.0013 2.7100, -2.5309 3.9877 2.7100, -2.5309 3.9877 2.7100, -2.4532 3.7731 2.7100, -2.4091 3.6510 2.7100, -2.4022 3.3106 2.7100, -2.4409 3.4253 2.7100, -2.6353 3.5416 2.7100, -2.6353 3.5416 2.7100, -2.8078 3.4952 2.7100, -2.8117 3.4840 2.7100, -2.8272 3.4408 2.7100, -2.8330 3.4247 2.7100, -2.8445 3.3927 2.7100, -2.9816 3.3123 2.7100, -2.9818 3.3144 2.7100, -3.0000 3.0513 2.7100, -3.0000 4.1487 2.7100, -2.9818 3.3144 2.7100, -2.9809 3.3172 2.7100, -2.9809 3.3172 2.7100, -2.9685 3.3501 2.7100, -2.9376 3.4325 2.7100, -2.9376 3.4325 2.7100, -2.8928 3.5517 2.7100, -2.8389 3.6955 2.7100, -2.5675 4.0876 2.7100, -2.5660 4.0848 2.7100, -2.2575 4.0013 2.7100, 0.4149 4.0941 2.7100, 0.5274 3.7600 2.7100, 0.8626 4.0941 2.7100, 0.9373 3.9735 2.7100, 0.8933 3.8523 2.7100, 1.1001 3.8484 2.7100, 1.1001 3.9232 2.7100, 1.1760 3.9359 2.7100, 1.2167 3.9467 2.7100, 1.2167 3.9467 2.7100, 1.2465 3.9607 2.7100, 1.2678 3.9788 2.7100, 1.2678 3.9788 2.7100, 1.2792 3.9954 2.7100, 1.2862 4.0087 2.7100, 1.2862 4.0087 2.7100, 1.2927 4.0234 2.7100, 1.2980 4.0375 2.7100, 2.1620 3.7354 2.7100, 2.1630 3.7083 2.7100, 2.2589 3.7357 2.7100, 2.8393 3.8662 2.7100, 2.7956 3.9485 2.7100, 2.6534 4.0222 2.7100, 2.6534 4.0222 2.7100, 2.4974 3.9913 2.7100, 2.4078 3.8978 2.7100, 2.4078 3.8978 2.7100, 2.3721 3.7791 2.7100, 2.3688 3.6444 2.7100, 2.3688 3.6444 2.7100, 2.3861 3.5510 2.7100, 2.4241 3.4747 2.7100, 2.4241 3.4747 2.7100, 2.5189 3.3987 2.7100, 2.6913 3.3906 2.7100, 2.6913 3.3906 2.7100, 2.7868 3.4558 2.7100, 2.8260 3.5249 2.7100, 2.2624 3.6131 2.7100, 2.2596 3.6399 2.7100, 2.1630 3.6794 2.7100, 1.6540 3.5133 2.7100, 1.6438 3.5662 2.7100, 1.3840 3.3079 2.7100, 1.2803 3.3079 2.7100, 1.1902 3.8484 2.7100, 0.7916 3.5722 2.7100, 0.4054 3.7984 2.7100, 0.3439 3.9682 2.7100, 0.3134 4.0520 2.7100, -0.9685 3.9958 2.7100, -1.0237 3.7556 2.7100, -1.0237 3.6628 2.7100, -0.7029 3.6280 2.7100, -0.6831 3.6400 2.7100, -0.5459 3.7303 2.7100, -0.5459 3.7303 2.7100, -0.4903 3.8182 2.7100, -0.4924 3.8884 2.7100, -0.4924 3.8884 2.7100, -0.5128 3.9323 2.7100, -0.5561 3.9714 2.7100, -0.5561 3.9714 2.7100, -0.6168 3.9867 2.7100, -0.7089 3.9729 2.7100, -0.7089 3.9729 2.7100, -0.7694 3.9100 2.7100, -0.7844 3.8632 2.7100, -0.7844 3.8632 2.7100, -0.7887 3.8342 2.7100, -0.7889 3.8047 2.7100, -0.5692 3.6040 2.7100, -0.6839 3.5371 2.7100, -0.7446 3.4909 2.7100, -0.7446 3.4909 2.7100, -0.7771 3.4493 2.7100, -0.7986 3.4089 2.7100, -0.7986 3.4089 2.7100, -0.7643 3.4019 2.7100, -0.6340 3.4008 2.7100, -0.3849 3.4007 2.7100, -0.2997 3.3314 2.7100, -0.2930 3.3740 2.7100, -0.0969 3.6280 2.7100, -0.0771 3.6400 2.7100, 0.0601 3.7303 2.7100, 0.0601 3.7303 2.7100, 0.1157 3.8182 2.7100, 0.1136 3.8884 2.7100, 0.1136 3.8884 2.7100, 0.0932 3.9323 2.7100, 0.0499 3.9714 2.7100, 0.0499 3.9714 2.7100, -0.0108 3.9867 2.7100, -0.1028 3.9729 2.7100, -0.1028 3.9729 2.7100, -0.1634 3.9100 2.7100, -0.1784 3.8632 2.7100, -0.1784 3.8632 2.7100, -0.1827 3.8342 2.7100, -0.1829 3.8047 2.7100, 0.0368 3.6040 2.7100, -0.0779 3.5371 2.7100, -0.1386 3.4909 2.7100, -0.1386 3.4909 2.7100, -0.1711 3.4493 2.7100, -0.1926 3.4089 2.7100, -0.1926 3.4089 2.7100, -0.1583 3.4019 2.7100, -0.0280 3.4008 2.7100, -1.5123 3.3052 2.7100, -1.6187 4.0941 2.7100, -1.6187 4.0013 2.7100, -1.9900 3.3079 2.7100, -2.5309 3.9877 2.7100, -2.4091 3.6510 2.7100, -2.4022 3.3106 2.7100, -2.6353 3.5416 2.7100, -2.8117 3.4840 2.7100, -2.8272 3.4408 2.7100, -2.8445 3.3927 2.7100, -2.8499 3.3778 2.7100, -2.9796 3.3107 2.7100, -2.9816 3.3123 2.7100, -3.0000 3.0513 2.7100, -3.0000 4.1487 2.7100, -2.9809 3.3172 2.7100, -2.9376 3.4325 2.7100, -2.5700 4.0897 2.7100, -2.5675 4.0876 2.7100, -2.2575 4.0013 2.7100, 0.9683 4.0591 2.7100, 0.9373 3.9735 2.7100, 1.1001 3.8484 2.7100, 1.1001 3.9232 2.7100, 1.2167 3.9467 2.7100, 1.2678 3.9788 2.7100, 1.2678 3.9788 2.7100, 1.2862 4.0087 2.7100, 1.2980 4.0375 2.7100, 2.1551 3.8034 2.7100, 2.1620 3.7354 2.7100, 2.2589 3.7357 2.7100, 2.8416 3.8639 2.7100, 2.8393 3.8662 2.7100, 2.6534 4.0222 2.7100, 2.6534 4.0222 2.7100, 2.4078 3.8978 2.7100, 2.3688 3.6444 2.7100, 2.3688 3.6444 2.7100, 2.4241 3.4747 2.7100, 2.6913 3.3906 2.7100, 2.6913 3.3906 2.7100, 2.8260 3.5249 2.7100, 2.8488 3.5973 2.7100, 2.2660 3.5922 2.7100, 2.2624 3.6131 2.7100, 2.1630 3.6794 2.7100, 1.6682 3.4646 2.7100, 1.6540 3.5133 2.7100, 1.3840 3.3079 2.7100, 1.2803 3.3079 2.7100, 0.7916 3.5722 2.7100, 0.7464 3.4479 2.7100, 0.4300 3.7302 2.7100, 0.4054 3.7984 2.7100, 0.3134 4.0520 2.7100, -0.7220 3.6161 2.7100, -0.7029 3.6280 2.7100, -0.5459 3.7303 2.7100, -0.5459 3.7303 2.7100, -0.4924 3.8884 2.7100, -0.5561 3.9714 2.7100, -0.5561 3.9714 2.7100, -0.7089 3.9729 2.7100, -0.7844 3.8632 2.7100, -0.5425 3.6197 2.7100, -0.5692 3.6040 2.7100, -0.7446 3.4909 2.7100, -0.7446 3.4909 2.7100, -0.7986 3.4089 2.7100, -0.6340 3.4008 2.7100, -0.3849 3.4007 2.7100, -0.2930 3.3740 2.7100, -0.2844 3.4121 2.7100, -0.1160 3.6161 2.7100, -0.0969 3.6280 2.7100, 0.0601 3.7303 2.7100, 0.0601 3.7303 2.7100, 0.1136 3.8884 2.7100, 0.0499 3.9714 2.7100, 0.0499 3.9714 2.7100, -0.1028 3.9729 2.7100, -0.1784 3.8632 2.7100, 0.0635 3.6197 2.7100, 0.0368 3.6040 2.7100, -0.1386 3.4909 2.7100, -0.1386 3.4909 2.7100, -0.1926 3.4089 2.7100, -0.0280 3.4008 2.7100, -1.5123 3.3052 2.7100, -1.6187 4.0013 2.7100, -1.8863 3.3079 2.7100, -1.9900 3.3079 2.7100, -2.4091 3.6510 2.7100, -2.3670 3.5346 2.7100, -2.4022 3.3106 2.7100, -2.8117 3.4840 2.7100, -2.8164 3.4709 2.7100, -2.9756 3.3095 2.7100, -2.9796 3.3107 2.7100, -3.0000 3.0513 2.7100, -3.0000 4.1487 2.7100, -2.9376 3.4325 2.7100, -2.8389 3.6955 2.7100, -2.5739 4.0913 2.7100, -2.5700 4.0897 2.7100, -2.2575 4.0013 2.7100, 0.9800 4.0919 2.7100, 0.9683 4.0591 2.7100, 1.1001 3.8484 2.7100, 1.1001 3.9232 2.7100, 1.2678 3.9788 2.7100, 1.2980 4.0375 2.7100, 2.1433 3.8633 2.7100, 2.1551 3.8034 2.7100, 2.2589 3.7357 2.7100, 2.8416 3.8639 2.7100, 2.6534 4.0222 2.7100, 2.3688 3.6444 2.7100, 2.3688 3.6444 2.7100, 2.6913 3.3906 2.7100, 2.8488 3.5973 2.7100, 2.2708 3.5701 2.7100, 2.2660 3.5922 2.7100, 2.1630 3.6794 2.7100, 1.6862 3.4209 2.7100, 1.6682 3.4646 2.7100, 1.3840 3.3079 2.7100, 1.2803 3.3079 2.7100, 0.7464 3.4479 2.7100, 0.7134 3.3572 2.7100, 0.5831 3.3079 2.7100, 0.4300 3.7302 2.7100, 0.3134 4.0520 2.7100, -0.7400 3.6047 2.7100, -0.7220 3.6161 2.7100, -0.5459 3.7303 2.7100, -0.5459 3.7303 2.7100, -0.5561 3.9714 2.7100, -0.7844 3.8632 2.7100, -0.5197 3.6336 2.7100, -0.5425 3.6197 2.7100, -0.7446 3.4909 2.7100, -0.7446 3.4909 2.7100, -0.6340 3.4008 2.7100, -0.3849 3.4007 2.7100, -0.3849 3.4007 2.7100, -0.2844 3.4121 2.7100, -0.2739 3.4462 2.7100, -0.1340 3.6047 2.7100, -0.1160 3.6161 2.7100, 0.0601 3.7303 2.7100, 0.0601 3.7303 2.7100, 0.0499 3.9714 2.7100, -0.1784 3.8632 2.7100, 0.0863 3.6336 2.7100, 0.0635 3.6197 2.7100, -0.1386 3.4909 2.7100, -0.1386 3.4909 2.7100, -0.0280 3.4008 2.7100, 0.2211 3.4007 2.7100, -1.5123 3.3052 2.7100, -1.8863 3.3079 2.7100, -1.9900 3.3079 2.7100, -1.9900 3.3079 2.7100, -2.3670 3.5346 2.7100, -2.3312 3.4359 2.7100, -2.4022 3.3106 2.7100, -2.8164 3.4709 2.7100, -2.8216 3.4564 2.7100, -2.9690 3.3087 2.7100, -2.9756 3.3095 2.7100, -3.0000 3.0513 2.7100, -3.0000 4.1487 2.7100, -2.8389 3.6955 2.7100, -2.8111 3.7698 2.7100, -2.5739 4.0913 2.7100, -2.2575 4.0013 2.7100, -2.2575 4.0941 2.7100, 0.9800 4.0919 2.7100, 1.1001 3.8484 2.7100, 1.1001 3.8855 2.7100, 1.1001 3.9232 2.7100, 1.2980 4.0375 2.7100, 1.3081 4.0722 2.7100, 2.1266 3.9153 2.7100, 2.1433 3.8633 2.7100, 2.2589 3.7357 2.7100, 2.8451 3.8622 2.7100, 2.8416 3.8639 2.7100, 2.3688 3.6444 2.7100, 2.3688 3.6444 2.7100, 2.8488 3.5973 2.7100, 2.9001 3.5973 2.7100, 2.2768 3.5474 2.7100, 2.2708 3.5701 2.7100, 2.1630 3.6794 2.7100, 1.7079 3.3831 2.7100, 1.6862 3.4209 2.7100, 1.3840 3.3079 2.7100, 1.2803 3.3079 2.7100, 0.7134 3.3572 2.7100, 0.6988 3.3172 2.7100, 0.5831 3.3079 2.7100, 0.3134 4.0520 2.7100, 0.2981 4.0941 2.7100, -0.7564 3.5942 2.7100, -0.7400 3.6047 2.7100, -0.5459 3.7303 2.7100, -0.5459 3.7303 2.7100, -0.7844 3.8632 2.7100, -0.7889 3.8047 2.7100, -0.5197 3.6336 2.7100, -0.7446 3.4909 2.7100, -0.3849 3.4007 2.7100, -0.3849 3.4007 2.7100, -0.2739 3.4462 2.7100, -0.2612 3.4766 2.7100, -0.1504 3.5942 2.7100, -0.1340 3.6047 2.7100, 0.0601 3.7303 2.7100, 0.0601 3.7303 2.7100, -0.1784 3.8632 2.7100, -0.1829 3.8047 2.7100, 0.0863 3.6336 2.7100, -0.1386 3.4909 2.7100, 0.2211 3.4007 2.7100, -1.9900 3.3079 2.7100, -2.3312 3.4359 2.7100, -2.3061 3.3663 2.7100, -2.4022 3.3106 2.7100, -2.8216 3.4564 2.7100, -2.8272 3.4408 2.7100, -2.9595 3.3082 2.7100, -2.9690 3.3087 2.7100, -3.0000 3.0513 2.7100, -3.0000 4.1487 2.7100, -2.8111 3.7698 2.7100, -2.7849 3.8397 2.7100, -2.5796 4.0925 2.7100, -2.5739 4.0913 2.7100, -2.2575 4.0941 2.7100, 0.9800 4.0919 2.7100, 1.1001 3.8855 2.7100, 1.1001 3.9232 2.7100, 2.1048 3.9597 2.7100, 2.1266 3.9153 2.7100, 2.2589 3.7357 2.7100, 2.8500 3.8610 2.7100, 2.8451 3.8622 2.7100, 2.3688 3.6444 2.7100, 2.3688 3.6444 2.7100, 2.9001 3.5973 2.7100, 2.9134 3.5972 2.7100, 2.2836 3.5248 2.7100, 2.2768 3.5474 2.7100, 2.1630 3.6794 2.7100, 1.7328 3.3521 2.7100, 1.7079 3.3831 2.7100, 1.3840 3.3079 2.7100, 1.2803 3.3079 2.7100, 0.6988 3.3172 2.7100, 0.6973 3.3144 2.7100, -0.7564 3.5942 2.7100, -0.5459 3.7303 2.7100, -0.7889 3.8047 2.7100, -0.5002 3.6464 2.7100, -0.5197 3.6336 2.7100, -0.3849 3.4007 2.7100, -0.3849 3.4007 2.7100, -0.2612 3.4766 2.7100, -0.2461 3.5039 2.7100, -0.1504 3.5942 2.7100, 0.0601 3.7303 2.7100, -0.1829 3.8047 2.7100, 0.1058 3.6464 2.7100, 0.0863 3.6336 2.7100, 0.2211 3.4007 2.7100, -1.9900 3.3079 2.7100, -2.3061 3.3663 2.7100, -2.2848 3.3074 2.7100, -2.4022 3.3106 2.7100, -2.8272 3.4408 2.7100, -2.8499 3.3778 2.7100, -2.9467 3.3080 2.7100, -2.9595 3.3082 2.7100, -3.0000 3.0513 2.7100, -3.0000 4.1487 2.7100, -2.7849 3.8397 2.7100, -2.7609 3.9037 2.7100, -2.5876 4.0933 2.7100, -2.5796 4.0925 2.7100, -2.2575 4.0941 2.7100, 0.9800 4.0919 2.7100, 1.1001 3.9232 2.7100, 1.3081 4.0722 2.7100, 2.1048 3.9597 2.7100, 2.2589 3.7357 2.7100, 2.2611 3.7682 2.7100, 2.8568 3.8601 2.7100, 2.8500 3.8610 2.7100, 2.3688 3.6444 2.7100, 2.3688 3.6444 2.7100, 2.9134 3.5972 2.7100, 2.9244 3.5969 2.7100, 2.2910 3.5028 2.7100, 2.2836 3.5248 2.7100, 2.1630 3.6794 2.7100, 1.7544 3.3330 2.7100, 1.7328 3.3521 2.7100, 1.3840 3.3079 2.7100, 1.2803 3.3079 2.7100, 0.6973 3.3144 2.7100, 0.6949 3.3123 2.7100, -0.7707 3.5848 2.7100, -0.7564 3.5942 2.7100, -0.7889 3.8047 2.7100, -0.4835 3.6583 2.7100, -0.5002 3.6464 2.7100, -0.3849 3.4007 2.7100, -0.3849 3.4007 2.7100, -0.2461 3.5039 2.7100, -0.2284 3.5284 2.7100, -0.1647 3.5848 2.7100, -0.1504 3.5942 2.7100, -0.1829 3.8047 2.7100, 0.1225 3.6583 2.7100, 0.1058 3.6464 2.7100, 0.2211 3.4007 2.7100, -1.5123 3.3052 2.7100, -1.9900 3.3079 2.7100, -2.2848 3.3074 2.7100, -2.4022 3.3106 2.7100, -2.8499 3.3778 2.7100, -2.8755 3.3079 2.7100, -2.9301 3.3079 2.7100, -2.9467 3.3080 2.7100, -3.0000 3.0513 2.7100, -3.0000 4.1487 2.7100, -2.7609 3.9037 2.7100, -2.7396 3.9601 2.7100, -2.5982 4.0938 2.7100, -2.5876 4.0933 2.7100, -2.2575 4.0941 2.7100, 0.9788 4.0923 2.7100, 0.9800 4.0919 2.7100, 1.3081 4.0722 2.7100, 2.0779 3.9966 2.7100, 2.1048 3.9597 2.7100, 2.2611 3.7682 2.7100, 2.8660 3.8596 2.7100, 2.8568 3.8601 2.7100, 2.3688 3.6444 2.7100, 2.3688 3.6444 2.7100, 2.9244 3.5969 2.7100, 2.9332 3.5965 2.7100, 2.2990 3.4821 2.7100, 2.2910 3.5028 2.7100, 2.1630 3.6794 2.7100, 1.7782 3.3170 2.7100, 1.7544 3.3330 2.7100, 1.3840 3.3079 2.7100, 1.2803 3.3079 2.7100, 0.6949 3.3123 2.7100, 0.6912 3.3107 2.7100, -0.7822 3.5770 2.7100, -0.7707 3.5848 2.7100, -0.7889 3.8047 2.7100, -0.4688 3.6699 2.7100, -0.4835 3.6583 2.7100, -0.3849 3.4007 2.7100, -0.3849 3.4007 2.7100, -0.2284 3.5284 2.7100, -0.2080 3.5506 2.7100, -0.1762 3.5770 2.7100, -0.1647 3.5848 2.7100, -0.1829 3.8047 2.7100, 0.1372 3.6699 2.7100, 0.1225 3.6583 2.7100, 0.2211 3.4007 2.7100, -2.3438 3.3090 2.7100, -2.4022 3.3106 2.7100, -2.8755 3.3079 2.7100, -2.8755 3.3079 2.7100, -2.9301 3.3079 2.7100, -3.0000 3.0513 2.7100, -3.0000 4.1487 2.7100, -2.7396 3.9601 2.7100, -2.7218 4.0075 2.7100, -2.6120 4.0940 2.7100, -2.5982 4.0938 2.7100, -2.2575 4.0941 2.7100, 0.9754 4.0927 2.7100, 0.9788 4.0923 2.7100, 1.3081 4.0722 2.7100, 2.0779 3.9966 2.7100, 2.2611 3.7682 2.7100, 2.2643 3.7987 2.7100, 2.8777 3.8594 2.7100, 2.8660 3.8596 2.7100, 2.3688 3.6444 2.7100, 2.3071 3.4634 2.7100, 2.2990 3.4821 2.7100, 2.1630 3.6794 2.7100, 1.8040 3.3043 2.7100, 1.7782 3.3170 2.7100, 1.3840 3.3079 2.7100, 1.2803 3.3079 2.7100, 0.6912 3.3107 2.7100, 0.6859 3.3095 2.7100, -0.7905 3.5711 2.7100, -0.7822 3.5770 2.7100, -0.7889 3.8047 2.7100, -0.4556 3.6814 2.7100, -0.4688 3.6699 2.7100, -0.3849 3.4007 2.7100, -0.3849 3.4007 2.7100, -0.2080 3.5506 2.7100, -0.1845 3.5711 2.7100, -0.1845 3.5711 2.7100, -0.1762 3.5770 2.7100, -0.1829 3.8047 2.7100, 0.1504 3.6814 2.7100, 0.1372 3.6699 2.7100, 0.2211 3.4007 2.7100, -2.2848 3.3074 2.7100, -2.3438 3.3090 2.7100, -2.8755 3.3079 2.7100, -2.8755 3.3079 2.7100, -3.0000 3.0513 2.7100, 3.0000 3.0513 2.7100, -3.0000 4.1487 2.7100, -2.7218 4.0075 2.7100, -2.7080 4.0442 2.7100, -2.6293 4.0941 2.7100, -2.6120 4.0940 2.7100, -2.2575 4.0941 2.7100, 0.9700 4.0931 2.7100, 0.9754 4.0927 2.7100, 1.3081 4.0722 2.7100, 1.3840 3.6901 2.7100, 1.3840 3.3079 2.7100, 1.6364 3.6809 2.7100, 2.0779 3.9966 2.7100, 2.2643 3.7987 2.7100, 2.2686 3.8259 2.7100, 2.8924 3.8593 2.7100, 2.8777 3.8594 2.7100, 2.3688 3.6444 2.7100, 2.3154 3.4471 2.7100, 2.3071 3.4634 2.7100, 2.1630 3.6794 2.7100, 1.8316 3.2949 2.7100, 1.8040 3.3043 2.7100, 1.3840 3.3079 2.7100, 1.2803 3.3079 2.7100, 0.6859 3.3095 2.7100, 0.6784 3.3087 2.7100, -0.8140 3.5506 2.7100, -0.7905 3.5711 2.7100, -0.7889 3.8047 2.7100, -0.4433 3.6934 2.7100, -0.4556 3.6814 2.7100, -0.3849 3.4007 2.7100, -0.3849 3.4007 2.7100, -0.1845 3.5711 2.7100, -0.1829 3.8047 2.7100, 0.1627 3.6934 2.7100, 0.1504 3.6814 2.7100, 0.2211 3.4007 2.7100, -1.5123 3.3052 2.7100, -2.2848 3.3074 2.7100, -2.8755 3.3079 2.7100, -3.0000 4.1487 2.7100, -2.7080 4.0442 2.7100, -2.6948 4.0793 2.7100, 0.9700 4.0931 2.7100, 1.3081 4.0722 2.7100, 1.3463 4.0722 2.7100, 1.3840 4.0722 2.7100, 1.3840 3.6901 2.7100, 1.6364 3.6809 2.7100, 2.0458 4.0261 2.7100, 2.0779 3.9966 2.7100, 2.2686 3.8259 2.7100, 2.9438 3.8593 2.7100, 2.8924 3.8593 2.7100, 2.3688 3.6444 2.7100, 2.3262 3.4300 2.7100, 2.3154 3.4471 2.7100, 2.1630 3.6794 2.7100, 1.8606 3.2889 2.7100, 1.8316 3.2949 2.7100, 1.3840 3.3079 2.7100, 1.2803 3.3079 2.7100, 0.6784 3.3087 2.7100, 0.6684 3.3082 2.7100, -0.8344 3.5284 2.7100, -0.8140 3.5506 2.7100, -0.7889 3.8047 2.7100, -0.4159 3.7275 2.7100, -0.4433 3.6934 2.7100, -0.3849 3.4007 2.7100, -0.3849 3.4007 2.7100, -0.1829 3.8047 2.7100, -0.2828 3.8047 2.7100, 0.1901 3.7275 2.7100, 0.1627 3.6934 2.7100, 0.2211 3.4007 2.7100, -1.5123 3.3052 2.7100, -2.8755 3.3079 2.7100, 3.0000 3.0513 2.7100, -3.0000 4.1487 2.7100, -2.6948 4.0793 2.7100, -2.6888 4.0941 2.7100, 0.9700 4.0931 2.7100, 1.3463 4.0722 2.7100, 1.3840 4.0722 2.7100, 1.3840 4.0722 2.7100, 1.6364 3.6809 2.7100, 1.6395 3.7409 2.7100, 2.0458 4.0261 2.7100, 2.2686 3.8259 2.7100, 2.2739 3.8484 2.7100, 2.9438 3.8593 2.7100, 2.3688 3.6444 2.7100, 2.9332 3.5965 2.7100, 2.3262 3.4300 2.7100, 2.1630 3.6794 2.7100, 2.1618 3.6494 2.7100, 1.8906 3.2863 2.7100, 1.8606 3.2889 2.7100, 1.3840 3.3079 2.7100, 1.2803 3.3079 2.7100, 0.6684 3.3082 2.7100, 0.6555 3.3080 2.7100, -0.8521 3.5039 2.7100, -0.8344 3.5284 2.7100, -0.7889 3.8047 2.7100, -0.3963 3.7655 2.7100, -0.4159 3.7275 2.7100, -0.3849 3.4007 2.7100, -0.3849 3.4007 2.7100, -0.2828 3.8047 2.7100, -0.2795 3.8446 2.7100, 0.2097 3.7655 2.7100, 0.1901 3.7275 2.7100, 0.2211 3.4007 2.7100, -1.4086 3.3052 2.7100, -1.5123 3.3052 2.7100, 3.0000 3.0513 2.7100, 3.0000 4.1487 2.7100, -3.0000 4.1487 2.7100, -2.6888 4.0941 2.7100, 1.3840 4.0722 2.7100, 1.6395 3.7409 2.7100, 1.6481 3.8065 2.7100, 2.0458 4.0261 2.7100, 2.2739 3.8484 2.7100, 2.2918 3.8991 2.7100, 2.9438 3.8593 2.7100, 2.9332 3.5965 2.7100, 2.9400 3.5958 2.7100, 2.3262 3.4300 2.7100, 2.1618 3.6494 2.7100, 2.1597 3.6190 2.7100, 1.8906 3.2863 2.7100, 1.3840 3.3079 2.7100, 1.3321 3.3079 2.7100, 1.2803 3.3079 2.7100, 0.6555 3.3080 2.7100, 0.6393 3.3079 2.7100, -1.0237 3.6628 2.7100, -1.4069 3.4843 2.7100, -1.4086 3.3052 2.7100, -1.4086 3.3052 2.7100, -0.9090 3.3079 2.7100, -0.9057 3.3314 2.7100, -0.8672 3.4766 2.7100, -0.8521 3.5039 2.7100, -0.7889 3.8047 2.7100, -0.3846 3.8063 2.7100, -0.3963 3.7655 2.7100, -0.3849 3.4007 2.7100, -0.3849 3.4007 2.7100, -0.2795 3.8446 2.7100, -0.2732 3.8892 2.7100, 0.2214 3.8063 2.7100, 0.2097 3.7655 2.7100, 0.2211 3.4007 2.7100, 0.2211 3.3079 2.7100, -1.4086 3.3052 2.7100, 3.0000 3.0513 2.7100, 3.0000 4.1487 2.7100, -2.6888 4.0941 2.7100, -2.6293 4.0941 2.7100, 1.3840 4.0722 2.7100, 1.6481 3.8065 2.7100, 1.6611 3.8650 2.7100, 2.0083 4.0486 2.7100, 2.0458 4.0261 2.7100, 2.2918 3.8991 2.7100, 2.9438 3.8593 2.7100, 2.9400 3.5958 2.7100, 2.9450 3.5948 2.7100, 2.3399 3.4122 2.7100, 2.3262 3.4300 2.7100, 2.1597 3.6190 2.7100, 1.8906 3.2863 2.7100, 1.3321 3.3079 2.7100, 1.2803 3.3079 2.7100, -1.0237 3.6628 2.7100, -1.4086 3.3052 2.7100, -0.9057 3.3314 2.7100, -0.8799 3.4462 2.7100, -0.8672 3.4766 2.7100, -0.7889 3.8047 2.7100, -0.3807 3.8485 2.7100, -0.3846 3.8063 2.7100, -0.3849 3.4007 2.7100, 0.2253 3.8485 2.7100, 0.2214 3.8063 2.7100, 0.2211 3.4007 2.7100, 3.0000 4.1487 2.7100, -2.6293 4.0941 2.7100, -2.2575 4.0941 2.7100, 1.3840 4.0722 2.7100, 1.6611 3.8650 2.7100, 1.6787 3.9163 2.7100, 2.0083 4.0486 2.7100, 2.2918 3.8991 2.7100, 2.3152 3.9454 2.7100, 2.9438 3.8593 2.7100, 2.9450 3.5948 2.7100, 2.9484 3.5936 2.7100, 2.3399 3.4122 2.7100, 2.1597 3.6190 2.7100, 2.1566 3.5889 2.7100, 1.8906 3.2863 2.7100, 1.2803 3.3079 2.7100, 0.6393 3.3079 2.7100, -0.9685 3.9958 2.7100, -1.0237 3.6628 2.7100, -0.9057 3.3314 2.7100, -0.8904 3.4121 2.7100, -0.8799 3.4462 2.7100, -0.7889 3.8047 2.7100, -0.3807 3.8485 2.7100, -0.3849 3.4007 2.7100, -0.2732 3.8892 2.7100, 0.2253 3.8485 2.7100, 0.2211 3.4007 2.7100, 0.2211 3.3079 2.7100, 3.0000 4.1487 2.7100, -2.2575 4.0941 2.7100, 0.4149 4.0941 2.7100, 1.3840 4.0722 2.7100, 1.6787 3.9163 2.7100, 1.7006 3.9603 2.7100, 1.9654 4.0641 2.7100, 2.0083 4.0486 2.7100, 2.3152 3.9454 2.7100, 2.9438 3.8593 2.7100, 2.9484 3.5936 2.7100, 2.9503 3.5920 2.7100, 2.3558 3.3943 2.7100, 2.3399 3.4122 2.7100, 2.1566 3.5889 2.7100, 1.8906 3.2863 2.7100, 0.6393 3.3079 2.7100, 0.5831 3.3079 2.7100, -0.9702 4.0439 2.7100, -0.9685 3.9958 2.7100, -0.9057 3.3314 2.7100, -0.8904 3.4121 2.7100, -0.7889 3.8047 2.7100, -0.8888 3.8047 2.7100, -0.3846 3.8909 2.7100, -0.3807 3.8485 2.7100, -0.2732 3.8892 2.7100, 3.0000 4.1487 2.7100, 0.4149 4.0941 2.7100, 0.8626 4.0941 2.7100, 1.3840 4.0722 2.7100, 1.7006 3.9603 2.7100, 1.7269 3.9971 2.7100, 1.9654 4.0641 2.7100, 2.3152 3.9454 2.7100, 2.3436 3.9869 2.7100, 2.9438 3.8593 2.7100, 2.9503 3.5920 2.7100, 2.9509 3.5902 2.7100, 2.3734 3.3768 2.7100, 2.3558 3.3943 2.7100, 2.1566 3.5889 2.7100, -0.9718 4.0914 2.7100, -0.9702 4.0439 2.7100, -0.9057 3.3314 2.7100, -0.8990 3.3740 2.7100, -0.8904 3.4121 2.7100, -0.8888 3.8047 2.7100, -0.3963 3.9324 2.7100, -0.3846 3.8909 2.7100, -0.2732 3.8892 2.7100, 3.0000 4.1487 2.7100, 0.8626 4.0941 2.7100, 0.9210 4.0941 2.7100, 1.3840 4.0722 2.7100, 1.7269 3.9971 2.7100, 1.7575 4.0266 2.7100, 1.9498 4.0674 2.7100, 1.9654 4.0641 2.7100, 2.3436 3.9869 2.7100, 2.3734 3.3768 2.7100, 2.1566 3.5889 2.7100, 2.1527 3.5598 2.7100, -0.9718 4.0914 2.7100, -0.9057 3.3314 2.7100, -0.8990 3.3740 2.7100, -0.4159 3.9716 2.7100, -0.3963 3.9324 2.7100, -0.2732 3.8892 2.7100, 3.0000 4.1487 2.7100, 0.9210 4.0941 2.7100, 0.9330 4.0940 2.7100, 1.3840 4.0722 2.7100, 1.7575 4.0266 2.7100, 1.7924 4.0488 2.7100, 1.9498 4.0674 2.7100, 2.3436 3.9869 2.7100, 2.3767 4.0232 2.7100, 2.3920 3.3603 2.7100, 2.3734 3.3768 2.7100, 2.1527 3.5598 2.7100, -0.9718 4.0914 2.7100, -0.8990 3.3740 2.7100, -0.8888 3.8047 2.7100, -0.4433 4.0073 2.7100, -0.4159 3.9716 2.7100, -0.2732 3.8892 2.7100, 3.0000 4.1487 2.7100, 0.9330 4.0940 2.7100, 0.9441 4.0939 2.7100, 1.3840 4.0722 2.7100, 1.7924 4.0488 2.7100, 1.8317 4.0635 2.7100, 1.9332 4.0698 2.7100, 1.9498 4.0674 2.7100, 2.3767 4.0232 2.7100, 2.3920 3.3603 2.7100, 2.1527 3.5598 2.7100, 2.1479 3.5323 2.7100, -0.9718 4.0914 2.7100, -0.8888 3.8047 2.7100, -0.8855 3.8446 2.7100, -0.4550 4.0189 2.7100, -0.4433 4.0073 2.7100, -0.2732 3.8892 2.7100, 3.0000 4.1487 2.7100, 0.9441 4.0939 2.7100, 0.9541 4.0937 2.7100, 0.9700 4.0931 2.7100, 1.3840 4.0722 2.7100, 1.8317 4.0635 2.7100, 1.9332 4.0698 2.7100, 2.3767 4.0232 2.7100, 2.4141 4.0541 2.7100, 2.4112 3.3453 2.7100, 2.3920 3.3603 2.7100, 2.1479 3.5323 2.7100, -0.9718 4.0914 2.7100, -0.8855 3.8446 2.7100, -0.8792 3.8892 2.7100, -0.4673 4.0294 2.7100, -0.4550 4.0189 2.7100, -0.2732 3.8892 2.7100, 3.0000 4.1487 2.7100, 0.9541 4.0937 2.7100, 0.9628 4.0934 2.7100, 0.9628 4.0934 2.7100, 0.9700 4.0931 2.7100, 1.8317 4.0635 2.7100, 1.9160 4.0712 2.7100, 1.9332 4.0698 2.7100, 2.4141 4.0541 2.7100, 2.4112 3.3453 2.7100, 2.1479 3.5323 2.7100, 2.1423 3.5072 2.7100, -0.9718 4.0914 2.7100, -0.8792 3.8892 2.7100, -0.8678 3.9295 2.7100, -0.4673 4.0294 2.7100, -0.2732 3.8892 2.7100, -0.2618 3.9295 2.7100, 0.9628 4.0934 2.7100, 1.8317 4.0635 2.7100, 1.8471 4.0669 2.7100, 1.9160 4.0712 2.7100, 2.4141 4.0541 2.7100, 2.4555 4.0792 2.7100, 2.4302 3.3324 2.7100, 2.4112 3.3453 2.7100, 2.1423 3.5072 2.7100, -0.9718 4.0914 2.7100, -0.8678 3.9295 2.7100, -0.8514 3.9654 2.7100, -0.4803 4.0387 2.7100, -0.4673 4.0294 2.7100, -0.2618 3.9295 2.7100, 0.9628 4.0934 2.7100, 1.8471 4.0669 2.7100, 1.8635 4.0694 2.7100, 1.8983 4.0716 2.7100, 1.9160 4.0712 2.7100, 2.4555 4.0792 2.7100, 2.4302 3.3324 2.7100, 2.1423 3.5072 2.7100, 2.1293 3.4646 2.7100, -0.9718 4.0914 2.7100, -0.8514 3.9654 2.7100, -0.8301 3.9967 2.7100, -0.4940 4.0469 2.7100, -0.4803 4.0387 2.7100, -0.2618 3.9295 2.7100, 0.9628 4.0934 2.7100, 1.8635 4.0694 2.7100, 1.8808 4.0710 2.7100, 1.8983 4.0716 2.7100, 2.4555 4.0792 2.7100, 2.5006 4.0981 2.7100, 2.4486 3.3221 2.7100, 2.4302 3.3324 2.7100, 2.1293 3.4646 2.7100, -0.9718 4.0914 2.7100, -0.8301 3.9967 2.7100, -0.8040 4.0232 2.7100, -0.4940 4.0469 2.7100, -0.2618 3.9295 2.7100, -0.2454 3.9654 2.7100, 3.0000 4.1487 2.7100, 0.9628 4.0934 2.7100, 1.8808 4.0710 2.7100, 1.8808 4.0710 2.7100, 1.8983 4.0716 2.7100, 2.5006 4.0981 2.7100, 2.4486 3.3221 2.7100, 2.1293 3.4646 2.7100, 2.1130 3.4261 2.7100, -0.9718 4.0914 2.7100, -0.8040 4.0232 2.7100, -0.7734 4.0447 2.7100, -0.5087 4.0540 2.7100, -0.4940 4.0469 2.7100, -0.2454 3.9654 2.7100, 1.8808 4.0710 2.7100, 2.5006 4.0981 2.7100, 2.5490 4.1105 2.7100, 2.4784 3.3097 2.7100, 2.4486 3.3221 2.7100, 2.1130 3.4261 2.7100, -0.9718 4.0914 2.7100, -0.7734 4.0447 2.7100, -0.7383 4.0611 2.7100, -0.5243 4.0603 2.7100, -0.5087 4.0540 2.7100, -0.2454 3.9654 2.7100, 1.8808 4.0710 2.7100, 2.5490 4.1105 2.7100, 2.5663 4.1126 2.7100, 2.4784 3.3097 2.7100, 2.1130 3.4261 2.7100, 2.0935 3.3920 2.7100, -0.9718 4.0914 2.7100, -0.7383 4.0611 2.7100, -0.6988 4.0722 2.7100, -0.5243 4.0603 2.7100, -0.2454 3.9654 2.7100, -0.2240 3.9967 2.7100, 3.0000 4.1487 2.7100, 1.8808 4.0710 2.7100, 2.5663 4.1126 2.7100, 2.5110 3.2999 2.7100, 2.4784 3.3097 2.7100, 2.0935 3.3920 2.7100, -0.9718 4.0914 2.7100, -0.6988 4.0722 2.7100, -0.6844 4.0745 2.7100, -0.5411 4.0656 2.7100, -0.5243 4.0603 2.7100, -0.2240 3.9967 2.7100, 3.0000 4.1487 2.7100, 2.5663 4.1126 2.7100, 2.5881 4.1136 2.7100, 2.5110 3.2999 2.7100, 2.0935 3.3920 2.7100, 2.0709 3.3624 2.7100, -0.9718 4.0914 2.7100, -0.6844 4.0745 2.7100, -0.6677 4.0761 2.7100, -0.5591 4.0701 2.7100, -0.5411 4.0656 2.7100, -0.2240 3.9967 2.7100, 3.0000 4.1487 2.7100, 2.5881 4.1136 2.7100, 2.6129 4.1137 2.7100, 2.5453 3.2928 2.7100, 2.5110 3.2999 2.7100, 2.0709 3.3624 2.7100, -0.9718 4.0914 2.7100, -0.6677 4.0761 2.7100, -0.6495 4.0768 2.7100, -0.5591 4.0701 2.7100, -0.2240 3.9967 2.7100, -0.1980 4.0232 2.7100, 3.0000 4.1487 2.7100, 2.6129 4.1137 2.7100, 2.6392 4.1129 2.7100, 2.5453 3.2928 2.7100, 2.0709 3.3624 2.7100, 2.0454 3.3374 2.7100, 0.2981 4.0941 2.7100, -0.9718 4.0914 2.7100, -0.6495 4.0768 2.7100, -0.5748 4.0728 2.7100, -0.5591 4.0701 2.7100, -0.1980 4.0232 2.7100, 3.0000 4.1487 2.7100, 2.6392 4.1129 2.7100, 2.6655 4.1113 2.7100, 2.5807 3.2885 2.7100, 2.5453 3.2928 2.7100, 2.0454 3.3374 2.7100, 0.2981 4.0941 2.7100, -0.6495 4.0768 2.7100, -0.6304 4.0769 2.7100, -0.5748 4.0728 2.7100, -0.1980 4.0232 2.7100, -0.1674 4.0447 2.7100, 3.0000 4.1487 2.7100, 2.6655 4.1113 2.7100, 2.6904 4.1089 2.7100, 2.5807 3.2885 2.7100, 2.0454 3.3374 2.7100, 2.0172 3.3172 2.7100, 0.2981 4.0941 2.7100, -0.6304 4.0769 2.7100, -0.6111 4.0762 2.7100, -0.5923 4.0749 2.7100, -0.5748 4.0728 2.7100, -0.1674 4.0447 2.7100, 3.0000 4.1487 2.7100, 2.6904 4.1089 2.7100, 2.7123 4.1059 2.7100, 2.5807 3.2885 2.7100, 2.0172 3.3172 2.7100, 1.9863 3.3021 2.7100, 0.2981 4.0941 2.7100, -0.6111 4.0762 2.7100, -0.5923 4.0749 2.7100, -0.5923 4.0749 2.7100, -0.1674 4.0447 2.7100, -0.1323 4.0611 2.7100, 3.0000 4.1487 2.7100, 2.7123 4.1059 2.7100, 2.7298 4.1023 2.7100, 2.6163 3.2870 2.7100, 2.5807 3.2885 2.7100, 1.9863 3.3021 2.7100, -0.5923 4.0749 2.7100, -0.1323 4.0611 2.7100, -0.0928 4.0722 2.7100, 3.0000 4.1487 2.7100, 2.7298 4.1023 2.7100, 2.7486 4.0968 2.7100, 2.6163 3.2870 2.7100, 1.9863 3.3021 2.7100, 1.9529 3.2921 2.7100, -0.5923 4.0749 2.7100, -0.0928 4.0722 2.7100, -0.0784 4.0745 2.7100, 3.0000 4.1487 2.7100, 2.7486 4.0968 2.7100, 2.7663 4.0904 2.7100, 2.6163 3.2870 2.7100, 1.9529 3.2921 2.7100, 1.9215 3.2874 2.7100, -0.5923 4.0749 2.7100, -0.0784 4.0745 2.7100, -0.0617 4.0761 2.7100, 3.0000 4.1487 2.7100, 2.7663 4.0904 2.7100, 2.7831 4.0830 2.7100, 2.6163 3.2870 2.7100, 1.9215 3.2874 2.7100, 1.8906 3.2863 2.7100, 0.2981 4.0941 2.7100, -0.5923 4.0749 2.7100, -0.0617 4.0761 2.7100, 3.0000 4.1487 2.7100, 2.7831 4.0830 2.7100, 2.7991 4.0746 2.7100, 0.2981 4.0941 2.7100, -0.0617 4.0761 2.7100, -0.0435 4.0768 2.7100, 3.0000 4.1487 2.7100, 2.7991 4.0746 2.7100, 2.8145 4.0650 2.7100, 0.2981 4.0941 2.7100, -0.0435 4.0768 2.7100, -0.0244 4.0769 2.7100, 3.0000 4.1487 2.7100, 2.8145 4.0650 2.7100, 2.8294 4.0541 2.7100, 0.2981 4.0941 2.7100, -0.0244 4.0769 2.7100, -0.0051 4.0762 2.7100, 3.0000 4.1487 2.7100, 2.8294 4.0541 2.7100, 2.8441 4.0418 2.7100, 0.2981 4.0941 2.7100, -0.0051 4.0762 2.7100, 0.0137 4.0749 2.7100, 3.0000 4.1487 2.7100, 2.8441 4.0418 2.7100, 2.8586 4.0280 2.7100, 0.2981 4.0941 2.7100, 0.0137 4.0749 2.7100, 0.0313 4.0728 2.7100, 3.0000 4.1487 2.7100, 2.8586 4.0280 2.7100, 2.8732 4.0125 2.7100, 0.2981 4.0941 2.7100, 0.0313 4.0728 2.7100, 0.0470 4.0701 2.7100, 3.0000 4.1487 2.7100, 2.8732 4.0125 2.7100, 2.8869 3.9955 2.7100, 0.2981 4.0941 2.7100, 0.0470 4.0701 2.7100, 0.0649 4.0656 2.7100, 3.0000 4.1487 2.7100, 2.8869 3.9955 2.7100, 2.8995 3.9776 2.7100, 0.2981 4.0941 2.7100, 0.0649 4.0656 2.7100, 0.0817 4.0603 2.7100, 3.0000 4.1487 2.7100, 2.8995 3.9776 2.7100, 2.9109 3.9590 2.7100, 0.2981 4.0941 2.7100, 0.0817 4.0603 2.7100, 0.0973 4.0540 2.7100, 3.0000 4.1487 2.7100, 2.9109 3.9590 2.7100, 2.9207 3.9402 2.7100, 0.2981 4.0941 2.7100, 0.0973 4.0540 2.7100, 0.1120 4.0469 2.7100, 3.0000 4.1487 2.7100, 2.9207 3.9402 2.7100, 2.9289 3.9214 2.7100, 0.2981 4.0941 2.7100, 0.1120 4.0469 2.7100, 0.1257 4.0387 2.7100, 3.0000 4.1487 2.7100, 2.9289 3.9214 2.7100, 2.9352 3.9031 2.7100, 0.2981 4.0941 2.7100, 0.1257 4.0387 2.7100, 0.1387 4.0294 2.7100, 3.0000 4.1487 2.7100, 2.9352 3.9031 2.7100, 2.9394 3.8855 2.7100, 0.2981 4.0941 2.7100, 0.1387 4.0294 2.7100, 0.1510 4.0189 2.7100, 3.0000 4.1487 2.7100, 2.9394 3.8855 2.7100, 2.9438 3.8593 2.7100, 0.2981 4.0941 2.7100, 0.1510 4.0189 2.7100, 0.1627 4.0073 2.7100, 3.0000 3.0513 2.7100, 3.0000 4.1487 2.7100, 2.9438 3.8593 2.7100, 0.2981 4.0941 2.7100, 0.1627 4.0073 2.7100, 0.1901 3.9716 2.7100, 3.0000 3.0513 2.7100, 2.9438 3.8593 2.7100, 2.9509 3.5902 2.7100, 0.5831 3.3079 2.7100, 0.2981 4.0941 2.7100, 0.1901 3.9716 2.7100, 3.0000 3.0513 2.7100, 2.9509 3.5902 2.7100, 2.9506 3.5877 2.7100, 0.5831 3.3079 2.7100, 0.1901 3.9716 2.7100, 0.2097 3.9324 2.7100, 3.0000 3.0513 2.7100, 2.9506 3.5877 2.7100, 2.9500 3.5839 2.7100, 0.5831 3.3079 2.7100, 0.2097 3.9324 2.7100, 0.2214 3.8909 2.7100, 3.0000 3.0513 2.7100, 2.9500 3.5839 2.7100, 2.9490 3.5787 2.7100, 0.5831 3.3079 2.7100, 0.2214 3.8909 2.7100, 0.2253 3.8485 2.7100, 3.0000 3.0513 2.7100, 2.9490 3.5787 2.7100, 2.9477 3.5725 2.7100, 0.5831 3.3079 2.7100, 0.2253 3.8485 2.7100, 0.2211 3.3079 2.7100, 3.0000 3.0513 2.7100, 2.9477 3.5725 2.7100, 2.9460 3.5654 2.7100, 1.8906 3.2863 2.7100, 0.5831 3.3079 2.7100, 0.2211 3.3079 2.7100, 3.0000 3.0513 2.7100, 2.9460 3.5654 2.7100, 2.9442 3.5575 2.7100, 1.8906 3.2863 2.7100, 0.2211 3.3079 2.7100, 3.0000 3.0513 2.7100, 3.0000 3.0513 2.7100, 2.9442 3.5575 2.7100, 2.9421 3.5492 2.7100, 2.6163 3.2870 2.7100, 1.8906 3.2863 2.7100, 3.0000 3.0513 2.7100, 3.0000 3.0513 2.7100, 2.9421 3.5492 2.7100, 2.9399 3.5405 2.7100, 2.6513 3.2884 2.7100, 2.6163 3.2870 2.7100, 3.0000 3.0513 2.7100, 3.0000 3.0513 2.7100, 2.9399 3.5405 2.7100, 2.9262 3.4978 2.7100, 2.6848 3.2928 2.7100, 2.6513 3.2884 2.7100, 3.0000 3.0513 2.7100, 3.0000 3.0513 2.7100, 2.9262 3.4978 2.7100, 2.9078 3.4580 2.7100, 2.7161 3.3003 2.7100, 2.6848 3.2928 2.7100, 3.0000 3.0513 2.7100, 3.0000 3.0513 2.7100, 2.9078 3.4580 2.7100, 2.8850 3.4215 2.7100, 2.7562 3.3152 2.7100, 2.7161 3.3003 2.7100, 3.0000 3.0513 2.7100, 3.0000 3.0513 2.7100, 2.8850 3.4215 2.7100, 2.8581 3.3886 2.7100, 2.7934 3.3351 2.7100, 2.7562 3.3152 2.7100, 3.0000 3.0513 2.7100, 3.0000 3.0513 2.7100, 2.8581 3.3886 2.7100, 2.8275 3.3597 2.7100, 2.8275 3.3597 2.7100, 2.7934 3.3351 2.7100, 3.0000 3.0513 2.7100, 1.2485 -0.7213 2.7100, 1.5924 -0.2279 2.7100, 1.6612 -0.1281 2.7100, 1.6612 -0.1281 2.7100, 1.7252 -0.0344 2.7100, 1.7830 0.0510 2.7100, 1.7830 0.0510 2.7100, 1.8332 0.1262 2.7100, 1.8743 0.1891 2.7100, 1.8743 0.1891 2.7100, 1.9050 0.2376 2.7100, 1.9239 0.2696 2.7100, 1.9239 0.2696 2.7100, 1.9294 0.2831 2.7100, 1.9221 0.2958 2.7100, 1.9221 0.2958 2.7100, 1.9029 0.3254 2.7100, 1.8731 0.3700 2.7100, 1.8731 0.3700 2.7100, 1.8342 0.4278 2.7100, 1.7874 0.4968 2.7100, 1.7874 0.4968 2.7100, 1.7340 0.5751 2.7100, 1.6753 0.6610 2.7100, 1.6753 0.6610 2.7100, 1.6126 0.7524 2.7100, 1.5500 0.8436 2.7100, 1.6207 1.2202 2.7100, 1.8674 0.8494 2.7100, 2.1155 0.4773 2.7100, 2.6567 0.8423 2.7100, 2.5942 0.7510 2.7100, 2.5315 0.6596 2.7100, 2.5315 0.6596 2.7100, 2.4728 0.5736 2.7100, 2.4193 0.4951 2.7100, 2.4193 0.4951 2.7100, 2.3724 0.4259 2.7100, 2.3333 0.3680 2.7100, 2.3333 0.3680 2.7100, 2.3033 0.3234 2.7100, 2.2838 0.2941 2.7100, 2.2838 0.2941 2.7100, 2.2760 0.2818 2.7100, 2.2785 0.2710 2.7100, 2.2785 0.2710 2.7100, 2.2924 0.2451 2.7100, 2.3215 0.1987 2.7100, 2.3215 0.1987 2.7100, 2.3693 0.1261 2.7100, 2.4395 0.0219 2.7100, 2.4395 0.0219 2.7100, 2.5357 -0.1194 2.7100, 2.6616 -0.3033 2.7100, 2.4431 -0.4490 2.7100, 2.4059 -0.3913 2.7100, 2.3678 -0.3326 2.7100, 2.3678 -0.3326 2.7100, 2.3299 -0.2744 2.7100, 2.2933 -0.2184 2.7100, 2.2029 -0.0797 2.7100, 2.1829 -0.0485 2.7100, 2.0993 0.0782 2.7100, 2.0993 0.0782 2.7100, 1.8324 -0.3209 2.7100, 1.5667 -0.7213 2.7100, 1.4076 -0.7213 2.7100, 1.2485 -0.7213 2.7100, 0.6228 -0.7293 2.7100, -0.4637 -0.1858 2.7100, -0.4652 -0.1524 2.7100, -1.3261 -0.1731 2.7100, -1.3261 -0.1731 2.7100, -1.3466 -0.2386 2.7100, -1.3683 -0.3125 2.7100, -1.3683 -0.3125 2.7100, -1.3901 -0.3910 2.7100, -1.4109 -0.4700 2.7100, -1.4109 -0.4700 2.7100, -1.4296 -0.5455 2.7100, -1.4451 -0.6135 2.7100, -1.4451 -0.6135 2.7100, -1.4562 -0.6701 2.7100, -1.4656 -0.7213 2.7100, -1.0315 0.8022 2.7100, -0.9627 0.8899 2.7100, -1.4818 0.8939 2.7100, -2.5618 -0.0876 2.7100, -2.8921 -0.0876 2.7100, -3.0000 -1.3551 2.7100, -3.0000 0.0000 2.7100, -3.0000 -1.3551 2.7100, -2.8921 -0.0876 2.7100, -2.8921 0.1551 2.7100, -2.0022 0.8966 2.7100, -2.0022 1.0180 2.7100, -0.7107 0.9004 2.7100, -0.7254 0.8845 2.7100, -0.7994 0.7989 2.7100, -0.7994 0.7989 2.7100, -0.8775 0.6944 2.7100, -0.9573 0.5746 2.7100, -0.9573 0.5746 2.7100, -1.0369 0.4434 2.7100, -1.1139 0.3046 2.7100, -1.1139 0.3046 2.7100, -1.1861 0.1619 2.7100, -1.2515 0.0191 2.7100, -1.2515 0.0191 2.7100, -1.3079 -0.1200 2.7100, -1.3261 -0.1731 2.7100, -1.3261 -0.1731 2.7100, -0.4652 -0.1524 2.7100, -0.4652 -0.0876 2.7100, -0.2252 -0.0876 2.7100, -0.2157 -0.1618 2.7100, -0.2134 -0.1782 2.7100, -0.2134 -0.1782 2.7100, -0.2095 -0.1968 2.7100, -0.2042 -0.2169 2.7100, -0.2042 -0.2169 2.7100, -0.1979 -0.2378 2.7100, -0.1906 -0.2589 2.7100, -0.1906 -0.2589 2.7100, -0.1827 -0.2795 2.7100, -0.1744 -0.2991 2.7100, -0.1744 -0.2991 2.7100, -0.1658 -0.3169 2.7100, -0.1330 -0.3717 2.7100, -0.1330 -0.3717 2.7100, -0.0930 -0.4189 2.7100, -0.0456 -0.4585 2.7100, -0.0456 -0.4585 2.7100, 0.0094 -0.4908 2.7100, 0.0723 -0.5157 2.7100, 0.0723 -0.5157 2.7100, 0.1432 -0.5334 2.7100, 0.2224 -0.5439 2.7100, 0.2224 -0.5439 2.7100, 0.3101 -0.5474 2.7100, 0.4305 -0.5412 2.7100, 0.4305 -0.5412 2.7100, 0.5354 -0.5229 2.7100, 0.6244 -0.4929 2.7100, 0.6244 -0.4929 2.7100, 0.6969 -0.4515 2.7100, 0.7524 -0.3992 2.7100, 0.7524 -0.3992 2.7100, 0.7904 -0.3364 2.7100, 0.8103 -0.2634 2.7100, 0.8103 -0.2634 2.7100, 0.8117 -0.1807 2.7100, 0.8018 -0.1195 2.7100, 0.8018 -0.1195 2.7100, 0.7822 -0.0679 2.7100, 0.7493 -0.0240 2.7100, 0.7493 -0.0240 2.7100, 0.6999 0.0143 2.7100, 0.6307 0.0492 2.7100, 0.6307 0.0492 2.7100, 0.5381 0.0827 2.7100, 0.4189 0.1168 2.7100, 0.4189 0.1168 2.7100, 0.2697 0.1537 2.7100, 0.2118 0.1674 2.7100, 0.9376 0.6538 2.7100, 0.8899 0.6539 2.7100, 0.8480 0.6540 2.7100, 0.7621 0.6765 2.7100, 0.7618 0.6876 2.7100, 0.7612 0.6957 2.7100, 0.7612 0.6957 2.7100, 0.7595 0.7062 2.7100, 0.7567 0.7189 2.7100, 0.7567 0.7189 2.7100, 0.7532 0.7331 2.7100, 0.7490 0.7486 2.7100, 0.7490 0.7486 2.7100, 0.7442 0.7646 2.7100, 0.7390 0.7809 2.7100, 0.7390 0.7809 2.7100, 0.7335 0.7969 2.7100, 0.7091 0.8493 2.7100, 0.7091 0.8493 2.7100, 0.6776 0.8955 2.7100, 0.6388 0.9353 2.7100, 0.6388 0.9353 2.7100, 0.5928 0.9689 2.7100, 0.5394 0.9963 2.7100, 0.5394 0.9963 2.7100, 0.4788 1.0174 2.7100, 0.4109 1.0322 2.7100, 0.4109 1.0322 2.7100, 0.3357 1.0409 2.7100, 0.2577 1.0431 2.7100, 0.2577 1.0431 2.7100, 0.1855 1.0387 2.7100, 0.1194 1.0278 2.7100, 0.1194 1.0278 2.7100, 0.0598 1.0104 2.7100, 0.0070 0.9866 2.7100, 0.0070 0.9866 2.7100, -0.0387 0.9565 2.7100, -0.0771 0.9202 2.7100, -0.0771 0.9202 2.7100, -0.1079 0.8778 2.7100, -0.1290 0.8359 2.7100, -0.1290 0.8359 2.7100, -0.1438 0.7937 2.7100, -0.1523 0.7517 2.7100, -0.1523 0.7517 2.7100, -0.1546 0.7106 2.7100, -0.1505 0.6710 2.7100, -0.1505 0.6710 2.7100, -0.1403 0.6335 2.7100, -0.1238 0.5989 2.7100, -0.1238 0.5989 2.7100, -0.1011 0.5676 2.7100, -0.0760 0.5424 2.7100, -0.0760 0.5424 2.7100, -0.0457 0.5203 2.7100, -0.0048 0.4993 2.7100, -0.0048 0.4993 2.7100, 0.0521 0.4778 2.7100, 0.1302 0.4540 2.7100, 0.1302 0.4540 2.7100, 0.2350 0.4260 2.7100, 0.3719 0.3921 2.7100, 0.6733 -0.7110 2.7100, 0.6228 -0.7293 2.7100, 1.2485 -0.7213 2.7100, 1.2485 -0.7213 2.7100, 1.6612 -0.1281 2.7100, 1.7830 0.0510 2.7100, 1.7830 0.0510 2.7100, 1.8743 0.1891 2.7100, 1.9239 0.2696 2.7100, 1.9239 0.2696 2.7100, 1.9221 0.2958 2.7100, 1.8731 0.3700 2.7100, 1.8731 0.3700 2.7100, 1.7874 0.4968 2.7100, 1.6753 0.6610 2.7100, 1.6207 1.2202 2.7100, 2.1155 0.4773 2.7100, 2.3582 0.8481 2.7100, 2.6567 0.8423 2.7100, 2.5315 0.6596 2.7100, 2.4193 0.4951 2.7100, 2.4193 0.4951 2.7100, 2.3333 0.3680 2.7100, 2.2838 0.2941 2.7100, 2.2838 0.2941 2.7100, 2.2785 0.2710 2.7100, 2.3215 0.1987 2.7100, 2.3215 0.1987 2.7100, 2.4395 0.0219 2.7100, 2.6616 -0.3033 2.7100, 2.4431 -0.4490 2.7100, 2.3678 -0.3326 2.7100, 2.2933 -0.2184 2.7100, 2.2287 -0.1195 2.7100, 2.2029 -0.0797 2.7100, 2.0993 0.0782 2.7100, 1.5667 -0.7213 2.7100, 1.4076 -0.7213 2.7100, 0.6228 -0.7293 2.7100, -0.4594 -0.2219 2.7100, -0.4637 -0.1858 2.7100, -1.3261 -0.1731 2.7100, -1.3261 -0.1731 2.7100, -1.3683 -0.3125 2.7100, -1.4109 -0.4700 2.7100, -1.4109 -0.4700 2.7100, -1.4451 -0.6135 2.7100, -1.4656 -0.7213 2.7100, -1.1521 0.6416 2.7100, -1.0315 0.8022 2.7100, -1.4818 0.8939 2.7100, -2.2315 -0.0876 2.7100, -2.5618 -0.0876 2.7100, -3.0000 -1.3551 2.7100, -3.0000 1.3551 2.7100, -3.0000 0.0000 2.7100, -2.8921 -0.0876 2.7100, -2.8921 0.1551 2.7100, -2.0022 1.0180 2.7100, -2.0022 1.1393 2.7100, -0.7107 0.9004 2.7100, -0.7994 0.7989 2.7100, -0.9573 0.5746 2.7100, -0.9573 0.5746 2.7100, -1.1139 0.3046 2.7100, -1.2515 0.0191 2.7100, -1.2515 0.0191 2.7100, -1.3261 -0.1731 2.7100, -0.4652 -0.0876 2.7100, -0.2252 -0.0876 2.7100, -0.2134 -0.1782 2.7100, -0.2042 -0.2169 2.7100, -0.2042 -0.2169 2.7100, -0.1906 -0.2589 2.7100, -0.1744 -0.2991 2.7100, -0.1744 -0.2991 2.7100, -0.1330 -0.3717 2.7100, -0.0456 -0.4585 2.7100, -0.0456 -0.4585 2.7100, 0.0723 -0.5157 2.7100, 0.2224 -0.5439 2.7100, 0.2224 -0.5439 2.7100, 0.4305 -0.5412 2.7100, 0.6244 -0.4929 2.7100, 0.6244 -0.4929 2.7100, 0.7524 -0.3992 2.7100, 0.8103 -0.2634 2.7100, 0.8103 -0.2634 2.7100, 0.8018 -0.1195 2.7100, 0.7493 -0.0240 2.7100, 0.7493 -0.0240 2.7100, 0.6307 0.0492 2.7100, 0.4189 0.1168 2.7100, 0.4189 0.1168 2.7100, 0.2118 0.1674 2.7100, 0.1555 0.1811 2.7100, 0.7621 0.6765 2.7100, 0.7612 0.6957 2.7100, 0.7567 0.7189 2.7100, 0.7567 0.7189 2.7100, 0.7490 0.7486 2.7100, 0.7390 0.7809 2.7100, 0.7390 0.7809 2.7100, 0.7091 0.8493 2.7100, 0.6388 0.9353 2.7100, 0.6388 0.9353 2.7100, 0.5394 0.9963 2.7100, 0.4109 1.0322 2.7100, 0.4109 1.0322 2.7100, 0.2577 1.0431 2.7100, 0.1194 1.0278 2.7100, 0.1194 1.0278 2.7100, 0.0070 0.9866 2.7100, -0.0771 0.9202 2.7100, -0.0771 0.9202 2.7100, -0.1290 0.8359 2.7100, -0.1523 0.7517 2.7100, -0.1523 0.7517 2.7100, -0.1505 0.6710 2.7100, -0.1238 0.5989 2.7100, -0.1238 0.5989 2.7100, -0.0760 0.5424 2.7100, -0.0048 0.4993 2.7100, -0.0048 0.4993 2.7100, 0.1302 0.4540 2.7100, 0.3719 0.3921 2.7100, 0.7232 -0.6901 2.7100, 0.6733 -0.7110 2.7100, 1.2485 -0.7213 2.7100, 1.2485 -0.7213 2.7100, 1.7830 0.0510 2.7100, 1.9239 0.2696 2.7100, 1.9239 0.2696 2.7100, 1.8731 0.3700 2.7100, 1.6753 0.6610 2.7100, 1.6207 1.2202 2.7100, 2.3582 0.8481 2.7100, 2.6022 1.2202 2.7100, 2.6567 0.8423 2.7100, 2.4193 0.4951 2.7100, 2.2838 0.2941 2.7100, 2.2838 0.2941 2.7100, 2.3215 0.1987 2.7100, 2.6616 -0.3033 2.7100, 2.4431 -0.4490 2.7100, 2.2933 -0.2184 2.7100, 2.2592 -0.1662 2.7100, 2.2592 -0.1662 2.7100, 2.2287 -0.1195 2.7100, 2.0993 0.0782 2.7100, 1.5667 -0.7213 2.7100, 0.6228 -0.7293 2.7100, 0.5730 -0.7443 2.7100, -0.4526 -0.2597 2.7100, -0.4594 -0.2219 2.7100, -1.3261 -0.1731 2.7100, -1.3261 -0.1731 2.7100, -1.4109 -0.4700 2.7100, -1.4656 -0.7213 2.7100, -1.2655 0.4689 2.7100, -1.1521 0.6416 2.7100, -1.4818 0.8939 2.7100, -3.0000 1.3551 2.7100, -2.8921 -0.0876 2.7100, -2.8921 0.0337 2.7100, -0.6995 0.9137 2.7100, -0.7107 0.9004 2.7100, -0.9573 0.5746 2.7100, -0.9573 0.5746 2.7100, -1.2515 0.0191 2.7100, -0.4652 -0.0876 2.7100, -0.2252 -0.0876 2.7100, -0.2042 -0.2169 2.7100, -0.1744 -0.2991 2.7100, -0.1744 -0.2991 2.7100, -0.0456 -0.4585 2.7100, 0.2224 -0.5439 2.7100, 0.2224 -0.5439 2.7100, 0.6244 -0.4929 2.7100, 0.8103 -0.2634 2.7100, 0.8103 -0.2634 2.7100, 0.7493 -0.0240 2.7100, 0.4189 0.1168 2.7100, 0.7621 0.6765 2.7100, 0.7567 0.7189 2.7100, 0.7390 0.7809 2.7100, 0.7390 0.7809 2.7100, 0.6388 0.9353 2.7100, 0.4109 1.0322 2.7100, 0.4109 1.0322 2.7100, 0.1194 1.0278 2.7100, -0.0771 0.9202 2.7100, -0.0771 0.9202 2.7100, -0.1523 0.7517 2.7100, -0.1238 0.5989 2.7100, -0.1238 0.5989 2.7100, -0.0048 0.4993 2.7100, 0.3719 0.3921 2.7100, 0.7712 -0.6672 2.7100, 0.7232 -0.6901 2.7100, 1.2485 -0.7213 2.7100, 1.2485 -0.7213 2.7100, 1.9239 0.2696 2.7100, 1.6753 0.6610 2.7100, 2.7151 0.9277 2.7100, 2.6567 0.8423 2.7100, 2.2838 0.2941 2.7100, 2.2838 0.2941 2.7100, 2.6616 -0.3033 2.7100, 2.8207 -0.5353 2.7100, 2.4431 -0.4490 2.7100, 2.2592 -0.1662 2.7100, 2.0993 0.0782 2.7100, 1.5667 -0.7213 2.7100, 0.5730 -0.7443 2.7100, 0.5232 -0.7541 2.7100, -0.4434 -0.2983 2.7100, -0.4526 -0.2597 2.7100, -1.3261 -0.1731 2.7100, -1.3703 0.2871 2.7100, -1.2655 0.4689 2.7100, -1.4818 0.8939 2.7100, -3.0000 1.3551 2.7100, -2.8921 0.0337 2.7100, -2.8921 0.1551 2.7100, -0.6995 0.9137 2.7100, -0.9573 0.5746 2.7100, -0.4652 -0.0876 2.7100, -0.2252 -0.0876 2.7100, -0.1744 -0.2991 2.7100, 0.2224 -0.5439 2.7100, 0.2224 -0.5439 2.7100, 0.8103 -0.2634 2.7100, 0.4189 0.1168 2.7100, 0.7621 0.6765 2.7100, 0.7390 0.7809 2.7100, 0.4109 1.0322 2.7100, 0.4109 1.0322 2.7100, -0.0771 0.9202 2.7100, -0.1238 0.5989 2.7100, -0.1238 0.5989 2.7100, 0.3719 0.3921 2.7100, 0.5461 0.3506 2.7100, 0.8163 -0.6431 2.7100, 0.7712 -0.6672 2.7100, 1.2485 -0.7213 2.7100, 1.2485 -0.7213 2.7100, 1.6753 0.6610 2.7100, 1.5500 0.8436 2.7100, 2.7151 0.9277 2.7100, 2.2838 0.2941 2.7100, 2.8207 -0.5353 2.7100, 2.4431 -0.4490 2.7100, 2.0993 0.0782 2.7100, 1.5667 -0.7213 2.7100, 1.5667 -0.7213 2.7100, 0.5232 -0.7541 2.7100, 0.4596 -0.7614 2.7100, -0.4322 -0.3368 2.7100, -0.4434 -0.2983 2.7100, -1.3261 -0.1731 2.7100, -1.4651 0.0991 2.7100, -1.3703 0.2871 2.7100, -1.4818 0.8939 2.7100, -1.4818 0.8939 2.7100, -2.0022 0.8966 2.7100, -2.8921 0.1551 2.7100, -3.0000 1.3551 2.7100, -2.8921 0.1551 2.7100, -2.0022 1.1393 2.7100, -0.6915 0.9262 2.7100, -0.6995 0.9137 2.7100, -0.4652 -0.0876 2.7100, -0.2252 -0.0876 2.7100, 0.2224 -0.5439 2.7100, 0.4189 0.1168 2.7100, 0.7640 0.6682 2.7100, 0.7621 0.6765 2.7100, 0.4109 1.0322 2.7100, 0.4109 1.0322 2.7100, -0.1238 0.5989 2.7100, 0.5461 0.3506 2.7100, 0.8571 -0.6182 2.7100, 0.8163 -0.6431 2.7100, 1.2485 -0.7213 2.7100, 1.2485 -0.7213 2.7100, 1.5500 0.8436 2.7100, 1.4917 0.9289 2.7100, 2.7680 1.0055 2.7100, 2.7151 0.9277 2.7100, 2.8207 -0.5353 2.7100, 2.6225 -0.7213 2.7100, 2.4431 -0.4490 2.7100, 1.5667 -0.7213 2.7100, 1.5667 -0.7213 2.7100, 0.4596 -0.7614 2.7100, 0.3869 -0.7661 2.7100, -0.4191 -0.3742 2.7100, -0.4322 -0.3368 2.7100, -1.3261 -0.1731 2.7100, -1.5486 -0.0922 2.7100, -1.4651 0.0991 2.7100, -1.4818 0.8939 2.7100, -1.4818 0.8939 2.7100, -2.8921 0.1551 2.7100, -2.5618 0.1551 2.7100, 0.0000 1.3551 2.7100, -3.0000 1.3551 2.7100, -2.0022 1.1393 2.7100, -0.6863 0.9394 2.7100, -0.6915 0.9262 2.7100, -0.4652 -0.0876 2.7100, -0.3452 -0.0876 2.7100, -0.2252 -0.0876 2.7100, 0.4189 0.1168 2.7100, 0.7689 0.6622 2.7100, 0.7640 0.6682 2.7100, 0.4109 1.0322 2.7100, 0.4109 1.0322 2.7100, 0.5461 0.3506 2.7100, 0.6570 0.3209 2.7100, 0.8923 -0.5933 2.7100, 0.8571 -0.6182 2.7100, 1.2485 -0.7213 2.7100, 1.2485 -0.7213 2.7100, 1.4917 0.9289 2.7100, 1.4388 1.0064 2.7100, 2.8141 1.0736 2.7100, 2.7680 1.0055 2.7100, 2.8207 -0.5353 2.7100, 2.6225 -0.7213 2.7100, 1.5667 -0.7213 2.7100, 0.3869 -0.7661 2.7100, -0.4044 -0.4097 2.7100, -0.4191 -0.3742 2.7100, -1.3261 -0.1731 2.7100, -1.6194 -0.2838 2.7100, -1.5486 -0.0922 2.7100, -1.4818 0.8939 2.7100, -1.4818 0.8939 2.7100, -2.5618 0.1551 2.7100, -2.2315 0.1551 2.7100, 0.0000 1.3551 2.7100, -2.0022 1.1393 2.7100, -1.3443 1.1366 2.7100, -0.6833 0.9551 2.7100, -0.6863 0.9394 2.7100, -0.4652 -0.0876 2.7100, -0.4652 -0.0876 2.7100, -0.3452 -0.0876 2.7100, 0.4189 0.1168 2.7100, 0.7689 0.6622 2.7100, 0.4109 1.0322 2.7100, 0.6570 0.3209 2.7100, 0.9209 -0.5690 2.7100, 0.8923 -0.5933 2.7100, 1.2485 -0.7213 2.7100, 1.2485 -0.7213 2.7100, 1.4388 1.0064 2.7100, 1.3926 1.0743 2.7100, 2.8522 1.1302 2.7100, 2.8141 1.0736 2.7100, 2.8207 -0.5353 2.7100, 2.7843 -0.7213 2.7100, 2.6225 -0.7213 2.7100, 0.3869 -0.7661 2.7100, -0.3883 -0.4422 2.7100, -0.4044 -0.4097 2.7100, -1.3261 -0.1731 2.7100, -1.6763 -0.4729 2.7100, -1.6194 -0.2838 2.7100, -1.4818 0.8939 2.7100, -1.4818 0.8939 2.7100, -2.2315 0.1551 2.7100, -2.2315 0.0337 2.7100, 0.0000 1.3551 2.7100, -1.3443 1.1366 2.7100, -0.6876 1.1326 2.7100, -0.6822 0.9747 2.7100, -0.6833 0.9551 2.7100, -0.4652 -0.0876 2.7100, -0.4652 -0.0876 2.7100, 0.4189 0.1168 2.7100, 0.1555 0.1811 2.7100, 0.7783 0.6581 2.7100, 0.7689 0.6622 2.7100, 0.6570 0.3209 2.7100, 0.9666 -0.5176 2.7100, 0.9209 -0.5690 2.7100, 1.2485 -0.7213 2.7100, 1.2485 -0.7213 2.7100, 1.3926 1.0743 2.7100, 1.3545 1.1307 2.7100, 2.8810 1.1735 2.7100, 2.8522 1.1302 2.7100, 2.8207 -0.5353 2.7100, 2.9474 -0.7213 2.7100, 2.7843 -0.7213 2.7100, 0.3869 -0.7661 2.7100, -0.3558 -0.4927 2.7100, -0.3883 -0.4422 2.7100, -1.3261 -0.1731 2.7100, -1.7178 -0.6566 2.7100, -1.6763 -0.4729 2.7100, -1.4818 0.8939 2.7100, -1.4818 0.8939 2.7100, -2.2315 0.0337 2.7100, -2.2315 -0.0876 2.7100, 0.0000 1.3551 2.7100, -0.6876 1.1326 2.7100, -0.6836 1.0328 2.7100, -0.6824 1.0001 2.7100, -0.6822 0.9747 2.7100, -0.4652 -0.0876 2.7100, -0.4652 -0.0876 2.7100, 0.1555 0.1811 2.7100, 0.1023 0.1942 2.7100, 0.7937 0.6557 2.7100, 0.7783 0.6581 2.7100, 0.6570 0.3209 2.7100, 1.0045 -0.4593 2.7100, 0.9666 -0.5176 2.7100, 1.2485 -0.7213 2.7100, 1.2485 -0.7213 2.7100, 1.3545 1.1307 2.7100, 1.3257 1.1737 2.7100, 2.8993 1.2014 2.7100, 2.8810 1.1735 2.7100, 2.8207 -0.5353 2.7100, 2.9474 -0.7213 2.7100, 0.3869 -0.7661 2.7100, 0.3096 -0.7682 2.7100, -0.3146 -0.5415 2.7100, -0.3558 -0.4927 2.7100, -1.3261 -0.1731 2.7100, -1.7285 -0.7213 2.7100, -1.7178 -0.6566 2.7100, -1.4818 0.8939 2.7100, -1.4818 0.8939 2.7100, -2.2315 -0.0876 2.7100, -3.0000 -1.3551 2.7100, 0.0000 1.3551 2.7100, -0.6836 1.0328 2.7100, -0.6824 1.0001 2.7100, -0.4652 -0.0876 2.7100, 0.1023 0.1942 2.7100, 0.0534 0.2066 2.7100, 0.8164 0.6545 2.7100, 0.7937 0.6557 2.7100, 0.6570 0.3209 2.7100, 1.0342 -0.3953 2.7100, 1.0045 -0.4593 2.7100, 1.2485 -0.7213 2.7100, 1.2485 -0.7213 2.7100, 1.3257 1.1737 2.7100, 1.3075 1.2014 2.7100, 2.9056 1.2121 2.7100, 2.8993 1.2014 2.7100, 2.8207 -0.5353 2.7100, -0.2659 -0.5876 2.7100, -0.3146 -0.5415 2.7100, -1.3261 -0.1731 2.7100, -1.7285 -0.7213 2.7100, -1.4818 0.8939 2.7100, -3.0000 -1.3551 2.7100, -0.4652 -0.0876 2.7100, 0.0534 0.2066 2.7100, 0.0105 0.2179 2.7100, 0.8480 0.6540 2.7100, 0.8164 0.6545 2.7100, 0.6570 0.3209 2.7100, 1.0556 -0.3266 2.7100, 1.0342 -0.3953 2.7100, 1.2485 -0.7213 2.7100, 1.2485 -0.7213 2.7100, 1.3075 1.2014 2.7100, 1.3011 1.2121 2.7100, 2.9056 1.2121 2.7100, 2.8207 -0.5353 2.7100, 2.9474 -0.7213 2.7100, -0.2110 -0.6303 2.7100, -0.2659 -0.5876 2.7100, -1.3261 -0.1731 2.7100, -1.5978 -0.7213 2.7100, -1.7285 -0.7213 2.7100, -3.0000 -1.3551 2.7100, -0.4652 -0.0876 2.7100, 0.0105 0.2179 2.7100, -0.0252 0.2277 2.7100, 0.9376 0.6538 2.7100, 0.8480 0.6540 2.7100, 0.6570 0.3209 2.7100, 1.0683 -0.2546 2.7100, 1.0556 -0.3266 2.7100, 1.2485 -0.7213 2.7100, -0.1510 -0.6687 2.7100, -0.2110 -0.6303 2.7100, -1.3261 -0.1731 2.7100, -1.4656 -0.7213 2.7100, -1.5978 -0.7213 2.7100, -3.0000 -1.3551 2.7100, -0.4652 -0.0876 2.7100, -0.0252 0.2277 2.7100, -0.0521 0.2356 2.7100, 0.9725 0.6546 2.7100, 0.9376 0.6538 2.7100, 0.6570 0.3209 2.7100, 1.0720 -0.1803 2.7100, 1.0683 -0.2546 2.7100, 1.2485 -0.7213 2.7100, -0.0872 -0.7020 2.7100, -0.1510 -0.6687 2.7100, -1.3261 -0.1731 2.7100, -1.4656 -0.7213 2.7100, -3.0000 -1.3551 2.7100, 0.0000 -1.3551 2.7100, -0.4652 -0.0876 2.7100, -0.0521 0.2356 2.7100, -0.0688 0.2413 2.7100, 0.9962 0.6581 2.7100, 0.9725 0.6546 2.7100, 0.6570 0.3209 2.7100, 1.0666 -0.1049 2.7100, 1.0720 -0.1803 2.7100, 1.2485 -0.7213 2.7100, -0.0872 -0.7020 2.7100, -1.3261 -0.1731 2.7100, -1.4656 -0.7213 2.7100, -1.4656 -0.7213 2.7100, 0.0000 -1.3551 2.7100, 3.0000 -1.3551 2.7100, -0.4652 -0.0876 2.7100, -0.0688 0.2413 2.7100, -0.1231 0.2621 2.7100, 1.0104 0.6661 2.7100, 0.9962 0.6581 2.7100, 0.6570 0.3209 2.7100, 1.0517 -0.0297 2.7100, 1.0666 -0.1049 2.7100, 1.2485 -0.7213 2.7100, -0.0207 -0.7293 2.7100, -0.0872 -0.7020 2.7100, -1.4656 -0.7213 2.7100, -0.4652 -0.0876 2.7100, -0.1231 0.2621 2.7100, -0.1711 0.2844 2.7100, 1.0104 0.6661 2.7100, 0.6570 0.3209 2.7100, 0.7519 0.2879 2.7100, 1.0517 -0.0297 2.7100, 1.2485 -0.7213 2.7100, 1.3011 1.2121 2.7100, 0.0472 -0.7497 2.7100, -0.0207 -0.7293 2.7100, -1.4656 -0.7213 2.7100, -0.4652 -0.0876 2.7100, -0.1711 0.2844 2.7100, -0.2134 0.3084 2.7100, 1.0104 0.6661 2.7100, 0.7519 0.2879 2.7100, 0.8320 0.2508 2.7100, 1.0279 0.0420 2.7100, 1.0517 -0.0297 2.7100, 1.3011 1.2121 2.7100, 0.0966 -0.7584 2.7100, 0.0472 -0.7497 2.7100, -1.4656 -0.7213 2.7100, -0.4652 -0.0876 2.7100, -0.2134 0.3084 2.7100, -0.2504 0.3347 2.7100, 1.0167 0.6804 2.7100, 1.0104 0.6661 2.7100, 0.8320 0.2508 2.7100, 0.9952 0.1050 2.7100, 1.0279 0.0420 2.7100, 1.3011 1.2121 2.7100, 0.1599 -0.7644 2.7100, 0.0966 -0.7584 2.7100, -1.4656 -0.7213 2.7100, -0.4652 -0.0876 2.7100, -0.2504 0.3347 2.7100, -0.2828 0.3637 2.7100, 1.0167 0.6804 2.7100, 0.8320 0.2508 2.7100, 0.8985 0.2085 2.7100, 0.9525 0.1602 2.7100, 0.9952 0.1050 2.7100, 1.3011 1.2121 2.7100, 0.2324 -0.7676 2.7100, 0.1599 -0.7644 2.7100, -1.4656 -0.7213 2.7100, -0.4652 -0.0876 2.7100, -0.2828 0.3637 2.7100, -0.3111 0.3957 2.7100, 1.0167 0.6804 2.7100, 0.8985 0.2085 2.7100, 0.9525 0.1602 2.7100, 0.2324 -0.7676 2.7100, -1.4656 -0.7213 2.7100, 3.0000 -1.3551 2.7100, -0.4652 -0.0876 2.7100, -0.3111 0.3957 2.7100, -0.3357 0.4312 2.7100, 1.0167 0.6804 2.7100, 0.9525 0.1602 2.7100, 1.3011 1.2121 2.7100, 0.3096 -0.7682 2.7100, 0.2324 -0.7676 2.7100, 3.0000 -1.3551 2.7100, -0.6824 1.0001 2.7100, -0.4652 -0.0876 2.7100, -0.3357 0.4312 2.7100, 1.0167 0.7029 2.7100, 1.0167 0.6804 2.7100, 1.3011 1.2121 2.7100, 2.9474 -0.7213 2.7100, 0.3096 -0.7682 2.7100, 3.0000 -1.3551 2.7100, -0.6824 1.0001 2.7100, -0.3357 0.4312 2.7100, -0.3573 0.4706 2.7100, 1.0121 0.7352 2.7100, 1.0167 0.7029 2.7100, 1.3011 1.2121 2.7100, 2.9056 1.2121 2.7100, 2.9474 -0.7213 2.7100, 3.0000 -1.3551 2.7100, -0.6824 1.0001 2.7100, -0.3573 0.4706 2.7100, -0.3699 0.4971 2.7100, 1.0045 0.7793 2.7100, 1.0121 0.7352 2.7100, 1.3011 1.2121 2.7100, 2.9056 1.2121 2.7100, 3.0000 -1.3551 2.7100, 3.0000 0.0000 2.7100, -0.6824 1.0001 2.7100, -0.3699 0.4971 2.7100, -0.3798 0.5200 2.7100, 0.9859 0.8610 2.7100, 1.0045 0.7793 2.7100, 1.3011 1.2121 2.7100, 2.9056 1.2121 2.7100, 3.0000 0.0000 2.7100, 3.0000 1.3551 2.7100, -0.6824 1.0001 2.7100, -0.3798 0.5200 2.7100, -0.3871 0.5412 2.7100, 0.9573 0.9351 2.7100, 0.9859 0.8610 2.7100, 1.3011 1.2121 2.7100, 2.9025 1.2136 2.7100, 2.9056 1.2121 2.7100, 3.0000 1.3551 2.7100, -0.6824 1.0001 2.7100, -0.3871 0.5412 2.7100, -0.3924 0.5621 2.7100, 0.9185 1.0018 2.7100, 0.9573 0.9351 2.7100, 1.3011 1.2121 2.7100, 2.8936 1.2151 2.7100, 2.9025 1.2136 2.7100, 3.0000 1.3551 2.7100, -0.6824 1.0001 2.7100, -0.3924 0.5621 2.7100, -0.3958 0.5844 2.7100, 0.8693 1.0615 2.7100, 0.9185 1.0018 2.7100, 1.3011 1.2121 2.7100, 2.8795 1.2165 2.7100, 2.8936 1.2151 2.7100, 3.0000 1.3551 2.7100, -0.6824 1.0001 2.7100, -0.3958 0.5844 2.7100, -0.3979 0.6099 2.7100, 0.8097 1.1141 2.7100, 0.8693 1.0615 2.7100, 1.3011 1.2121 2.7100, 2.8610 1.2177 2.7100, 2.8795 1.2165 2.7100, 3.0000 1.3551 2.7100, -0.6824 1.0001 2.7100, -0.3979 0.6099 2.7100, -0.3989 0.6402 2.7100, 0.7394 1.1601 2.7100, 0.8097 1.1141 2.7100, 1.3011 1.2121 2.7100, 2.8385 1.2187 2.7100, 2.8610 1.2177 2.7100, 3.0000 1.3551 2.7100, -0.6824 1.0001 2.7100, -0.3989 0.6402 2.7100, -0.3991 0.6769 2.7100, 0.6583 1.1994 2.7100, 0.7394 1.1601 2.7100, 1.3011 1.2121 2.7100, 2.8129 1.2195 2.7100, 2.8385 1.2187 2.7100, 3.0000 1.3551 2.7100, -0.6824 1.0001 2.7100, -0.3991 0.6769 2.7100, -0.3905 0.7896 2.7100, 0.5663 1.2324 2.7100, 0.6583 1.1994 2.7100, 1.3011 1.2121 2.7100, 2.7847 1.2200 2.7100, 2.8129 1.2195 2.7100, 3.0000 1.3551 2.7100, -0.6824 1.0001 2.7100, -0.3905 0.7896 2.7100, -0.3648 0.8921 2.7100, 0.5210 1.2440 2.7100, 0.5663 1.2324 2.7100, 1.3011 1.2121 2.7100, 2.7546 1.2202 2.7100, 2.7847 1.2200 2.7100, 3.0000 1.3551 2.7100, -0.6824 1.0001 2.7100, -0.3648 0.8921 2.7100, -0.3225 0.9836 2.7100, 0.4670 1.2537 2.7100, 0.5210 1.2440 2.7100, 1.3011 1.2121 2.7100, 2.6022 1.2202 2.7100, 2.7546 1.2202 2.7100, 3.0000 1.3551 2.7100, -0.6824 1.0001 2.7100, -0.3225 0.9836 2.7100, -0.2641 1.0638 2.7100, 0.4072 1.2611 2.7100, 0.4670 1.2537 2.7100, 1.3011 1.2121 2.7100, 1.6207 1.2202 2.7100, 2.6022 1.2202 2.7100, 3.0000 1.3551 2.7100, 0.0000 1.3551 2.7100, -0.6824 1.0001 2.7100, -0.2641 1.0638 2.7100, 0.3445 1.2662 2.7100, 0.4072 1.2611 2.7100, 1.3011 1.2121 2.7100, 1.4602 1.2202 2.7100, 1.6207 1.2202 2.7100, 3.0000 1.3551 2.7100, 0.0000 1.3551 2.7100, -0.2641 1.0638 2.7100, -0.1899 1.1321 2.7100, 0.3445 1.2662 2.7100, 1.3011 1.2121 2.7100, 1.3044 1.2140 2.7100, 1.4282 1.2201 2.7100, 1.4602 1.2202 2.7100, 3.0000 1.3551 2.7100, 0.0000 1.3551 2.7100, -0.1899 1.1321 2.7100, -0.1005 1.1880 2.7100, 0.3445 1.2662 2.7100, 1.3044 1.2140 2.7100, 1.3137 1.2157 2.7100, 1.3984 1.2197 2.7100, 1.4282 1.2201 2.7100, 3.0000 1.3551 2.7100, 0.0000 1.3551 2.7100, -0.1005 1.1880 2.7100, 0.0039 1.2311 2.7100, 0.3445 1.2662 2.7100, 1.3137 1.2157 2.7100, 1.3284 1.2171 2.7100, 1.3714 1.2191 2.7100, 1.3984 1.2197 2.7100, 3.0000 1.3551 2.7100, 0.0000 1.3551 2.7100, 0.0039 1.2311 2.7100, 0.1227 1.2607 2.7100, 0.3445 1.2662 2.7100, 1.3284 1.2171 2.7100, 1.3478 1.2182 2.7100, 1.3478 1.2182 2.7100, 1.3714 1.2191 2.7100, 3.0000 1.3551 2.7100, 0.0000 1.3551 2.7100, 0.1227 1.2607 2.7100, 0.1680 1.2663 2.7100, 0.3445 1.2662 2.7100, 1.3478 1.2182 2.7100, 3.0000 1.3551 2.7100, 0.0000 1.3551 2.7100, 0.1680 1.2663 2.7100, 0.2220 1.2690 2.7100, 0.2818 1.2689 2.7100, 0.3445 1.2662 2.7100, 3.0000 1.3551 2.7100, 3.0000 1.3551 2.7100, 0.0000 1.3551 2.7100, 0.2220 1.2690 2.7100, 0.2220 1.2690 2.7100, 0.2818 1.2689 2.7100, 3.0000 1.3551 2.7100, -0.0110 -2.9267 2.7100, -0.2244 -2.9267 2.7100, -0.2244 -3.1566 2.7100, -0.2244 -3.1566 2.7100, -0.2244 -3.3866 2.7100, -0.0064 -3.3829 2.7100, -0.0064 -3.3829 2.7100, 0.0590 -3.3813 2.7100, 0.1110 -3.3797 2.7100, 0.1110 -3.3797 2.7100, 0.1518 -3.3779 2.7100, 0.1834 -3.3757 2.7100, 0.1834 -3.3757 2.7100, 0.2081 -3.3728 2.7100, 0.2280 -3.3691 2.7100, 0.2280 -3.3691 2.7100, 0.2453 -3.3643 2.7100, 0.2620 -3.3582 2.7100, 0.2620 -3.3582 2.7100, 0.2936 -3.3437 2.7100, 0.3206 -3.3265 2.7100, 0.3206 -3.3265 2.7100, 0.3430 -3.3061 2.7100, 0.3610 -3.2825 2.7100, 0.3610 -3.2825 2.7100, 0.3748 -3.2554 2.7100, 0.3845 -3.2246 2.7100, 0.3845 -3.2246 2.7100, 0.3902 -3.1899 2.7100, 0.3921 -3.1511 2.7100, 0.3921 -3.1511 2.7100, 0.3911 -3.1231 2.7100, 0.3882 -3.0972 2.7100, 0.3882 -3.0972 2.7100, 0.3834 -3.0735 2.7100, 0.3766 -3.0518 2.7100, 0.3766 -3.0518 2.7100, 0.3678 -3.0319 2.7100, 0.3569 -3.0138 2.7100, 0.3569 -3.0138 2.7100, 0.3439 -2.9974 2.7100, 0.3289 -2.9826 2.7100, 0.3289 -2.9826 2.7100, 0.3085 -2.9663 2.7100, 0.2864 -2.9534 2.7100, 0.2864 -2.9534 2.7100, 0.2604 -2.9436 2.7100, 0.2280 -2.9365 2.7100, 0.2280 -2.9365 2.7100, 0.1870 -2.9316 2.7100, 0.1350 -2.9286 2.7100, 0.1350 -2.9286 2.7100, 0.0698 -2.9271 2.7100, -0.0110 -2.9267 2.7100, -0.0110 -2.9267 2.7100, -0.2244 -3.1566 2.7100, -0.0064 -3.3829 2.7100, -0.0064 -3.3829 2.7100, 0.1110 -3.3797 2.7100, 0.1834 -3.3757 2.7100, 0.1834 -3.3757 2.7100, 0.2280 -3.3691 2.7100, 0.2620 -3.3582 2.7100, 0.2620 -3.3582 2.7100, 0.3206 -3.3265 2.7100, 0.3610 -3.2825 2.7100, 0.3610 -3.2825 2.7100, 0.3845 -3.2246 2.7100, 0.3921 -3.1511 2.7100, 0.3921 -3.1511 2.7100, 0.3882 -3.0972 2.7100, 0.3766 -3.0518 2.7100, 0.3766 -3.0518 2.7100, 0.3569 -3.0138 2.7100, 0.3289 -2.9826 2.7100, 0.3289 -2.9826 2.7100, 0.2864 -2.9534 2.7100, 0.2280 -2.9365 2.7100, 0.2280 -2.9365 2.7100, 0.1350 -2.9286 2.7100, -0.0110 -2.9267 2.7100, -0.0110 -2.9267 2.7100, -0.0064 -3.3829 2.7100, 0.1834 -3.3757 2.7100, 0.1834 -3.3757 2.7100, 0.2620 -3.3582 2.7100, 0.3610 -3.2825 2.7100, 0.3610 -3.2825 2.7100, 0.3921 -3.1511 2.7100, 0.3766 -3.0518 2.7100, 0.3766 -3.0518 2.7100, 0.3289 -2.9826 2.7100, 0.2280 -2.9365 2.7100, 0.2280 -2.9365 2.7100, -0.0110 -2.9267 2.7100, 0.1834 -3.3757 2.7100, 0.1834 -3.3757 2.7100, 0.3610 -3.2825 2.7100, 0.3766 -3.0518 2.7100, 0.3766 -3.0518 2.7100, 0.2280 -2.9365 2.7100, 0.1834 -3.3757 2.7100, 2.2195 -2.9285 2.7100, 2.0015 -2.9249 2.7100, 2.0015 -3.4305 2.7100, 2.0015 -3.4305 2.7100, 2.0015 -3.9362 2.7100, 2.2241 -3.9325 2.7100, 2.2241 -3.9325 2.7100, 2.2971 -3.9316 2.7100, 2.3527 -3.9305 2.7100, 2.3527 -3.9305 2.7100, 2.3940 -3.9291 2.7100, 2.4242 -3.9269 2.7100, 2.4242 -3.9269 2.7100, 2.4464 -3.9237 2.7100, 2.4639 -3.9190 2.7100, 2.4639 -3.9190 2.7100, 2.4797 -3.9126 2.7100, 2.4971 -3.9041 2.7100, 2.4971 -3.9041 2.7100, 2.5319 -3.8843 2.7100, 2.5640 -3.8601 2.7100, 2.5640 -3.8601 2.7100, 2.5935 -3.8314 2.7100, 2.6203 -3.7984 2.7100, 2.6203 -3.7984 2.7100, 2.6443 -3.7612 2.7100, 2.6656 -3.7198 2.7100, 2.6656 -3.7198 2.7100, 2.6840 -3.6743 2.7100, 2.6995 -3.6247 2.7100, 2.6995 -3.6247 2.7100, 2.7046 -3.6046 2.7100, 2.7087 -3.5847 2.7100, 2.7087 -3.5847 2.7100, 2.7121 -3.5645 2.7100, 2.7147 -3.5431 2.7100, 2.7147 -3.5431 2.7100, 2.7166 -3.5198 2.7100, 2.7178 -3.4937 2.7100, 2.7178 -3.4937 2.7100, 2.7186 -3.4642 2.7100, 2.7188 -3.4305 2.7100, 2.7188 -3.4305 2.7100, 2.7184 -3.3805 2.7100, 2.7163 -3.3355 2.7100, 2.7163 -3.3355 2.7100, 2.7125 -3.2947 2.7100, 2.7066 -3.2572 2.7100, 2.7066 -3.2572 2.7100, 2.6987 -3.2219 2.7100, 2.6884 -3.1881 2.7100, 2.6884 -3.1881 2.7100, 2.6756 -3.1547 2.7100, 2.6602 -3.1209 2.7100, 2.6602 -3.1209 2.7100, 2.6456 -3.0932 2.7100, 2.6301 -3.0682 2.7100, 2.6301 -3.0682 2.7100, 2.6132 -3.0457 2.7100, 2.5948 -3.0254 2.7100, 2.5948 -3.0254 2.7100, 2.5745 -3.0071 2.7100, 2.5521 -2.9906 2.7100, 2.5521 -2.9906 2.7100, 2.5273 -2.9754 2.7100, 2.4998 -2.9615 2.7100, 2.4998 -2.9615 2.7100, 2.4366 -2.9313 2.7100, 2.2195 -2.9285 2.7100, 2.2195 -2.9285 2.7100, 2.0015 -3.4305 2.7100, 2.2241 -3.9325 2.7100, 2.2241 -3.9325 2.7100, 2.3527 -3.9305 2.7100, 2.4242 -3.9269 2.7100, 2.4242 -3.9269 2.7100, 2.4639 -3.9190 2.7100, 2.4971 -3.9041 2.7100, 2.4971 -3.9041 2.7100, 2.5640 -3.8601 2.7100, 2.6203 -3.7984 2.7100, 2.6203 -3.7984 2.7100, 2.6656 -3.7198 2.7100, 2.6995 -3.6247 2.7100, 2.6995 -3.6247 2.7100, 2.7087 -3.5847 2.7100, 2.7147 -3.5431 2.7100, 2.7147 -3.5431 2.7100, 2.7178 -3.4937 2.7100, 2.7188 -3.4305 2.7100, 2.7188 -3.4305 2.7100, 2.7163 -3.3355 2.7100, 2.7066 -3.2572 2.7100, 2.7066 -3.2572 2.7100, 2.6884 -3.1881 2.7100, 2.6602 -3.1209 2.7100, 2.6602 -3.1209 2.7100, 2.6301 -3.0682 2.7100, 2.5948 -3.0254 2.7100, 2.5948 -3.0254 2.7100, 2.5521 -2.9906 2.7100, 2.4998 -2.9615 2.7100, 2.4998 -2.9615 2.7100, 2.2195 -2.9285 2.7100, 2.2241 -3.9325 2.7100, 2.2241 -3.9325 2.7100, 2.4242 -3.9269 2.7100, 2.4971 -3.9041 2.7100, 2.4971 -3.9041 2.7100, 2.6203 -3.7984 2.7100, 2.6995 -3.6247 2.7100, 2.6995 -3.6247 2.7100, 2.7147 -3.5431 2.7100, 2.7188 -3.4305 2.7100, 2.7188 -3.4305 2.7100, 2.7066 -3.2572 2.7100, 2.6602 -3.1209 2.7100, 2.6602 -3.1209 2.7100, 2.5948 -3.0254 2.7100, 2.4998 -2.9615 2.7100, 2.4998 -2.9615 2.7100, 2.2241 -3.9325 2.7100, 2.4971 -3.9041 2.7100, 2.4971 -3.9041 2.7100, 2.6995 -3.6247 2.7100, 2.7188 -3.4305 2.7100, 2.7188 -3.4305 2.7100, 2.6602 -3.1209 2.7100, 2.4998 -2.9615 2.7100, 2.4998 -2.9615 2.7100, 2.4971 -3.9041 2.7100, 2.7188 -3.4305 2.7100, 1.6351 -4.0901 2.7100, 1.8183 -4.0901 2.7100, 1.8183 -2.7710 2.7100, 2.1188 -4.0901 2.7100, -2.8443 -4.0901 2.7100, -3.0000 -4.5206 2.7100, -3.0000 -2.6794 2.7100, -3.0000 -4.5206 2.7100, -2.8443 -4.0901 2.7100, -1.8815 -2.7710 2.7100, -1.8843 -2.8507 2.7100, -1.8870 -2.9313 2.7100, -2.2782 -2.9340 2.7100, -2.6702 -2.9359 2.7100, -2.6702 -3.3298 2.7100, -1.9466 -3.4855 2.7100, -2.6702 -3.4855 2.7100, -2.6702 -3.9344 2.7100, -1.8733 -3.9344 2.7100, -1.8733 -4.0901 2.7100, -1.6260 -4.0901 2.7100, -0.6632 -2.7710 2.7100, -0.6660 -2.8507 2.7100, -0.6687 -2.9313 2.7100, -1.0598 -2.9340 2.7100, -1.4519 -2.9359 2.7100, -1.4519 -3.3298 2.7100, -0.7282 -3.4855 2.7100, -1.4519 -3.4855 2.7100, -1.4519 -3.9344 2.7100, -0.6550 -3.9344 2.7100, -0.6550 -4.0901 2.7100, -0.4076 -4.0901 2.7100, 0.0348 -3.5295 2.7100, -0.2244 -3.5331 2.7100, -0.2244 -4.0901 2.7100, 0.9756 -2.7710 2.7100, 0.9756 -3.9344 2.7100, 1.6351 -3.9344 2.7100, 1.6351 -3.9344 2.7100, 1.6351 -4.0901 2.7100, 1.8183 -2.7710 2.7100, 2.2289 -4.0897 2.7100, 2.1188 -4.0901 2.7100, -3.0000 -4.5206 2.7100, -3.0000 -2.6794 2.7100, -2.8443 -4.0901 2.7100, -2.8443 -2.7710 2.7100, -1.8870 -2.9313 2.7100, -2.2782 -2.9340 2.7100, -2.6702 -3.3298 2.7100, -1.9466 -3.4855 2.7100, -2.6702 -3.9344 2.7100, -1.8733 -3.9344 2.7100, -1.8733 -3.9344 2.7100, -1.6260 -4.0901 2.7100, -1.6260 -2.7710 2.7100, -0.6687 -2.9313 2.7100, -1.0598 -2.9340 2.7100, -1.4519 -3.3298 2.7100, -0.7282 -3.4855 2.7100, -1.4519 -3.9344 2.7100, -0.6550 -3.9344 2.7100, -0.6550 -3.9344 2.7100, -0.4076 -4.0901 2.7100, -0.4076 -2.7710 2.7100, 0.1307 -3.5277 2.7100, 0.0348 -3.5295 2.7100, -0.2244 -4.0901 2.7100, 0.9756 -2.7710 2.7100, 1.6351 -3.9344 2.7100, 1.8183 -2.7710 2.7100, 2.3171 -4.0884 2.7100, 2.2289 -4.0897 2.7100, -3.0000 -4.5206 2.7100, 3.0000 -2.6794 2.7100, -3.0000 -2.6794 2.7100, -2.8443 -2.7710 2.7100, -1.8870 -2.9313 2.7100, -2.6702 -3.3298 2.7100, -1.9466 -3.3298 2.7100, -1.9466 -3.3298 2.7100, -1.9466 -3.4855 2.7100, -1.8733 -3.9344 2.7100, -0.6687 -2.9313 2.7100, -1.4519 -3.3298 2.7100, -0.7282 -3.3298 2.7100, -0.7282 -3.3298 2.7100, -0.7282 -3.4855 2.7100, -0.6550 -3.9344 2.7100, 0.2058 -3.5253 2.7100, 0.1307 -3.5277 2.7100, -0.2244 -4.0901 2.7100, 2.3871 -4.0857 2.7100, 2.3171 -4.0884 2.7100, -3.0000 -4.5206 2.7100, 3.0000 -2.6794 2.7100, -2.8443 -2.7710 2.7100, -1.8815 -2.7710 2.7100, -1.8870 -2.9313 2.7100, -1.9466 -3.3298 2.7100, -1.8733 -3.9344 2.7100, -0.6687 -2.9313 2.7100, -0.7282 -3.3298 2.7100, -0.6550 -3.9344 2.7100, 0.2639 -3.5217 2.7100, 0.2058 -3.5253 2.7100, -0.2244 -4.0901 2.7100, 2.4425 -4.0813 2.7100, 2.3871 -4.0857 2.7100, -3.0000 -4.5206 2.7100, -1.8815 -2.7710 2.7100, -1.8870 -2.9313 2.7100, -1.8733 -3.9344 2.7100, -0.6632 -2.7710 2.7100, -0.6687 -2.9313 2.7100, -0.6550 -3.9344 2.7100, 0.3086 -3.5162 2.7100, 0.2639 -3.5217 2.7100, -0.2244 -4.0901 2.7100, 2.4425 -4.0813 2.7100, -3.0000 -4.5206 2.7100, 3.0000 -4.5206 2.7100, -1.8815 -2.7710 2.7100, -1.8733 -3.9344 2.7100, -1.6260 -2.7710 2.7100, -0.6632 -2.7710 2.7100, -0.6550 -3.9344 2.7100, -0.4076 -2.7710 2.7100, 0.3436 -3.5081 2.7100, 0.3086 -3.5162 2.7100, -0.2244 -4.0901 2.7100, 2.4870 -4.0747 2.7100, 2.4425 -4.0813 2.7100, 3.0000 -4.5206 2.7100, 3.0000 -2.6794 2.7100, -1.8815 -2.7710 2.7100, -1.6260 -2.7710 2.7100, 0.3727 -3.4967 2.7100, 0.3436 -3.5081 2.7100, -0.2244 -4.0901 2.7100, 2.5244 -4.0657 2.7100, 2.4870 -4.0747 2.7100, 3.0000 -4.5206 2.7100, 3.0000 -2.6794 2.7100, -1.6260 -2.7710 2.7100, -0.6632 -2.7710 2.7100, 0.3995 -3.4815 2.7100, 0.3727 -3.4967 2.7100, -0.2244 -4.0901 2.7100, 2.5583 -4.0539 2.7100, 2.5244 -4.0657 2.7100, 3.0000 -4.5206 2.7100, 3.0000 -2.6794 2.7100, -0.6632 -2.7710 2.7100, -0.4076 -2.7710 2.7100, 0.4278 -3.4617 2.7100, 0.3995 -3.4815 2.7100, -0.2244 -4.0901 2.7100, 2.5924 -4.0388 2.7100, 2.5583 -4.0539 2.7100, 3.0000 -4.5206 2.7100, 3.0000 -2.6794 2.7100, -0.4076 -2.7710 2.7100, -0.0879 -2.7710 2.7100, 0.4773 -3.4160 2.7100, 0.4278 -3.4617 2.7100, -0.2244 -4.0901 2.7100, 2.6044 -4.0328 2.7100, 2.5924 -4.0388 2.7100, 3.0000 -4.5206 2.7100, 3.0000 -2.6794 2.7100, -0.0879 -2.7710 2.7100, -0.0227 -2.7712 2.7100, 0.4773 -3.4160 2.7100, -0.2244 -4.0901 2.7100, 0.7924 -4.0901 2.7100, 2.6180 -4.0248 2.7100, 2.6044 -4.0328 2.7100, 3.0000 -4.5206 2.7100, 3.0000 -2.6794 2.7100, -0.0227 -2.7712 2.7100, 0.0399 -2.7718 2.7100, 0.5171 -3.3593 2.7100, 0.4773 -3.4160 2.7100, 0.7924 -4.0901 2.7100, 2.6329 -4.0152 2.7100, 2.6180 -4.0248 2.7100, 3.0000 -4.5206 2.7100, 3.0000 -2.6794 2.7100, 0.0399 -2.7718 2.7100, 0.0986 -2.7727 2.7100, 0.5467 -3.2942 2.7100, 0.5171 -3.3593 2.7100, 0.7924 -4.0901 2.7100, 2.6485 -4.0042 2.7100, 2.6329 -4.0152 2.7100, 3.0000 -4.5206 2.7100, 3.0000 -2.6794 2.7100, 0.0986 -2.7727 2.7100, 0.1517 -2.7739 2.7100, 0.5654 -3.2236 2.7100, 0.5467 -3.2942 2.7100, 0.7924 -4.0901 2.7100, 2.6643 -3.9923 2.7100, 2.6485 -4.0042 2.7100, 3.0000 -4.5206 2.7100, 3.0000 -2.6794 2.7100, 0.1517 -2.7739 2.7100, 0.1979 -2.7752 2.7100, 0.5729 -3.1503 2.7100, 0.5654 -3.2236 2.7100, 0.7924 -4.0901 2.7100, 2.6800 -3.9798 2.7100, 2.6643 -3.9923 2.7100, 3.0000 -4.5206 2.7100, 3.0000 -2.6794 2.7100, 0.1979 -2.7752 2.7100, 0.2355 -2.7768 2.7100, 0.5687 -3.0772 2.7100, 0.5729 -3.1503 2.7100, 0.7924 -4.0901 2.7100, 2.6949 -3.9671 2.7100, 2.6800 -3.9798 2.7100, 3.0000 -4.5206 2.7100, 3.0000 -2.6794 2.7100, 0.2355 -2.7768 2.7100, 0.2632 -2.7784 2.7100, 0.5687 -3.0772 2.7100, 0.7924 -4.0901 2.7100, 0.7924 -2.7710 2.7100, 2.7087 -3.9545 2.7100, 2.6949 -3.9671 2.7100, 3.0000 -4.5206 2.7100, 3.0000 -2.6794 2.7100, 0.2632 -2.7784 2.7100, 0.2794 -2.7802 2.7100, 0.5522 -3.0069 2.7100, 0.5687 -3.0772 2.7100, 0.7924 -2.7710 2.7100, 2.7271 -3.9367 2.7100, 2.7087 -3.9545 2.7100, 3.0000 -4.5206 2.7100, 3.0000 -2.6794 2.7100, 0.2794 -2.7802 2.7100, 0.3177 -2.7896 2.7100, 0.5231 -2.9423 2.7100, 0.5522 -3.0069 2.7100, 0.7924 -2.7710 2.7100, 2.7427 -3.9203 2.7100, 2.7271 -3.9367 2.7100, 3.0000 -4.5206 2.7100, 0.5034 -2.9130 2.7100, 0.5231 -2.9423 2.7100, 0.7924 -2.7710 2.7100, 2.7563 -3.9045 2.7100, 2.7427 -3.9203 2.7100, 3.0000 -4.5206 2.7100, 0.4798 -2.8858 2.7100, 0.5034 -2.9130 2.7100, 0.7924 -2.7710 2.7100, 2.7686 -3.8884 2.7100, 2.7563 -3.9045 2.7100, 3.0000 -4.5206 2.7100, 0.4527 -2.8609 2.7100, 0.4798 -2.8858 2.7100, 0.7924 -2.7710 2.7100, 2.7801 -3.8711 2.7100, 2.7686 -3.8884 2.7100, 3.0000 -4.5206 2.7100, 0.4225 -2.8385 2.7100, 0.4527 -2.8609 2.7100, 0.7924 -2.7710 2.7100, 2.7915 -3.8516 2.7100, 2.7801 -3.8711 2.7100, 3.0000 -4.5206 2.7100, 0.3897 -2.8191 2.7100, 0.4225 -2.8385 2.7100, 0.7924 -2.7710 2.7100, 2.8035 -3.8290 2.7100, 2.7915 -3.8516 2.7100, 3.0000 -4.5206 2.7100, 0.3546 -2.8027 2.7100, 0.3897 -2.8191 2.7100, 0.7924 -2.7710 2.7100, 2.8168 -3.8024 2.7100, 2.8035 -3.8290 2.7100, 3.0000 -4.5206 2.7100, 0.3177 -2.7896 2.7100, 0.3546 -2.8027 2.7100, 0.7924 -2.7710 2.7100, 2.8345 -3.7639 2.7100, 2.8168 -3.8024 2.7100, 3.0000 -4.5206 2.7100, 3.0000 -2.6794 2.7100, 0.3177 -2.7896 2.7100, 0.7924 -2.7710 2.7100, 2.8494 -3.7284 2.7100, 2.8345 -3.7639 2.7100, 3.0000 -4.5206 2.7100, 3.0000 -2.6794 2.7100, 0.7924 -2.7710 2.7100, 0.9756 -2.7710 2.7100, 2.8618 -3.6948 2.7100, 2.8494 -3.7284 2.7100, 3.0000 -4.5206 2.7100, 3.0000 -2.6794 2.7100, 0.9756 -2.7710 2.7100, 1.8183 -2.7710 2.7100, 2.8721 -3.6618 2.7100, 2.8618 -3.6948 2.7100, 3.0000 -4.5206 2.7100, 3.0000 -2.6794 2.7100, 1.8183 -2.7710 2.7100, 2.1188 -2.7710 2.7100, 2.8806 -3.6284 2.7100, 2.8721 -3.6618 2.7100, 3.0000 -4.5206 2.7100, 3.0000 -2.6794 2.7100, 2.1188 -2.7710 2.7100, 2.1979 -2.7712 2.7100, 2.8878 -3.5932 2.7100, 2.8806 -3.6284 2.7100, 3.0000 -4.5206 2.7100, 3.0000 -2.6794 2.7100, 2.1979 -2.7712 2.7100, 2.2650 -2.7717 2.7100, 2.8939 -3.5552 2.7100, 2.8878 -3.5932 2.7100, 3.0000 -4.5206 2.7100, 3.0000 -2.6794 2.7100, 2.2650 -2.7717 2.7100, 2.3213 -2.7727 2.7100, 2.8992 -3.5130 2.7100, 2.8939 -3.5552 2.7100, 3.0000 -4.5206 2.7100, 3.0000 -2.6794 2.7100, 2.3213 -2.7727 2.7100, 2.3679 -2.7741 2.7100, 2.9028 -3.4748 2.7100, 2.8992 -3.5130 2.7100, 3.0000 -4.5206 2.7100, 3.0000 -2.6794 2.7100, 2.3679 -2.7741 2.7100, 2.4062 -2.7760 2.7100, 2.9047 -3.4366 2.7100, 2.9028 -3.4748 2.7100, 3.0000 -4.5206 2.7100, 3.0000 -2.6794 2.7100, 2.4062 -2.7760 2.7100, 2.4372 -2.7783 2.7100, 2.9049 -3.3983 2.7100, 2.9047 -3.4366 2.7100, 3.0000 -4.5206 2.7100, 3.0000 -2.6794 2.7100, 2.4372 -2.7783 2.7100, 2.4622 -2.7812 2.7100, 2.9034 -3.3599 2.7100, 2.9049 -3.3983 2.7100, 3.0000 -4.5206 2.7100, 3.0000 -2.6794 2.7100, 2.4622 -2.7812 2.7100, 2.4824 -2.7847 2.7100, 2.9034 -3.3599 2.7100, 3.0000 -4.5206 2.7100, 3.0000 -2.6794 2.7100, 3.0000 -2.6794 2.7100, 2.4824 -2.7847 2.7100, 2.5545 -2.8058 2.7100, 2.9001 -3.3212 2.7100, 2.9034 -3.3599 2.7100, 3.0000 -2.6794 2.7100, 3.0000 -2.6794 2.7100, 2.5545 -2.8058 2.7100, 2.6213 -2.8369 2.7100, 2.8951 -3.2823 2.7100, 2.9001 -3.3212 2.7100, 3.0000 -2.6794 2.7100, 3.0000 -2.6794 2.7100, 2.6213 -2.8369 2.7100, 2.6823 -2.8775 2.7100, 2.8884 -3.2430 2.7100, 2.8951 -3.2823 2.7100, 3.0000 -2.6794 2.7100, 3.0000 -2.6794 2.7100, 2.6823 -2.8775 2.7100, 2.7369 -2.9271 2.7100, 2.8800 -3.2034 2.7100, 2.8884 -3.2430 2.7100, 3.0000 -2.6794 2.7100, 3.0000 -2.6794 2.7100, 2.7369 -2.9271 2.7100, 2.7845 -2.9850 2.7100, 2.8566 -3.1237 2.7100, 2.8800 -3.2034 2.7100, 3.0000 -2.6794 2.7100, 3.0000 -2.6794 2.7100, 2.7845 -2.9850 2.7100, 2.8246 -3.0507 2.7100, 2.8246 -3.0507 2.7100, 2.8566 -3.1237 2.7100, 3.0000 -2.6794 2.7100, ] }
          coordIndex [ 0, 1, 2, -1, 3, 4, 5, -1, 6, 7, 8, -1, 9, 10, 11, -1, 12, 13, 14, -1, 15, 16, 17, -1, 18, 19, 20, -1, 21, 22, 23, -1, 24, 25, 26, -1, 27, 28, 29, -1, 30, 31, 32, -1, 33, 34, 35, -1, 36, 37, 38, -1, 39, 40, 41, -1, 42, 43, 44, -1, 45, 46, 47, -1, 48, 49, 50, -1, 51, 52, 53, -1, 54, 55, 56, -1, 57, 58, 59, -1, 60, 61, 62, -1, 63, 64, 65, -1, 66, 67, 68, -1, 69, 70, 71, -1, 72, 73, 74, -1, 75, 76, 77, -1, 78, 79, 80, -1, 81, 82, 83, -1, 84, 85, 86, -1, 87, 88, 89, -1, 90, 91, 92, -1, 93, 94, 95, -1, 96, 97, 98, -1, 99, 100, 101, -1, 102, 103, 104, -1, 105, 106, 107, -1, 108, 109, 110, -1, 111, 112, 113, -1, 114, 115, 116, -1, 117, 118, 119, -1, 120, 121, 122, -1, 123, 124, 125, -1, 126, 127, 128, -1, 129, 130, 131, -1, 132, 133, 134, -1, 135, 136, 137, -1, 138, 139, 140, -1, 141, 142, 143, -1, 144, 145, 146, -1, 147, 148, 149, -1, 150, 151, 152, -1, 153, 154, 155, -1, 156, 157, 158, -1, 159, 160, 161, -1, 162, 163, 164, -1, 165, 166, 167, -1, 168, 169, 170, -1, 171, 172, 173, -1, 174, 175, 176, -1, 177, 178, 179, -1, 180, 181, 182, -1, 183, 184, 185, -1, 186, 187, 188, -1, 189, 190, 191, -1, 192, 193, 194, -1, 195, 196, 197, -1, 198, 199, 200, -1, 201, 202, 203, -1, 204, 205, 206, -1, 207, 208, 209, -1, 210, 211, 212, -1, 213, 214, 215, -1, 216, 217, 218, -1, 219, 220, 221, -1, 222, 223, 224, -1, 225, 226, 227, -1, 228, 229, 230, -1, 231, 232, 233, -1, 234, 235, 236, -1, 237, 238, 239, -1, 240, 241, 242, -1, 243, 244, 245, -1, 246, 247, 248, -1, 249, 250, 251, -1, 252, 253, 254, -1, 255, 256, 257, -1, 258, 259, 260, -1, 261, 262, 263, -1, 264, 265, 266, -1, 267, 268, 269, -1, 270, 271, 272, -1, 273, 274, 275, -1, 276, 277, 278, -1, 279, 280, 281, -1, 282, 283, 284, -1, 285, 286, 287, -1, 288, 289, 290, -1, 291, 292, 293, -1, 294, 295, 296, -1, 297, 298, 299, -1, 300, 301, 302, -1, 303, 304, 305, -1, 306, 307, 308, -1, 309, 310, 311, -1, 312, 313, 314, -1, 315, 316, 317, -1, 318, 319, 320, -1, 321, 322, 323, -1, 324, 325, 326, -1, 327, 328, 329, -1, 330, 331, 332, -1, 333, 334, 335, -1, 336, 337, 338, -1, 339, 340, 341, -1, 342, 343, 344, -1, 345, 346, 347, -1, 348, 349, 350, -1, 351, 352, 353, -1, 354, 355, 356, -1, 357, 358, 359, -1, 360, 361, 362, -1, 363, 364, 365, -1, 366, 367, 368, -1, 369, 370, 371, -1, 372, 373, 374, -1, 375, 376, 377, -1, 378, 379, 380, -1, 381, 382, 383, -1, 384, 385, 386, -1, 387, 388, 389, -1, 390, 391, 392, -1, 393, 394, 395, -1, 396, 397, 398, -1, 399, 400, 401, -1, 402, 403, 404, -1, 405, 406, 407, -1, 408, 409, 410, -1, 411, 412, 413, -1, 414, 415, 416, -1, 417, 418, 419, -1, 420, 421, 422, -1, 423, 424, 425, -1, 426, 427, 428, -1, 429, 430, 431, -1, 432, 433, 434, -1, 435, 436, 437, -1, 438, 439, 440, -1, 441, 442, 443, -1, 444, 445, 446, -1, 447, 448, 449, -1, 450, 451, 452, -1, 453, 454, 455, -1, 456, 457, 458, -1, 459, 460, 461, -1, 462, 463, 464, -1, 465, 466, 467, -1, 468, 469, 470, -1, 471, 472, 473, -1, 474, 475, 476, -1, 477, 478, 479, -1, 480, 481, 482, -1, 483, 484, 485, -1, 486, 487, 488, -1, 489, 490, 491, -1, 492, 493, 494, -1, 495, 496, 497, -1, 498, 499, 500, -1, 501, 502, 503, -1, 504, 505, 506, -1, 507, 508, 509, -1, 510, 511, 512, -1, 513, 514, 515, -1, 516, 517, 518, -1, 519, 520, 521, -1, 522, 523, 524, -1, 525, 526, 527, -1, 528, 529, 530, -1, 531, 532, 533, -1, 534, 535, 536, -1, 537, 538, 539, -1, 540, 541, 542, -1, 543, 544, 545, -1, 546, 547, 548, -1, 549, 550, 551, -1, 552, 553, 554, -1, 555, 556, 557, -1, 558, 559, 560, -1, 561, 562, 563, -1, 564, 565, 566, -1, 567, 568, 569, -1, 570, 571, 572, -1, 573, 574, 575, -1, 576, 577, 578, -1, 579, 580, 581, -1, 582, 583, 584, -1, 585, 586, 587, -1, 588, 589, 590, -1, 591, 592, 593, -1, 594, 595, 596, -1, 597, 598, 599, -1, 600, 601, 602, -1, 603, 604, 605, -1, 606, 607, 608, -1, 609, 610, 611, -1, 612, 613, 614, -1, 615, 616, 617, -1, 618, 619, 620, -1, 621, 622, 623, -1, 624, 625, 626, -1, 627, 628, 629, -1, 630, 631, 632, -1, 633, 634, 635, -1, 636, 637, 638, -1, 639, 640, 641, -1, 642, 643, 644, -1, 645, 646, 647, -1, 648, 649, 650, -1, 651, 652, 653, -1, 654, 655, 656, -1, 657, 658, 659, -1, 660, 661, 662, -1, 663, 664, 665, -1, 666, 667, 668, -1, 669, 670, 671, -1, 672, 673, 674, -1, 675, 676, 677, -1, 678, 679, 680, -1, 681, 682, 683, -1, 684, 685, 686, -1, 687, 688, 689, -1, 690, 691, 692, -1, 693, 694, 695, -1, 696, 697, 698, -1, 699, 700, 701, -1, 702, 703, 704, -1, 705, 706, 707, -1, 708, 709, 710, -1, 711, 712, 713, -1, 714, 715, 716, -1, 717, 718, 719, -1, 720, 721, 722, -1, 723, 724, 725, -1, 726, 727, 728, -1, 729, 730, 731, -1, 732, 733, 734, -1, 735, 736, 737, -1, 738, 739, 740, -1, 741, 742, 743, -1, 744, 745, 746, -1, 747, 748, 749, -1, 750, 751, 752, -1, 753, 754, 755, -1, 756, 757, 758, -1, 759, 760, 761, -1, 762, 763, 764, -1, 765, 766, 767, -1, 768, 769, 770, -1, 771, 772, 773, -1, 774, 775, 776, -1, 777, 778, 779, -1, 780, 781, 782, -1, 783, 784, 785, -1, 786, 787, 788, -1, 789, 790, 791, -1, 792, 793, 794, -1, 795, 796, 797, -1, 798, 799, 800, -1, 801, 802, 803, -1, 804, 805, 806, -1, 807, 808, 809, -1, 810, 811, 812, -1, 813, 814, 815, -1, 816, 817, 818, -1, 819, 820, 821, -1, 822, 823, 824, -1, 825, 826, 827, -1, 828, 829, 830, -1, 831, 832, 833, -1, 834, 835, 836, -1, 837, 838, 839, -1, 840, 841, 842, -1, 843, 844, 845, -1, 846, 847, 848, -1, 849, 850, 851, -1, 852, 853, 854, -1, 855, 856, 857, -1, 858, 859, 860, -1, 861, 862, 863, -1, 864, 865, 866, -1, 867, 868, 869, -1, 870, 871, 872, -1, 873, 874, 875, -1, 876, 877, 878, -1, 879, 880, 881, -1, 882, 883, 884, -1, 885, 886, 887, -1, 888, 889, 890, -1, 891, 892, 893, -1, 894, 895, 896, -1, 897, 898, 899, -1, 900, 901, 902, -1, 903, 904, 905, -1, 906, 907, 908, -1, 909, 910, 911, -1, 912, 913, 914, -1, 915, 916, 917, -1, 918, 919, 920, -1, 921, 922, 923, -1, 924, 925, 926, -1, 927, 928, 929, -1, 930, 931, 932, -1, 933, 934, 935, -1, 936, 937, 938, -1, 939, 940, 941, -1, 942, 943, 944, -1, 945, 946, 947, -1, 948, 949, 950, -1, 951, 952, 953, -1, 954, 955, 956, -1, 957, 958, 959, -1, 960, 961, 962, -1, 963, 964, 965, -1, 966, 967, 968, -1, 969, 970, 971, -1, 972, 973, 974, -1, 975, 976, 977, -1, 978, 979, 980, -1, 981, 982, 983, -1, 984, 985, 986, -1, 987, 988, 989, -1, 990, 991, 992, -1, 993, 994, 995, -1, 996, 997, 998, -1, 999, 1000, 1001, -1, 1002, 1003, 1004, -1, 1005, 1006, 1007, -1, 1008, 1009, 1010, -1, 1011, 1012, 1013, -1, 1014, 1015, 1016, -1, 1017, 1018, 1019, -1, 1020, 1021, 1022, -1, 1023, 1024, 1025, -1, 1026, 1027, 1028, -1, 1029, 1030, 1031, -1, 1032, 1033, 1034, -1, 1035, 1036, 1037, -1, 1038, 1039, 1040, -1, 1041, 1042, 1043, -1, 1044, 1045, 1046, -1, 1047, 1048, 1049, -1, 1050, 1051, 1052, -1, 1053, 1054, 1055, -1, 1056, 1057, 1058, -1, 1059, 1060, 1061, -1, 1062, 1063, 1064, -1, 1065, 1066, 1067, -1, 1068, 1069, 1070, -1, 1071, 1072, 1073, -1, 1074, 1075, 1076, -1, 1077, 1078, 1079, -1, 1080, 1081, 1082, -1, 1083, 1084, 1085, -1, 1086, 1087, 1088, -1, 1089, 1090, 1091, -1, 1092, 1093, 1094, -1, 1095, 1096, 1097, -1, 1098, 1099, 1100, -1, 1101, 1102, 1103, -1, 1104, 1105, 1106, -1, 1107, 1108, 1109, -1, 1110, 1111, 1112, -1, 1113, 1114, 1115, -1, 1116, 1117, 1118, -1, 1119, 1120, 1121, -1, 1122, 1123, 1124, -1, 1125, 1126, 1127, -1, 1128, 1129, 1130, -1, 1131, 1132, 1133, -1, 1134, 1135, 1136, -1, 1137, 1138, 1139, -1, 1140, 1141, 1142, -1, 1143, 1144, 1145, -1, 1146, 1147, 1148, -1, 1149, 1150, 1151, -1, 1152, 1153, 1154, -1, 1155, 1156, 1157, -1, 1158, 1159, 1160, -1, 1161, 1162, 1163, -1, 1164, 1165, 1166, -1, 1167, 1168, 1169, -1, 1170, 1171, 1172, -1, 1173, 1174, 1175, -1, 1176, 1177, 1178, -1, 1179, 1180, 1181, -1, 1182, 1183, 1184, -1, 1185, 1186, 1187, -1, 1188, 1189, 1190, -1, 1191, 1192, 1193, -1, 1194, 1195, 1196, -1, 1197, 1198, 1199, -1, 1200, 1201, 1202, -1, 1203, 1204, 1205, -1, 1206, 1207, 1208, -1, 1209, 1210, 1211, -1, 1212, 1213, 1214, -1, 1215, 1216, 1217, -1, 1218, 1219, 1220, -1, 1221, 1222, 1223, -1, 1224, 1225, 1226, -1, 1227, 1228, 1229, -1, 1230, 1231, 1232, -1, 1233, 1234, 1235, -1, 1236, 1237, 1238, -1, 1239, 1240, 1241, -1, 1242, 1243, 1244, -1, 1245, 1246, 1247, -1, 1248, 1249, 1250, -1, 1251, 1252, 1253, -1, 1254, 1255, 1256, -1, 1257, 1258, 1259, -1, 1260, 1261, 1262, -1, 1263, 1264, 1265, -1, 1266, 1267, 1268, -1, 1269, 1270, 1271, -1, 1272, 1273, 1274, -1, 1275, 1276, 1277, -1, 1278, 1279, 1280, -1, 1281, 1282, 1283, -1, 1284, 1285, 1286, -1, 1287, 1288, 1289, -1, 1290, 1291, 1292, -1, 1293, 1294, 1295, -1, 1296, 1297, 1298, -1, 1299, 1300, 1301, -1, 1302, 1303, 1304, -1, 1305, 1306, 1307, -1, 1308, 1309, 1310, -1, 1311, 1312, 1313, -1, 1314, 1315, 1316, -1, 1317, 1318, 1319, -1, 1320, 1321, 1322, -1, 1323, 1324, 1325, -1, 1326, 1327, 1328, -1, 1329, 1330, 1331, -1, 1332, 1333, 1334, -1, 1335, 1336, 1337, -1, 1338, 1339, 1340, -1, 1341, 1342, 1343, -1, 1344, 1345, 1346, -1, 1347, 1348, 1349, -1, 1350, 1351, 1352, -1, 1353, 1354, 1355, -1, 1356, 1357, 1358, -1, 1359, 1360, 1361, -1, 1362, 1363, 1364, -1, 1365, 1366, 1367, -1, 1368, 1369, 1370, -1, 1371, 1372, 1373, -1, 1374, 1375, 1376, -1, 1377, 1378, 1379, -1, 1380, 1381, 1382, -1, 1383, 1384, 1385, -1, 1386, 1387, 1388, -1, 1389, 1390, 1391, -1, 1392, 1393, 1394, -1, 1395, 1396, 1397, -1, 1398, 1399, 1400, -1, 1401, 1402, 1403, -1, 1404, 1405, 1406, -1, 1407, 1408, 1409, -1, 1410, 1411, 1412, -1, 1413, 1414, 1415, -1, 1416, 1417, 1418, -1, 1419, 1420, 1421, -1, 1422, 1423, 1424, -1, 1425, 1426, 1427, -1, 1428, 1429, 1430, -1, 1431, 1432, 1433, -1, 1434, 1435, 1436, -1, 1437, 1438, 1439, -1, 1440, 1441, 1442, -1, 1443, 1444, 1445, -1, 1446, 1447, 1448, -1, 1449, 1450, 1451, -1, 1452, 1453, 1454, -1, 1455, 1456, 1457, -1, 1458, 1459, 1460, -1, 1461, 1462, 1463, -1, 1464, 1465, 1466, -1, 1467, 1468, 1469, -1, 1470, 1471, 1472, -1, 1473, 1474, 1475, -1, 1476, 1477, 1478, -1, 1479, 1480, 1481, -1, 1482, 1483, 1484, -1, 1485, 1486, 1487, -1, 1488, 1489, 1490, -1, 1491, 1492, 1493, -1, 1494, 1495, 1496, -1, 1497, 1498, 1499, -1, 1500, 1501, 1502, -1, 1503, 1504, 1505, -1, 1506, 1507, 1508, -1, 1509, 1510, 1511, -1, 1512, 1513, 1514, -1, 1515, 1516, 1517, -1, 1518, 1519, 1520, -1, 1521, 1522, 1523, -1, 1524, 1525, 1526, -1, 1527, 1528, 1529, -1, 1530, 1531, 1532, -1, 1533, 1534, 1535, -1, 1536, 1537, 1538, -1, 1539, 1540, 1541, -1, 1542, 1543, 1544, -1, 1545, 1546, 1547, -1, 1548, 1549, 1550, -1, 1551, 1552, 1553, -1, 1554, 1555, 1556, -1, 1557, 1558, 1559, -1, 1560, 1561, 1562, -1, 1563, 1564, 1565, -1, 1566, 1567, 1568, -1, 1569, 1570, 1571, -1, 1572, 1573, 1574, -1, 1575, 1576, 1577, -1, 1578, 1579, 1580, -1, 1581, 1582, 1583, -1, 1584, 1585, 1586, -1, 1587, 1588, 1589, -1, 1590, 1591, 1592, -1, 1593, 1594, 1595, -1, 1596, 1597, 1598, -1, 1599, 1600, 1601, -1, 1602, 1603, 1604, -1, 1605, 1606, 1607, -1, 1608, 1609, 1610, -1, 1611, 1612, 1613, -1, 1614, 1615, 1616, -1, 1617, 1618, 1619, -1, 1620, 1621, 1622, -1, 1623, 1624, 1625, -1, 1626, 1627, 1628, -1, 1629, 1630, 1631, -1, 1632, 1633, 1634, -1, 1635, 1636, 1637, -1, 1638, 1639, 1640, -1, 1641, 1642, 1643, -1, 1644, 1645, 1646, -1, 1647, 1648, 1649, -1, 1650, 1651, 1652, -1, 1653, 1654, 1655, -1, 1656, 1657, 1658, -1, 1659, 1660, 1661, -1, 1662, 1663, 1664, -1, 1665, 1666, 1667, -1, 1668, 1669, 1670, -1, 1671, 1672, 1673, -1, 1674, 1675, 1676, -1, 1677, 1678, 1679, -1, 1680, 1681, 1682, -1, 1683, 1684, 1685, -1, 1686, 1687, 1688, -1, 1689, 1690, 1691, -1, 1692, 1693, 1694, -1, 1695, 1696, 1697, -1, 1698, 1699, 1700, -1, 1701, 1702, 1703, -1, 1704, 1705, 1706, -1, 1707, 1708, 1709, -1, 1710, 1711, 1712, -1, 1713, 1714, 1715, -1, 1716, 1717, 1718, -1, 1719, 1720, 1721, -1, 1722, 1723, 1724, -1, 1725, 1726, 1727, -1, 1728, 1729, 1730, -1, 1731, 1732, 1733, -1, 1734, 1735, 1736, -1, 1737, 1738, 1739, -1, 1740, 1741, 1742, -1, 1743, 1744, 1745, -1, 1746, 1747, 1748, -1, 1749, 1750, 1751, -1, 1752, 1753, 1754, -1, 1755, 1756, 1757, -1, 1758, 1759, 1760, -1, 1761, 1762, 1763, -1, 1764, 1765, 1766, -1, 1767, 1768, 1769, -1, 1770, 1771, 1772, -1, 1773, 1774, 1775, -1, 1776, 1777, 1778, -1, 1779, 1780, 1781, -1, 1782, 1783, 1784, -1, 1785, 1786, 1787, -1, 1788, 1789, 1790, -1, 1791, 1792, 1793, -1, 1794, 1795, 1796, -1, 1797, 1798, 1799, -1, 1800, 1801, 1802, -1, 1803, 1804, 1805, -1, 1806, 1807, 1808, -1, 1809, 1810, 1811, -1, 1812, 1813, 1814, -1, 1815, 1816, 1817, -1, 1818, 1819, 1820, -1, 1821, 1822, 1823, -1, 1824, 1825, 1826, -1, 1827, 1828, 1829, -1, 1830, 1831, 1832, -1, 1833, 1834, 1835, -1, 1836, 1837, 1838, -1, 1839, 1840, 1841, -1, 1842, 1843, 1844, -1, 1845, 1846, 1847, -1, 1848, 1849, 1850, -1, 1851, 1852, 1853, -1, 1854, 1855, 1856, -1, 1857, 1858, 1859, -1, 1860, 1861, 1862, -1, 1863, 1864, 1865, -1, 1866, 1867, 1868, -1, 1869, 1870, 1871, -1, 1872, 1873, 1874, -1, 1875, 1876, 1877, -1, 1878, 1879, 1880, -1, 1881, 1882, 1883, -1, 1884, 1885, 1886, -1, 1887, 1888, 1889, -1, 1890, 1891, 1892, -1, 1893, 1894, 1895, -1, 1896, 1897, 1898, -1, 1899, 1900, 1901, -1, 1902, 1903, 1904, -1, 1905, 1906, 1907, -1, 1908, 1909, 1910, -1, 1911, 1912, 1913, -1, 1914, 1915, 1916, -1, 1917, 1918, 1919, -1, 1920, 1921, 1922, -1, 1923, 1924, 1925, -1, 1926, 1927, 1928, -1, 1929, 1930, 1931, -1, 1932, 1933, 1934, -1, 1935, 1936, 1937, -1, 1938, 1939, 1940, -1, 1941, 1942, 1943, -1, 1944, 1945, 1946, -1, 1947, 1948, 1949, -1, 1950, 1951, 1952, -1, 1953, 1954, 1955, -1, 1956, 1957, 1958, -1, 1959, 1960, 1961, -1, 1962, 1963, 1964, -1, 1965, 1966, 1967, -1, 1968, 1969, 1970, -1, 1971, 1972, 1973, -1, 1974, 1975, 1976, -1, 1977, 1978, 1979, -1, 1980, 1981, 1982, -1, 1983, 1984, 1985, -1, 1986, 1987, 1988, -1, 1989, 1990, 1991, -1, 1992, 1993, 1994, -1, 1995, 1996, 1997, -1, 1998, 1999, 2000, -1, 2001, 2002, 2003, -1, 2004, 2005, 2006, -1, 2007, 2008, 2009, -1, 2010, 2011, 2012, -1, 2013, 2014, 2015, -1, 2016, 2017, 2018, -1, 2019, 2020, 2021, -1, 2022, 2023, 2024, -1, 2025, 2026, 2027, -1, 2028, 2029, 2030, -1, 2031, 2032, 2033, -1, 2034, 2035, 2036, -1, 2037, 2038, 2039, -1, 2040, 2041, 2042, -1, 2043, 2044, 2045, -1, 2046, 2047, 2048, -1, 2049, 2050, 2051, -1, 2052, 2053, 2054, -1, 2055, 2056, 2057, -1, 2058, 2059, 2060, -1, 2061, 2062, 2063, -1, 2064, 2065, 2066, -1, 2067, 2068, 2069, -1, 2070, 2071, 2072, -1, 2073, 2074, 2075, -1, 2076, 2077, 2078, -1, 2079, 2080, 2081, -1, 2082, 2083, 2084, -1, 2085, 2086, 2087, -1, 2088, 2089, 2090, -1, 2091, 2092, 2093, -1, 2094, 2095, 2096, -1, 2097, 2098, 2099, -1, 2100, 2101, 2102, -1, 2103, 2104, 2105, -1, 2106, 2107, 2108, -1, 2109, 2110, 2111, -1, 2112, 2113, 2114, -1, 2115, 2116, 2117, -1, 2118, 2119, 2120, -1, 2121, 2122, 2123, -1, 2124, 2125, 2126, -1, 2127, 2128, 2129, -1, 2130, 2131, 2132, -1, 2133, 2134, 2135, -1, 2136, 2137, 2138, -1, 2139, 2140, 2141, -1, 2142, 2143, 2144, -1, 2145, 2146, 2147, -1, 2148, 2149, 2150, -1, 2151, 2152, 2153, -1, 2154, 2155, 2156, -1, 2157, 2158, 2159, -1, 2160, 2161, 2162, -1, 2163, 2164, 2165, -1, 2166, 2167, 2168, -1, 2169, 2170, 2171, -1, 2172, 2173, 2174, -1, 2175, 2176, 2177, -1, 2178, 2179, 2180, -1, 2181, 2182, 2183, -1, 2184, 2185, 2186, -1, 2187, 2188, 2189, -1, 2190, 2191, 2192, -1, 2193, 2194, 2195, -1, 2196, 2197, 2198, -1, 2199, 2200, 2201, -1, 2202, 2203, 2204, -1, 2205, 2206, 2207, -1, 2208, 2209, 2210, -1, 2211, 2212, 2213, -1, 2214, 2215, 2216, -1, 2217, 2218, 2219, -1, 2220, 2221, 2222, -1, 2223, 2224, 2225, -1, 2226, 2227, 2228, -1, 2229, 2230, 2231, -1, 2232, 2233, 2234, -1, 2235, 2236, 2237, -1, 2238, 2239, 2240, -1, 2241, 2242, 2243, -1, 2244, 2245, 2246, -1, 2247, 2248, 2249, -1, 2250, 2251, 2252, -1, 2253, 2254, 2255, -1, 2256, 2257, 2258, -1, 2259, 2260, 2261, -1, 2262, 2263, 2264, -1, 2265, 2266, 2267, -1, 2268, 2269, 2270, -1, 2271, 2272, 2273, -1, 2274, 2275, 2276, -1, 2277, 2278, 2279, -1, 2280, 2281, 2282, -1, 2283, 2284, 2285, -1, 2286, 2287, 2288, -1, 2289, 2290, 2291, -1, 2292, 2293, 2294, -1, 2295, 2296, 2297, -1, 2298, 2299, 2300, -1, 2301, 2302, 2303, -1, 2304, 2305, 2306, -1, 2307, 2308, 2309, -1, 2310, 2311, 2312, -1, 2313, 2314, 2315, -1, 2316, 2317, 2318, -1, 2319, 2320, 2321, -1, 2322, 2323, 2324, -1, 2325, 2326, 2327, -1, 2328, 2329, 2330, -1, 2331, 2332, 2333, -1, 2334, 2335, 2336, -1, 2337, 2338, 2339, -1, 2340, 2341, 2342, -1, 2343, 2344, 2345, -1, 2346, 2347, 2348, -1, 2349, 2350, 2351, -1, 2352, 2353, 2354, -1, 2355, 2356, 2357, -1, 2358, 2359, 2360, -1, 2361, 2362, 2363, -1, 2364, 2365, 2366, -1, 2367, 2368, 2369, -1, 2370, 2371, 2372, -1, 2373, 2374, 2375, -1, 2376, 2377, 2378, -1, 2379, 2380, 2381, -1, 2382, 2383, 2384, -1, 2385, 2386, 2387, -1, 2388, 2389, 2390, -1, 2391, 2392, 2393, -1, 2394, 2395, 2396, -1, 2397, 2398, 2399, -1, 2400, 2401, 2402, -1, 2403, 2404, 2405, -1, 2406, 2407, 2408, -1, 2409, 2410, 2411, -1, 2412, 2413, 2414, -1, 2415, 2416, 2417, -1, 2418, 2419, 2420, -1, 2421, 2422, 2423, -1, 2424, 2425, 2426, -1, 2427, 2428, 2429, -1, 2430, 2431, 2432, -1, 2433, 2434, 2435, -1, 2436, 2437, 2438, -1, 2439, 2440, 2441, -1, 2442, 2443, 2444, -1, 2445, 2446, 2447, -1, 2448, 2449, 2450, -1, 2451, 2452, 2453, -1, 2454, 2455, 2456, -1, 2457, 2458, 2459, -1, 2460, 2461, 2462, -1, 2463, 2464, 2465, -1, 2466, 2467, 2468, -1, 2469, 2470, 2471, -1, 2472, 2473, 2474, -1, 2475, 2476, 2477, -1, 2478, 2479, 2480, -1, 2481, 2482, 2483, -1, 2484, 2485, 2486, -1, 2487, 2488, 2489, -1, 2490, 2491, 2492, -1, 2493, 2494, 2495, -1, 2496, 2497, 2498, -1, 2499, 2500, 2501, -1, 2502, 2503, 2504, -1, 2505, 2506, 2507, -1, 2508, 2509, 2510, -1, 2511, 2512, 2513, -1, 2514, 2515, 2516, -1, 2517, 2518, 2519, -1, 2520, 2521, 2522, -1, 2523, 2524, 2525, -1, 2526, 2527, 2528, -1, 2529, 2530, 2531, -1, 2532, 2533, 2534, -1, 2535, 2536, 2537, -1, 2538, 2539, 2540, -1, 2541, 2542, 2543, -1, 2544, 2545, 2546, -1, 2547, 2548, 2549, -1, 2550, 2551, 2552, -1, 2553, 2554, 2555, -1, 2556, 2557, 2558, -1, 2559, 2560, 2561, -1, 2562, 2563, 2564, -1, 2565, 2566, 2567, -1, 2568, 2569, 2570, -1, 2571, 2572, 2573, -1, 2574, 2575, 2576, -1, 2577, 2578, 2579, -1, 2580, 2581, 2582, -1, 2583, 2584, 2585, -1, 2586, 2587, 2588, -1, 2589, 2590, 2591, -1, 2592, 2593, 2594, -1, 2595, 2596, 2597, -1, 2598, 2599, 2600, -1, 2601, 2602, 2603, -1, 2604, 2605, 2606, -1, 2607, 2608, 2609, -1, 2610, 2611, 2612, -1, 2613, 2614, 2615, -1, 2616, 2617, 2618, -1, 2619, 2620, 2621, -1, 2622, 2623, 2624, -1, 2625, 2626, 2627, -1, 2628, 2629, 2630, -1, 2631, 2632, 2633, -1, 2634, 2635, 2636, -1, 2637, 2638, 2639, -1, 2640, 2641, 2642, -1, 2643, 2644, 2645, -1, 2646, 2647, 2648, -1, 2649, 2650, 2651, -1, 2652, 2653, 2654, -1, 2655, 2656, 2657, -1, 2658, 2659, 2660, -1, 2661, 2662, 2663, -1, 2664, 2665, 2666, -1, 2667, 2668, 2669, -1, 2670, 2671, 2672, -1, 2673, 2674, 2675, -1, 2676, 2677, 2678, -1, 2679, 2680, 2681, -1, 2682, 2683, 2684, -1, 2685, 2686, 2687, -1, 2688, 2689, 2690, -1, 2691, 2692, 2693, -1, 2694, 2695, 2696, -1, 2697, 2698, 2699, -1, 2700, 2701, 2702, -1, 2703, 2704, 2705, -1, 2706, 2707, 2708, -1, 2709, 2710, 2711, -1, 2712, 2713, 2714, -1, 2715, 2716, 2717, -1, 2718, 2719, 2720, -1, 2721, 2722, 2723, -1, 2724, 2725, 2726, -1, 2727, 2728, 2729, -1, 2730, 2731, 2732, -1, 2733, 2734, 2735, -1, 2736, 2737, 2738, -1, 2739, 2740, 2741, -1, 2742, 2743, 2744, -1, 2745, 2746, 2747, -1, 2748, 2749, 2750, -1, 2751, 2752, 2753, -1, 2754, 2755, 2756, -1, 2757, 2758, 2759, -1, 2760, 2761, 2762, -1, 2763, 2764, 2765, -1, 2766, 2767, 2768, -1, 2769, 2770, 2771, -1, 2772, 2773, 2774, -1, 2775, 2776, 2777, -1, 2778, 2779, 2780, -1, 2781, 2782, 2783, -1, 2784, 2785, 2786, -1, 2787, 2788, 2789, -1, 2790, 2791, 2792, -1, 2793, 2794, 2795, -1, 2796, 2797, 2798, -1, 2799, 2800, 2801, -1, 2802, 2803, 2804, -1, 2805, 2806, 2807, -1, 2808, 2809, 2810, -1, 2811, 2812, 2813, -1, 2814, 2815, 2816, -1, 2817, 2818, 2819, -1, 2820, 2821, 2822, -1, 2823, 2824, 2825, -1, 2826, 2827, 2828, -1, 2829, 2830, 2831, -1, 2832, 2833, 2834, -1, 2835, 2836, 2837, -1, 2838, 2839, 2840, -1, 2841, 2842, 2843, -1, 2844, 2845, 2846, -1, 2847, 2848, 2849, -1, 2850, 2851, 2852, -1, 2853, 2854, 2855, -1, 2856, 2857, 2858, -1, 2859, 2860, 2861, -1, 2862, 2863, 2864, -1, 2865, 2866, 2867, -1, 2868, 2869, 2870, -1, 2871, 2872, 2873, -1, 2874, 2875, 2876, -1, 2877, 2878, 2879, -1, 2880, 2881, 2882, -1, 2883, 2884, 2885, -1, 2886, 2887, 2888, -1, 2889, 2890, 2891, -1, 2892, 2893, 2894, -1, 2895, 2896, 2897, -1, 2898, 2899, 2900, -1, 2901, 2902, 2903, -1, 2904, 2905, 2906, -1, 2907, 2908, 2909, -1, 2910, 2911, 2912, -1, 2913, 2914, 2915, -1, 2916, 2917, 2918, -1, 2919, 2920, 2921, -1, 2922, 2923, 2924, -1, 2925, 2926, 2927, -1, 2928, 2929, 2930, -1, 2931, 2932, 2933, -1, 2934, 2935, 2936, -1, 2937, 2938, 2939, -1, 2940, 2941, 2942, -1, 2943, 2944, 2945, -1, 2946, 2947, 2948, -1, 2949, 2950, 2951, -1, 2952, 2953, 2954, -1, 2955, 2956, 2957, -1, 2958, 2959, 2960, -1, 2961, 2962, 2963, -1, 2964, 2965, 2966, -1, 2967, 2968, 2969, -1, 2970, 2971, 2972, -1, 2973, 2974, 2975, -1, 2976, 2977, 2978, -1, 2979, 2980, 2981, -1, 2982, 2983, 2984, -1, 2985, 2986, 2987, -1, 2988, 2989, 2990, -1, 2991, 2992, 2993, -1, 2994, 2995, 2996, -1, 2997, 2998, 2999, -1, 3000, 3001, 3002, -1, 3003, 3004, 3005, -1, 3006, 3007, 3008, -1, 3009, 3010, 3011, -1, 3012, 3013, 3014, -1, 3015, 3016, 3017, -1, 3018, 3019, 3020, -1, 3021, 3022, 3023, -1, 3024, 3025, 3026, -1, 3027, 3028, 3029, -1, 3030, 3031, 3032, -1, 3033, 3034, 3035, -1, 3036, 3037, 3038, -1, 3039, 3040, 3041, -1, 3042, 3043, 3044, -1, 3045, 3046, 3047, -1, 3048, 3049, 3050, -1, 3051, 3052, 3053, -1, 3054, 3055, 3056, -1, 3057, 3058, 3059, -1, 3060, 3061, 3062, -1, 3063, 3064, 3065, -1, 3066, 3067, 3068, -1, 3069, 3070, 3071, -1, 3072, 3073, 3074, -1, 3075, 3076, 3077, -1, 3078, 3079, 3080, -1, 3081, 3082, 3083, -1, 3084, 3085, 3086, -1, 3087, 3088, 3089, -1, 3090, 3091, 3092, -1, 3093, 3094, 3095, -1, 3096, 3097, 3098, -1, 3099, 3100, 3101, -1, 3102, 3103, 3104, -1, 3105, 3106, 3107, -1, 3108, 3109, 3110, -1, 3111, 3112, 3113, -1, 3114, 3115, 3116, -1, 3117, 3118, 3119, -1, 3120, 3121, 3122, -1, 3123, 3124, 3125, -1, 3126, 3127, 3128, -1, 3129, 3130, 3131, -1, 3132, 3133, 3134, -1, 3135, 3136, 3137, -1, 3138, 3139, 3140, -1, 3141, 3142, 3143, -1, 3144, 3145, 3146, -1, 3147, 3148, 3149, -1, 3150, 3151, 3152, -1, 3153, 3154, 3155, -1, 3156, 3157, 3158, -1, 3159, 3160, 3161, -1, 3162, 3163, 3164, -1, 3165, 3166, 3167, -1, 3168, 3169, 3170, -1, 3171, 3172, 3173, -1, 3174, 3175, 3176, -1, 3177, 3178, 3179, -1, 3180, 3181, 3182, -1, 3183, 3184, 3185, -1, 3186, 3187, 3188, -1, 3189, 3190, 3191, -1, 3192, 3193, 3194, -1, 3195, 3196, 3197, -1, 3198, 3199, 3200, -1, 3201, 3202, 3203, -1, 3204, 3205, 3206, -1, 3207, 3208, 3209, -1, 3210, 3211, 3212, -1, 3213, 3214, 3215, -1, 3216, 3217, 3218, -1, 3219, 3220, 3221, -1, 3222, 3223, 3224, -1, 3225, 3226, 3227, -1, 3228, 3229, 3230, -1, 3231, 3232, 3233, -1, 3234, 3235, 3236, -1, 3237, 3238, 3239, -1, 3240, 3241, 3242, -1, 3243, 3244, 3245, -1, 3246, 3247, 3248, -1, 3249, 3250, 3251, -1, 3252, 3253, 3254, -1, 3255, 3256, 3257, -1, 3258, 3259, 3260, -1, 3261, 3262, 3263, -1, 3264, 3265, 3266, -1, 3267, 3268, 3269, -1, 3270, 3271, 3272, -1, 3273, 3274, 3275, -1, 3276, 3277, 3278, -1, 3279, 3280, 3281, -1, 3282, 3283, 3284, -1, 3285, 3286, 3287, -1, 3288, 3289, 3290, -1, 3291, 3292, 3293, -1, 3294, 3295, 3296, -1, 3297, 3298, 3299, -1, 3300, 3301, 3302, -1, 3303, 3304, 3305, -1, 3306, 3307, 3308, -1, 3309, 3310, 3311, -1, 3312, 3313, 3314, -1, 3315, 3316, 3317, -1, 3318, 3319, 3320, -1, 3321, 3322, 3323, -1, 3324, 3325, 3326, -1, 3327, 3328, 3329, -1, 3330, 3331, 3332, -1, 3333, 3334, 3335, -1, 3336, 3337, 3338, -1, 3339, 3340, 3341, -1, 3342, 3343, 3344, -1, 3345, 3346, 3347, -1, 3348, 3349, 3350, -1, 3351, 3352, 3353, -1, 3354, 3355, 3356, -1, 3357, 3358, 3359, -1, 3360, 3361, 3362, -1, 3363, 3364, 3365, -1, 3366, 3367, 3368, -1, 3369, 3370, 3371, -1, 3372, 3373, 3374, -1, 3375, 3376, 3377, -1, 3378, 3379, 3380, -1, 3381, 3382, 3383, -1, 3384, 3385, 3386, -1, 3387, 3388, 3389, -1, 3390, 3391, 3392, -1, 3393, 3394, 3395, -1, 3396, 3397, 3398, -1, 3399, 3400, 3401, -1, 3402, 3403, 3404, -1, 3405, 3406, 3407, -1, 3408, 3409, 3410, -1, 3411, 3412, 3413, -1, 3414, 3415, 3416, -1, 3417, 3418, 3419, -1, 3420, 3421, 3422, -1, 3423, 3424, 3425, -1, 3426, 3427, 3428, -1, 3429, 3430, 3431, -1, 3432, 3433, 3434, -1, 3435, 3436, 3437, -1, 3438, 3439, 3440, -1, 3441, 3442, 3443, -1, 3444, 3445, 3446, -1, 3447, 3448, 3449, -1, 3450, 3451, 3452, -1, 3453, 3454, 3455, -1, 3456, 3457, 3458, -1, 3459, 3460, 3461, -1, 3462, 3463, 3464, -1, 3465, 3466, 3467, -1, 3468, 3469, 3470, -1, 3471, 3472, 3473, -1, 3474, 3475, 3476, -1, 3477, 3478, 3479, -1, 3480, 3481, 3482, -1, 3483, 3484, 3485, -1, 3486, 3487, 3488, -1, 3489, 3490, 3491, -1, 3492, 3493, 3494, -1, 3495, 3496, 3497, -1, 3498, 3499, 3500, -1, 3501, 3502, 3503, -1, 3504, 3505, 3506, -1, 3507, 3508, 3509, -1, 3510, 3511, 3512, -1, 3513, 3514, 3515, -1, 3516, 3517, 3518, -1, 3519, 3520, 3521, -1, 3522, 3523, 3524, -1, 3525, 3526, 3527, -1, 3528, 3529, 3530, -1, 3531, 3532, 3533, -1, 3534, 3535, 3536, -1, 3537, 3538, 3539, -1, 3540, 3541, 3542, -1, 3543, 3544, 3545, -1, 3546, 3547, 3548, -1, 3549, 3550, 3551, -1, 3552, 3553, 3554, -1, 3555, 3556, 3557, -1, 3558, 3559, 3560, -1, 3561, 3562, 3563, -1, 3564, 3565, 3566, -1, 3567, 3568, 3569, -1, 3570, 3571, 3572, -1, 3573, 3574, 3575, -1, 3576, 3577, 3578, -1, 3579, 3580, 3581, -1, 3582, 3583, 3584, -1, 3585, 3586, 3587, -1, 3588, 3589, 3590, -1, 3591, 3592, 3593, -1, 3594, 3595, 3596, -1, 3597, 3598, 3599, -1, 3600, 3601, 3602, -1, 3603, 3604, 3605, -1, 3606, 3607, 3608, -1, 3609, 3610, 3611, -1, 3612, 3613, 3614, -1, 3615, 3616, 3617, -1, 3618, 3619, 3620, -1, 3621, 3622, 3623, -1, 3624, 3625, 3626, -1, 3627, 3628, 3629, -1, 3630, 3631, 3632, -1, 3633, 3634, 3635, -1, 3636, 3637, 3638, -1, 3639, 3640, 3641, -1, 3642, 3643, 3644, -1, 3645, 3646, 3647, -1, 3648, 3649, 3650, -1, 3651, 3652, 3653, -1, 3654, 3655, 3656, -1, 3657, 3658, 3659, -1, 3660, 3661, 3662, -1, 3663, 3664, 3665, -1, 3666, 3667, 3668, -1, 3669, 3670, 3671, -1, 3672, 3673, 3674, -1, 3675, 3676, 3677, -1, 3678, 3679, 3680, -1, 3681, 3682, 3683, -1, 3684, 3685, 3686, -1, 3687, 3688, 3689, -1, 3690, 3691, 3692, -1, 3693, 3694, 3695, -1, 3696, 3697, 3698, -1, 3699, 3700, 3701, -1, 3702, 3703, 3704, -1, 3705, 3706, 3707, -1, 3708, 3709, 3710, -1, 3711, 3712, 3713, -1, 3714, 3715, 3716, -1, 3717, 3718, 3719, -1, 3720, 3721, 3722, -1, 3723, 3724, 3725, -1, 3726, 3727, 3728, -1, 3729, 3730, 3731, -1, 3732, 3733, 3734, -1, 3735, 3736, 3737, -1, 3738, 3739, 3740, -1, 3741, 3742, 3743, -1, 3744, 3745, 3746, -1, 3747, 3748, 3749, -1, 3750, 3751, 3752, -1, ]
        }
      }
    }
  ]
}
