#VRML V2.0 utf8

Transform {
  children [
    Shape {
      appearance Appearance {
        material Material { diffuseColor 0.13 0.13 0.13 specularColor 0.2 0.2 0.2 shininess 0.3 }
      }
      geometry Box { size 28.200 13.300 2.650 }
    }
    Transform {
      translation 0 0 -1.3250
      children Shape {
        appearance Appearance {
          material Material { diffuseColor 0.88 0.88 0.85 emissiveColor 0.35 0.35 0.33 }
        }
        geometry IndexedFaceSet {
          solid FALSE
          coord Coordinate { point [ -4.0159 4.1944 2.7100, -4.0331 4.1476 2.7100, -4.0512 4.0973 2.7100, -4.0512 4.0973 2.7100, -4.1419 3.8486 2.7100, -4.0488 3.8462 2.7100, -4.0488 3.8462 2.7100, -4.0284 3.8459 2.7100, -4.0059 3.8457 2.7100, -4.0059 3.8457 2.7100, -3.9821 3.8456 2.7100, -3.9577 3.8456 2.7100, -3.9577 3.8456 2.7100, -3.9334 3.8456 2.7100, -3.9100 3.8457 2.7100, -3.9100 3.8457 2.7100, -3.8883 3.8459 2.7100, -3.8689 3.8462 2.7100, -3.8689 3.8462 2.7100, -3.7815 3.8486 2.7100, -3.8665 4.0981 2.7100, -3.8665 4.0981 2.7100, -3.8838 4.1481 2.7100, -3.9000 4.1947 2.7100, -3.9000 4.1947 2.7100, -3.9150 4.2370 2.7100, -3.9282 4.2738 2.7100, -3.9282 4.2738 2.7100, -3.9393 4.3042 2.7100, -3.9480 4.3272 2.7100, -3.9480 4.3272 2.7100, -3.9538 4.3417 2.7100, -3.9564 4.3468 2.7100, -3.9564 4.3468 2.7100, -3.9592 4.3417 2.7100, -3.9653 4.3272 2.7100, -3.9653 4.3272 2.7100, -3.9745 4.3042 2.7100, -3.9862 4.2737 2.7100, -3.9862 4.2737 2.7100, -4.0002 4.2368 2.7100, -4.0159 4.1944 2.7100, -4.0159 4.1944 2.7100, -4.0512 4.0973 2.7100, -4.0488 3.8462 2.7100, -4.0488 3.8462 2.7100, -4.0059 3.8457 2.7100, -3.9577 3.8456 2.7100, -3.9577 3.8456 2.7100, -3.9100 3.8457 2.7100, -3.8689 3.8462 2.7100, -3.8689 3.8462 2.7100, -3.8665 4.0981 2.7100, -3.9000 4.1947 2.7100, -3.9000 4.1947 2.7100, -3.9282 4.2738 2.7100, -3.9480 4.3272 2.7100, -3.9480 4.3272 2.7100, -3.9564 4.3468 2.7100, -3.9653 4.3272 2.7100, -3.9653 4.3272 2.7100, -3.9862 4.2737 2.7100, -4.0159 4.1944 2.7100, -4.0159 4.1944 2.7100, -4.0488 3.8462 2.7100, -3.9577 3.8456 2.7100, -3.9577 3.8456 2.7100, -3.8689 3.8462 2.7100, -3.9000 4.1947 2.7100, -3.9000 4.1947 2.7100, -3.9480 4.3272 2.7100, -3.9653 4.3272 2.7100, -3.9653 4.3272 2.7100, -4.0159 4.1944 2.7100, -3.9577 3.8456 2.7100, -3.9577 3.8456 2.7100, -3.9000 4.1947 2.7100, -3.9653 4.3272 2.7100, 3.8827 4.4011 2.7100, 3.6899 4.4051 2.7100, 3.6899 4.2221 2.7100, 3.6899 4.2221 2.7100, 3.6899 4.0390 2.7100, 3.8600 4.0390 2.7100, 3.8600 4.0390 2.7100, 3.9239 4.0393 2.7100, 3.9761 4.0405 2.7100, 3.9761 4.0405 2.7100, 4.0186 4.0428 2.7100, 4.0530 4.0464 2.7100, 4.0530 4.0464 2.7100, 4.0812 4.0515 2.7100, 4.1047 4.0585 2.7100, 4.1047 4.0585 2.7100, 4.1255 4.0674 2.7100, 4.1452 4.0787 2.7100, 4.1452 4.0787 2.7100, 4.1734 4.1027 2.7100, 4.1947 4.1333 2.7100, 4.1947 4.1333 2.7100, 4.2089 4.1686 2.7100, 4.2159 4.2067 2.7100, 4.2159 4.2067 2.7100, 4.2155 4.2454 2.7100, 4.2076 4.2830 2.7100, 4.2076 4.2830 2.7100, 4.1921 4.3175 2.7100, 4.1687 4.3468 2.7100, 4.1687 4.3468 2.7100, 4.1514 4.3620 2.7100, 4.1339 4.3739 2.7100, 4.1339 4.3739 2.7100, 4.1136 4.3828 2.7100, 4.0880 4.3894 2.7100, 4.0880 4.3894 2.7100, 4.0546 4.3941 2.7100, 4.0109 4.3973 2.7100, 4.0109 4.3973 2.7100, 3.9544 4.3994 2.7100, 3.8827 4.4011 2.7100, 3.8827 4.4011 2.7100, 3.6899 4.2221 2.7100, 3.8600 4.0390 2.7100, 3.8600 4.0390 2.7100, 3.9761 4.0405 2.7100, 4.0530 4.0464 2.7100, 4.0530 4.0464 2.7100, 4.1047 4.0585 2.7100, 4.1452 4.0787 2.7100, 4.1452 4.0787 2.7100, 4.1947 4.1333 2.7100, 4.2159 4.2067 2.7100, 4.2159 4.2067 2.7100, 4.2076 4.2830 2.7100, 4.1687 4.3468 2.7100, 4.1687 4.3468 2.7100, 4.1339 4.3739 2.7100, 4.0880 4.3894 2.7100, 4.0880 4.3894 2.7100, 4.0109 4.3973 2.7100, 3.8827 4.4011 2.7100, 3.8827 4.4011 2.7100, 3.8600 4.0390 2.7100, 4.0530 4.0464 2.7100, 4.0530 4.0464 2.7100, 4.1452 4.0787 2.7100, 4.2159 4.2067 2.7100, 4.2159 4.2067 2.7100, 4.1687 4.3468 2.7100, 4.0880 4.3894 2.7100, 4.0880 4.3894 2.7100, 3.8827 4.4011 2.7100, 4.0530 4.0464 2.7100, 4.0530 4.0464 2.7100, 4.2159 4.2067 2.7100, 4.0880 4.3894 2.7100, 3.9030 3.9077 2.7100, 3.6899 3.9102 2.7100, 3.6899 3.7077 2.7100, 3.6899 3.7077 2.7100, 3.6899 3.5043 2.7100, 3.8908 3.5043 2.7100, 3.8908 3.5043 2.7100, 3.9455 3.5044 2.7100, 3.9911 3.5049 2.7100, 3.9911 3.5049 2.7100, 4.0288 3.5056 2.7100, 4.0595 3.5069 2.7100, 4.0595 3.5069 2.7100, 4.0844 3.5086 2.7100, 4.1045 3.5108 2.7100, 4.1045 3.5108 2.7100, 4.1209 3.5137 2.7100, 4.1347 3.5173 2.7100, 4.1347 3.5173 2.7100, 4.1798 3.5380 2.7100, 4.2170 3.5694 2.7100, 4.2170 3.5694 2.7100, 4.2454 3.6089 2.7100, 4.2642 3.6538 2.7100, 4.2642 3.6538 2.7100, 4.2726 3.7016 2.7100, 4.2699 3.7497 2.7100, 4.2699 3.7497 2.7100, 4.2552 3.7955 2.7100, 4.2278 3.8365 2.7100, 4.2278 3.8365 2.7100, 4.2213 3.8428 2.7100, 4.2136 3.8495 2.7100, 4.2136 3.8495 2.7100, 4.2049 3.8564 2.7100, 4.1956 3.8633 2.7100, 4.1956 3.8633 2.7100, 4.1859 3.8699 2.7100, 4.1761 3.8760 2.7100, 4.1761 3.8760 2.7100, 4.1665 3.8814 2.7100, 4.1573 3.8859 2.7100, 4.1573 3.8859 2.7100, 4.1431 3.8921 2.7100, 4.1290 3.8968 2.7100, 4.1290 3.8968 2.7100, 4.1125 3.9003 2.7100, 4.0909 3.9029 2.7100, 4.0909 3.9029 2.7100, 4.0618 3.9047 2.7100, 4.0225 3.9059 2.7100, 4.0225 3.9059 2.7100, 3.9704 3.9069 2.7100, 3.9030 3.9077 2.7100, 3.9030 3.9077 2.7100, 3.6899 3.7077 2.7100, 3.8908 3.5043 2.7100, 3.8908 3.5043 2.7100, 3.9911 3.5049 2.7100, 4.0595 3.5069 2.7100, 4.0595 3.5069 2.7100, 4.1045 3.5108 2.7100, 4.1347 3.5173 2.7100, 4.1347 3.5173 2.7100, 4.2170 3.5694 2.7100, 4.2642 3.6538 2.7100, 4.2642 3.6538 2.7100, 4.2699 3.7497 2.7100, 4.2278 3.8365 2.7100, 4.2278 3.8365 2.7100, 4.2136 3.8495 2.7100, 4.1956 3.8633 2.7100, 4.1956 3.8633 2.7100, 4.1761 3.8760 2.7100, 4.1573 3.8859 2.7100, 4.1573 3.8859 2.7100, 4.1290 3.8968 2.7100, 4.0909 3.9029 2.7100, 4.0909 3.9029 2.7100, 4.0225 3.9059 2.7100, 3.9030 3.9077 2.7100, 3.9030 3.9077 2.7100, 3.8908 3.5043 2.7100, 4.0595 3.5069 2.7100, 4.0595 3.5069 2.7100, 4.1347 3.5173 2.7100, 4.2642 3.6538 2.7100, 4.2642 3.6538 2.7100, 4.2278 3.8365 2.7100, 4.1956 3.8633 2.7100, 4.1956 3.8633 2.7100, 4.1573 3.8859 2.7100, 4.0909 3.9029 2.7100, 4.0909 3.9029 2.7100, 3.9030 3.9077 2.7100, 4.0595 3.5069 2.7100, 4.0595 3.5069 2.7100, 4.2642 3.6538 2.7100, 4.1956 3.8633 2.7100, 4.1956 3.8633 2.7100, 4.0909 3.9029 2.7100, 4.0595 3.5069 2.7100, 2.0192 4.3746 2.7100, 1.9973 4.3720 2.7100, 1.9782 4.3679 2.7100, 1.9782 4.3679 2.7100, 1.9524 4.3582 2.7100, 1.9293 4.3448 2.7100, 1.9293 4.3448 2.7100, 1.9091 4.3278 2.7100, 1.8919 4.3076 2.7100, 1.8919 4.3076 2.7100, 1.8782 4.2846 2.7100, 1.8679 4.2591 2.7100, 1.8679 4.2591 2.7100, 1.8615 4.2314 2.7100, 1.8591 4.2018 2.7100, 1.8591 4.2018 2.7100, 1.8626 4.1639 2.7100, 1.8729 4.1301 2.7100, 1.8729 4.1301 2.7100, 1.8897 4.1005 2.7100, 1.9125 4.0756 2.7100, 1.9125 4.0756 2.7100, 1.9411 4.0557 2.7100, 1.9750 4.0409 2.7100, 1.9750 4.0409 2.7100, 2.0140 4.0318 2.7100, 2.0576 4.0284 2.7100, 2.0576 4.0284 2.7100, 2.0909 4.0303 2.7100, 2.1215 4.0357 2.7100, 2.1215 4.0357 2.7100, 2.1493 4.0446 2.7100, 2.1743 4.0571 2.7100, 2.1743 4.0571 2.7100, 2.1963 4.0730 2.7100, 2.2155 4.0924 2.7100, 2.2155 4.0924 2.7100, 2.2316 4.1150 2.7100, 2.2447 4.1410 2.7100, 2.2447 4.1410 2.7100, 2.2536 4.1716 2.7100, 2.2556 4.2037 2.7100, 2.2556 4.2037 2.7100, 2.2512 4.2361 2.7100, 2.2410 4.2675 2.7100, 2.2410 4.2675 2.7100, 2.2254 4.2969 2.7100, 2.2050 4.3230 2.7100, 2.2050 4.3230 2.7100, 2.1802 4.3446 2.7100, 2.1516 4.3606 2.7100, 2.1516 4.3606 2.7100, 2.1346 4.3663 2.7100, 2.1142 4.3707 2.7100, 2.1142 4.3707 2.7100, 2.0915 4.3738 2.7100, 2.0673 4.3755 2.7100, 2.0673 4.3755 2.7100, 2.0429 4.3757 2.7100, 2.0192 4.3746 2.7100, 2.0192 4.3746 2.7100, 1.9782 4.3679 2.7100, 1.9293 4.3448 2.7100, 1.9293 4.3448 2.7100, 1.8919 4.3076 2.7100, 1.8679 4.2591 2.7100, 1.8679 4.2591 2.7100, 1.8591 4.2018 2.7100, 1.8729 4.1301 2.7100, 1.8729 4.1301 2.7100, 1.9125 4.0756 2.7100, 1.9750 4.0409 2.7100, 1.9750 4.0409 2.7100, 2.0576 4.0284 2.7100, 2.1215 4.0357 2.7100, 2.1215 4.0357 2.7100, 2.1743 4.0571 2.7100, 2.2155 4.0924 2.7100, 2.2155 4.0924 2.7100, 2.2447 4.1410 2.7100, 2.2556 4.2037 2.7100, 2.2556 4.2037 2.7100, 2.2410 4.2675 2.7100, 2.2050 4.3230 2.7100, 2.2050 4.3230 2.7100, 2.1516 4.3606 2.7100, 2.1142 4.3707 2.7100, 2.1142 4.3707 2.7100, 2.0673 4.3755 2.7100, 2.0192 4.3746 2.7100, 2.0192 4.3746 2.7100, 1.9293 4.3448 2.7100, 1.8679 4.2591 2.7100, 1.8679 4.2591 2.7100, 1.8729 4.1301 2.7100, 1.9750 4.0409 2.7100, 1.9750 4.0409 2.7100, 2.1215 4.0357 2.7100, 2.2155 4.0924 2.7100, 2.2155 4.0924 2.7100, 2.2556 4.2037 2.7100, 2.2050 4.3230 2.7100, 2.2050 4.3230 2.7100, 2.1142 4.3707 2.7100, 2.0192 4.3746 2.7100, 2.0192 4.3746 2.7100, 1.8679 4.2591 2.7100, 1.9750 4.0409 2.7100, 1.9750 4.0409 2.7100, 2.2155 4.0924 2.7100, 2.2050 4.3230 2.7100, 2.2050 4.3230 2.7100, 2.0192 4.3746 2.7100, 1.9750 4.0409 2.7100, 1.9905 3.8940 2.7100, 1.9794 3.8911 2.7100, 1.9685 3.8875 2.7100, 1.9685 3.8875 2.7100, 1.9367 3.8742 2.7100, 1.9093 3.8586 2.7100, 1.9093 3.8586 2.7100, 1.8862 3.8404 2.7100, 1.8671 3.8195 2.7100, 1.8671 3.8195 2.7100, 1.8520 3.7958 2.7100, 1.8406 3.7691 2.7100, 1.8406 3.7691 2.7100, 1.8327 3.7392 2.7100, 1.8284 3.7060 2.7100, 1.8284 3.7060 2.7100, 1.8274 3.6791 2.7100, 1.8284 3.6546 2.7100, 1.8284 3.6546 2.7100, 1.8313 3.6322 2.7100, 1.8365 3.6114 2.7100, 1.8365 3.6114 2.7100, 1.8438 3.5918 2.7100, 1.8536 3.5731 2.7100, 1.8536 3.5731 2.7100, 1.8660 3.5549 2.7100, 1.8810 3.5367 2.7100, 1.8810 3.5367 2.7100, 1.8988 3.5186 2.7100, 1.9167 3.5038 2.7100, 1.9167 3.5038 2.7100, 1.9355 3.4918 2.7100, 1.9558 3.4825 2.7100, 1.9558 3.4825 2.7100, 1.9784 3.4758 2.7100, 2.0039 3.4712 2.7100, 2.0039 3.4712 2.7100, 2.0331 3.4687 2.7100, 2.0665 3.4679 2.7100, 2.0665 3.4679 2.7100, 2.0888 3.4680 2.7100, 2.1071 3.4686 2.7100, 2.1071 3.4686 2.7100, 2.1224 3.4698 2.7100, 2.1357 3.4718 2.7100, 2.1357 3.4718 2.7100, 2.1478 3.4749 2.7100, 2.1598 3.4791 2.7100, 2.1598 3.4791 2.7100, 2.1726 3.4848 2.7100, 2.1872 3.4922 2.7100, 2.1872 3.4922 2.7100, 2.2088 3.5045 2.7100, 2.2276 3.5179 2.7100, 2.2276 3.5179 2.7100, 2.2436 3.5326 2.7100, 2.2572 3.5489 2.7100, 2.2572 3.5489 2.7100, 2.2684 3.5670 2.7100, 2.2776 3.5872 2.7100, 2.2776 3.5872 2.7100, 2.2847 3.6097 2.7100, 2.2901 3.6347 2.7100, 2.2901 3.6347 2.7100, 2.2943 3.6886 2.7100, 2.2883 3.7379 2.7100, 2.2883 3.7379 2.7100, 2.2727 3.7819 2.7100, 2.2482 3.8199 2.7100, 2.2482 3.8199 2.7100, 2.2152 3.8514 2.7100, 2.1744 3.8755 2.7100, 2.1744 3.8755 2.7100, 2.1262 3.8915 2.7100, 2.0714 3.8988 2.7100, 2.0714 3.8988 2.7100, 2.0551 3.8995 2.7100, 2.0403 3.8996 2.7100, 2.0403 3.8996 2.7100, 2.0266 3.8991 2.7100, 2.0139 3.8980 2.7100, 2.0139 3.8980 2.7100, 2.0019 3.8963 2.7100, 1.9905 3.8940 2.7100, 1.9905 3.8940 2.7100, 1.9685 3.8875 2.7100, 1.9093 3.8586 2.7100, 1.9093 3.8586 2.7100, 1.8671 3.8195 2.7100, 1.8406 3.7691 2.7100, 1.8406 3.7691 2.7100, 1.8284 3.7060 2.7100, 1.8284 3.6546 2.7100, 1.8284 3.6546 2.7100, 1.8365 3.6114 2.7100, 1.8536 3.5731 2.7100, 1.8536 3.5731 2.7100, 1.8810 3.5367 2.7100, 1.9167 3.5038 2.7100, 1.9167 3.5038 2.7100, 1.9558 3.4825 2.7100, 2.0039 3.4712 2.7100, 2.0039 3.4712 2.7100, 2.0665 3.4679 2.7100, 2.1071 3.4686 2.7100, 2.1071 3.4686 2.7100, 2.1357 3.4718 2.7100, 2.1598 3.4791 2.7100, 2.1598 3.4791 2.7100, 2.1872 3.4922 2.7100, 2.2276 3.5179 2.7100, 2.2276 3.5179 2.7100, 2.2572 3.5489 2.7100, 2.2776 3.5872 2.7100, 2.2776 3.5872 2.7100, 2.2901 3.6347 2.7100, 2.2883 3.7379 2.7100, 2.2883 3.7379 2.7100, 2.2482 3.8199 2.7100, 2.1744 3.8755 2.7100, 2.1744 3.8755 2.7100, 2.0714 3.8988 2.7100, 2.0403 3.8996 2.7100, 2.0403 3.8996 2.7100, 2.0139 3.8980 2.7100, 1.9905 3.8940 2.7100, 1.9905 3.8940 2.7100, 1.9093 3.8586 2.7100, 1.8406 3.7691 2.7100, 1.8406 3.7691 2.7100, 1.8284 3.6546 2.7100, 1.8536 3.5731 2.7100, 1.8536 3.5731 2.7100, 1.9167 3.5038 2.7100, 2.0039 3.4712 2.7100, 2.0039 3.4712 2.7100, 2.1071 3.4686 2.7100, 2.1598 3.4791 2.7100, 2.1598 3.4791 2.7100, 2.2276 3.5179 2.7100, 2.2776 3.5872 2.7100, 2.2776 3.5872 2.7100, 2.2883 3.7379 2.7100, 2.1744 3.8755 2.7100, 2.1744 3.8755 2.7100, 2.0403 3.8996 2.7100, 1.9905 3.8940 2.7100, 1.9905 3.8940 2.7100, 1.8406 3.7691 2.7100, 1.8536 3.5731 2.7100, 1.8536 3.5731 2.7100, 2.0039 3.4712 2.7100, 2.1598 3.4791 2.7100, 2.1598 3.4791 2.7100, 2.2776 3.5872 2.7100, 2.1744 3.8755 2.7100, 2.1744 3.8755 2.7100, 1.9905 3.8940 2.7100, 1.8536 3.5731 2.7100, 1.8536 3.5731 2.7100, 2.1598 3.4791 2.7100, 2.1744 3.8755 2.7100, -0.7290 4.3707 2.7100, -0.7713 4.3685 2.7100, -0.8141 4.3590 2.7100, -0.8141 4.3590 2.7100, -0.8221 4.3561 2.7100, -0.8308 4.3524 2.7100, -0.8308 4.3524 2.7100, -0.8398 4.3482 2.7100, -0.8490 4.3434 2.7100, -0.8490 4.3434 2.7100, -0.8580 4.3382 2.7100, -0.8665 4.3328 2.7100, -0.8665 4.3328 2.7100, -0.8744 4.3272 2.7100, -0.8814 4.3217 2.7100, -0.8814 4.3217 2.7100, -0.9153 4.2845 2.7100, -0.9406 4.2381 2.7100, -0.9406 4.2381 2.7100, -0.9569 4.1854 2.7100, -0.9642 4.1294 2.7100, -0.9642 4.1294 2.7100, -0.9623 4.0729 2.7100, -0.9511 4.0190 2.7100, -0.9511 4.0190 2.7100, -0.9304 3.9705 2.7100, -0.9000 3.9304 2.7100, -0.9000 3.9304 2.7100, -0.8850 3.9167 2.7100, -0.8694 3.9052 2.7100, -0.8694 3.9052 2.7100, -0.8529 3.8958 2.7100, -0.8350 3.8884 2.7100, -0.8350 3.8884 2.7100, -0.8154 3.8829 2.7100, -0.7936 3.8790 2.7100, -0.7936 3.8790 2.7100, -0.7693 3.8769 2.7100, -0.7420 3.8761 2.7100, -0.7420 3.8761 2.7100, -0.7081 3.8778 2.7100, -0.6764 3.8832 2.7100, -0.6764 3.8832 2.7100, -0.6469 3.8922 2.7100, -0.6200 3.9049 2.7100, -0.6200 3.9049 2.7100, -0.5958 3.9211 2.7100, -0.5745 3.9406 2.7100, -0.5745 3.9406 2.7100, -0.5562 3.9635 2.7100, -0.5411 3.9896 2.7100, -0.5411 3.9896 2.7100, -0.5343 4.0036 2.7100, -0.5290 4.0162 2.7100, -0.5290 4.0162 2.7100, -0.5251 4.0283 2.7100, -0.5222 4.0411 2.7100, -0.5222 4.0411 2.7100, -0.5203 4.0556 2.7100, -0.5191 4.0728 2.7100, -0.5191 4.0728 2.7100, -0.5186 4.0939 2.7100, -0.5185 4.1200 2.7100, -0.5185 4.1200 2.7100, -0.5186 4.1445 2.7100, -0.5192 4.1649 2.7100, -0.5192 4.1649 2.7100, -0.5203 4.1822 2.7100, -0.5221 4.1970 2.7100, -0.5221 4.1970 2.7100, -0.5246 4.2103 2.7100, -0.5280 4.2226 2.7100, -0.5280 4.2226 2.7100, -0.5324 4.2349 2.7100, -0.5379 4.2480 2.7100, -0.5379 4.2480 2.7100, -0.5579 4.2828 2.7100, -0.5838 4.3124 2.7100, -0.5838 4.3124 2.7100, -0.6148 4.3363 2.7100, -0.6499 4.3542 2.7100, -0.6499 4.3542 2.7100, -0.6883 4.3658 2.7100, -0.7290 4.3707 2.7100, -0.7290 4.3707 2.7100, -0.8141 4.3590 2.7100, -0.8308 4.3524 2.7100, -0.8308 4.3524 2.7100, -0.8490 4.3434 2.7100, -0.8665 4.3328 2.7100, -0.8665 4.3328 2.7100, -0.8814 4.3217 2.7100, -0.9406 4.2381 2.7100, -0.9406 4.2381 2.7100, -0.9642 4.1294 2.7100, -0.9511 4.0190 2.7100, -0.9511 4.0190 2.7100, -0.9000 3.9304 2.7100, -0.8694 3.9052 2.7100, -0.8694 3.9052 2.7100, -0.8350 3.8884 2.7100, -0.7936 3.8790 2.7100, -0.7936 3.8790 2.7100, -0.7420 3.8761 2.7100, -0.6764 3.8832 2.7100, -0.6764 3.8832 2.7100, -0.6200 3.9049 2.7100, -0.5745 3.9406 2.7100, -0.5745 3.9406 2.7100, -0.5411 3.9896 2.7100, -0.5290 4.0162 2.7100, -0.5290 4.0162 2.7100, -0.5222 4.0411 2.7100, -0.5191 4.0728 2.7100, -0.5191 4.0728 2.7100, -0.5185 4.1200 2.7100, -0.5192 4.1649 2.7100, -0.5192 4.1649 2.7100, -0.5221 4.1970 2.7100, -0.5280 4.2226 2.7100, -0.5280 4.2226 2.7100, -0.5379 4.2480 2.7100, -0.5838 4.3124 2.7100, -0.5838 4.3124 2.7100, -0.6499 4.3542 2.7100, -0.7290 4.3707 2.7100, -0.7290 4.3707 2.7100, -0.8308 4.3524 2.7100, -0.8665 4.3328 2.7100, -0.8665 4.3328 2.7100, -0.9406 4.2381 2.7100, -0.9511 4.0190 2.7100, -0.9511 4.0190 2.7100, -0.8694 3.9052 2.7100, -0.7936 3.8790 2.7100, -0.7936 3.8790 2.7100, -0.6764 3.8832 2.7100, -0.5745 3.9406 2.7100, -0.5745 3.9406 2.7100, -0.5290 4.0162 2.7100, -0.5191 4.0728 2.7100, -0.5191 4.0728 2.7100, -0.5192 4.1649 2.7100, -0.5280 4.2226 2.7100, -0.5280 4.2226 2.7100, -0.5838 4.3124 2.7100, -0.7290 4.3707 2.7100, -0.7290 4.3707 2.7100, -0.8665 4.3328 2.7100, -0.9511 4.0190 2.7100, -0.9511 4.0190 2.7100, -0.7936 3.8790 2.7100, -0.5745 3.9406 2.7100, -0.5745 3.9406 2.7100, -0.5191 4.0728 2.7100, -0.5280 4.2226 2.7100, -0.5280 4.2226 2.7100, -0.7290 4.3707 2.7100, -0.9511 4.0190 2.7100, -0.9511 4.0190 2.7100, -0.5745 3.9406 2.7100, -0.5280 4.2226 2.7100, 1.0996 4.3618 2.7100, 1.0883 4.3574 2.7100, 1.0758 4.3517 2.7100, 1.0758 4.3517 2.7100, 1.0393 4.3286 2.7100, 1.0080 4.2968 2.7100, 1.0080 4.2968 2.7100, 0.9820 4.2559 2.7100, 0.9610 4.2054 2.7100, 0.9610 4.2054 2.7100, 0.9449 4.1452 2.7100, 0.9336 4.0746 2.7100, 0.9336 4.0746 2.7100, 0.9271 3.9934 2.7100, 0.9251 3.9013 2.7100, 0.9251 3.9013 2.7100, 0.9268 3.8282 2.7100, 0.9317 3.7625 2.7100, 0.9317 3.7625 2.7100, 0.9400 3.7041 2.7100, 0.9516 3.6525 2.7100, 0.9516 3.6525 2.7100, 0.9667 3.6075 2.7100, 0.9853 3.5690 2.7100, 0.9853 3.5690 2.7100, 1.0073 3.5365 2.7100, 1.0329 3.5100 2.7100, 1.0329 3.5100 2.7100, 1.0727 3.4837 2.7100, 1.1157 3.4688 2.7100, 1.1157 3.4688 2.7100, 1.1602 3.4650 2.7100, 1.2045 3.4716 2.7100, 1.2045 3.4716 2.7100, 1.2469 3.4883 2.7100, 1.2859 3.5147 2.7100, 1.2859 3.5147 2.7100, 1.3196 3.5501 2.7100, 1.3464 3.5942 2.7100, 1.3464 3.5942 2.7100, 1.3656 3.6485 2.7100, 1.3801 3.7165 2.7100, 1.3801 3.7165 2.7100, 1.3897 3.7944 2.7100, 1.3945 3.8784 2.7100, 1.3945 3.8784 2.7100, 1.3941 3.9647 2.7100, 1.3886 4.0497 2.7100, 1.3886 4.0497 2.7100, 1.3779 4.1294 2.7100, 1.3617 4.2002 2.7100, 1.3617 4.2002 2.7100, 1.3482 4.2411 2.7100, 1.3327 4.2756 2.7100, 1.3327 4.2756 2.7100, 1.3150 4.3040 2.7100, 1.2944 4.3267 2.7100, 1.2944 4.3267 2.7100, 1.2706 4.3441 2.7100, 1.2432 4.3566 2.7100, 1.2432 4.3566 2.7100, 1.2116 4.3647 2.7100, 1.1754 4.3687 2.7100, 1.1754 4.3687 2.7100, 1.1587 4.3693 2.7100, 1.1444 4.3694 2.7100, 1.1444 4.3694 2.7100, 1.1319 4.3688 2.7100, 1.1207 4.3675 2.7100, 1.1207 4.3675 2.7100, 1.1102 4.3652 2.7100, 1.0996 4.3618 2.7100, 1.0996 4.3618 2.7100, 1.0758 4.3517 2.7100, 1.0080 4.2968 2.7100, 1.0080 4.2968 2.7100, 0.9610 4.2054 2.7100, 0.9336 4.0746 2.7100, 0.9336 4.0746 2.7100, 0.9251 3.9013 2.7100, 0.9317 3.7625 2.7100, 0.9317 3.7625 2.7100, 0.9516 3.6525 2.7100, 0.9853 3.5690 2.7100, 0.9853 3.5690 2.7100, 1.0329 3.5100 2.7100, 1.1157 3.4688 2.7100, 1.1157 3.4688 2.7100, 1.2045 3.4716 2.7100, 1.2859 3.5147 2.7100, 1.2859 3.5147 2.7100, 1.3464 3.5942 2.7100, 1.3801 3.7165 2.7100, 1.3801 3.7165 2.7100, 1.3945 3.8784 2.7100, 1.3886 4.0497 2.7100, 1.3886 4.0497 2.7100, 1.3617 4.2002 2.7100, 1.3327 4.2756 2.7100, 1.3327 4.2756 2.7100, 1.2944 4.3267 2.7100, 1.2432 4.3566 2.7100, 1.2432 4.3566 2.7100, 1.1754 4.3687 2.7100, 1.1444 4.3694 2.7100, 1.1444 4.3694 2.7100, 1.1207 4.3675 2.7100, 1.0996 4.3618 2.7100, 1.0996 4.3618 2.7100, 1.0080 4.2968 2.7100, 0.9336 4.0746 2.7100, 0.9336 4.0746 2.7100, 0.9317 3.7625 2.7100, 0.9853 3.5690 2.7100, 0.9853 3.5690 2.7100, 1.1157 3.4688 2.7100, 1.2859 3.5147 2.7100, 1.2859 3.5147 2.7100, 1.3801 3.7165 2.7100, 1.3886 4.0497 2.7100, 1.3886 4.0497 2.7100, 1.3327 4.2756 2.7100, 1.2432 4.3566 2.7100, 1.2432 4.3566 2.7100, 1.1444 4.3694 2.7100, 1.0996 4.3618 2.7100, 1.0996 4.3618 2.7100, 0.9336 4.0746 2.7100, 0.9853 3.5690 2.7100, 0.9853 3.5690 2.7100, 1.2859 3.5147 2.7100, 1.3886 4.0497 2.7100, 1.3886 4.0497 2.7100, 1.2432 4.3566 2.7100, 1.0996 4.3618 2.7100, 1.0996 4.3618 2.7100, 0.9853 3.5690 2.7100, 1.3886 4.0497 2.7100, 2.8979 4.3618 2.7100, 2.8867 4.3574 2.7100, 2.8742 4.3517 2.7100, 2.8742 4.3517 2.7100, 2.8377 4.3286 2.7100, 2.8064 4.2968 2.7100, 2.8064 4.2968 2.7100, 2.7804 4.2559 2.7100, 2.7593 4.2054 2.7100, 2.7593 4.2054 2.7100, 2.7433 4.1452 2.7100, 2.7320 4.0746 2.7100, 2.7320 4.0746 2.7100, 2.7254 3.9934 2.7100, 2.7235 3.9013 2.7100, 2.7235 3.9013 2.7100, 2.7251 3.8282 2.7100, 2.7301 3.7625 2.7100, 2.7301 3.7625 2.7100, 2.7384 3.7041 2.7100, 2.7500 3.6525 2.7100, 2.7500 3.6525 2.7100, 2.7651 3.6075 2.7100, 2.7836 3.5690 2.7100, 2.7836 3.5690 2.7100, 2.8057 3.5365 2.7100, 2.8312 3.5100 2.7100, 2.8312 3.5100 2.7100, 2.8711 3.4837 2.7100, 2.9141 3.4688 2.7100, 2.9141 3.4688 2.7100, 2.9586 3.4650 2.7100, 3.0029 3.4716 2.7100, 3.0029 3.4716 2.7100, 3.0453 3.4883 2.7100, 3.0842 3.5147 2.7100, 3.0842 3.5147 2.7100, 3.1179 3.5501 2.7100, 3.1447 3.5942 2.7100, 3.1447 3.5942 2.7100, 3.1640 3.6485 2.7100, 3.1785 3.7165 2.7100, 3.1785 3.7165 2.7100, 3.1881 3.7944 2.7100, 3.1928 3.8784 2.7100, 3.1928 3.8784 2.7100, 3.1925 3.9647 2.7100, 3.1870 4.0497 2.7100, 3.1870 4.0497 2.7100, 3.1762 4.1294 2.7100, 3.1601 4.2002 2.7100, 3.1601 4.2002 2.7100, 3.1466 4.2411 2.7100, 3.1311 4.2756 2.7100, 3.1311 4.2756 2.7100, 3.1133 4.3040 2.7100, 3.0928 4.3267 2.7100, 3.0928 4.3267 2.7100, 3.0690 4.3441 2.7100, 3.0415 4.3566 2.7100, 3.0415 4.3566 2.7100, 3.0100 4.3647 2.7100, 2.9738 4.3687 2.7100, 2.9738 4.3687 2.7100, 2.9570 4.3693 2.7100, 2.9427 4.3694 2.7100, 2.9427 4.3694 2.7100, 2.9303 4.3688 2.7100, 2.9191 4.3675 2.7100, 2.9191 4.3675 2.7100, 2.9085 4.3652 2.7100, 2.8979 4.3618 2.7100, 2.8979 4.3618 2.7100, 2.8742 4.3517 2.7100, 2.8064 4.2968 2.7100, 2.8064 4.2968 2.7100, 2.7593 4.2054 2.7100, 2.7320 4.0746 2.7100, 2.7320 4.0746 2.7100, 2.7235 3.9013 2.7100, 2.7301 3.7625 2.7100, 2.7301 3.7625 2.7100, 2.7500 3.6525 2.7100, 2.7836 3.5690 2.7100, 2.7836 3.5690 2.7100, 2.8312 3.5100 2.7100, 2.9141 3.4688 2.7100, 2.9141 3.4688 2.7100, 3.0029 3.4716 2.7100, 3.0842 3.5147 2.7100, 3.0842 3.5147 2.7100, 3.1447 3.5942 2.7100, 3.1785 3.7165 2.7100, 3.1785 3.7165 2.7100, 3.1928 3.8784 2.7100, 3.1870 4.0497 2.7100, 3.1870 4.0497 2.7100, 3.1601 4.2002 2.7100, 3.1311 4.2756 2.7100, 3.1311 4.2756 2.7100, 3.0928 4.3267 2.7100, 3.0415 4.3566 2.7100, 3.0415 4.3566 2.7100, 2.9738 4.3687 2.7100, 2.9427 4.3694 2.7100, 2.9427 4.3694 2.7100, 2.9191 4.3675 2.7100, 2.8979 4.3618 2.7100, 2.8979 4.3618 2.7100, 2.8064 4.2968 2.7100, 2.7320 4.0746 2.7100, 2.7320 4.0746 2.7100, 2.7301 3.7625 2.7100, 2.7836 3.5690 2.7100, 2.7836 3.5690 2.7100, 2.9141 3.4688 2.7100, 3.0842 3.5147 2.7100, 3.0842 3.5147 2.7100, 3.1785 3.7165 2.7100, 3.1870 4.0497 2.7100, 3.1870 4.0497 2.7100, 3.1311 4.2756 2.7100, 3.0415 4.3566 2.7100, 3.0415 4.3566 2.7100, 2.9427 4.3694 2.7100, 2.8979 4.3618 2.7100, 2.8979 4.3618 2.7100, 2.7320 4.0746 2.7100, 2.7836 3.5690 2.7100, 2.7836 3.5690 2.7100, 3.0842 3.5147 2.7100, 3.1870 4.0497 2.7100, 3.1870 4.0497 2.7100, 3.0415 4.3566 2.7100, 2.8979 4.3618 2.7100, 2.8979 4.3618 2.7100, 2.7836 3.5690 2.7100, 3.1870 4.0497 2.7100, 4.2521 4.0139 2.7100, 4.2230 3.9960 2.7100, 4.2740 3.9693 2.7100, 3.8139 3.3666 2.7100, 3.5360 3.3666 2.7100, 3.0849 3.3580 2.7100, 2.5680 3.8332 2.7100, 2.5657 3.9200 2.7100, 2.3351 3.9283 2.7100, 1.6715 3.6526 2.7100, 1.6703 3.6950 2.7100, 1.5181 3.6623 2.7100, 0.7696 3.8332 2.7100, 0.7674 3.9200 2.7100, 0.5954 3.8932 2.7100, 0.3119 3.8932 2.7100, 0.0284 3.8932 2.7100, 0.0267 3.6283 2.7100, -1.2372 4.1687 2.7100, -1.2430 4.1061 2.7100, -1.1139 4.1119 2.7100, -0.9567 3.6380 2.7100, -0.9502 3.6040 2.7100, -0.9470 3.5876 2.7100, -0.9470 3.5876 2.7100, -0.9428 3.5725 2.7100, -0.9375 3.5584 2.7100, -0.9375 3.5584 2.7100, -0.9311 3.5452 2.7100, -0.9234 3.5328 2.7100, -0.9234 3.5328 2.7100, -0.9143 3.5210 2.7100, -0.9039 3.5097 2.7100, -0.9039 3.5097 2.7100, -0.8919 3.4986 2.7100, -0.8773 3.4867 2.7100, -0.8773 3.4867 2.7100, -0.8623 3.4769 2.7100, -0.8467 3.4692 2.7100, -0.8467 3.4692 2.7100, -0.8301 3.4634 2.7100, -0.8123 3.4594 2.7100, -0.8123 3.4594 2.7100, -0.7928 3.4572 2.7100, -0.7714 3.4565 2.7100, -0.7714 3.4565 2.7100, -0.7477 3.4573 2.7100, -0.6979 3.4661 2.7100, -0.6979 3.4661 2.7100, -0.6541 3.4850 2.7100, -0.6158 3.5145 2.7100, -0.6158 3.5145 2.7100, -0.5828 3.5553 2.7100, -0.5545 3.6078 2.7100, -0.5545 3.6078 2.7100, -0.5307 3.6728 2.7100, -0.5110 3.7507 2.7100, -0.5110 3.7507 2.7100, -0.4950 3.8421 2.7100, -0.4901 3.8761 2.7100, -1.1117 4.0736 2.7100, -1.1139 4.1119 2.7100, -1.2430 4.1061 2.7100, -1.5170 3.8060 2.7100, -1.5635 3.7797 2.7100, -1.6119 3.7520 2.7100, -1.6119 3.7520 2.7100, -1.6528 3.7278 2.7100, -1.6871 3.7066 2.7100, -1.6871 3.7066 2.7100, -1.7158 3.6877 2.7100, -1.7397 3.6704 2.7100, -1.7397 3.6704 2.7100, -1.7599 3.6541 2.7100, -1.7772 3.6381 2.7100, -1.7772 3.6381 2.7100, -1.7927 3.6218 2.7100, -1.8032 3.6087 2.7100, -1.8032 3.6087 2.7100, -1.8144 3.5932 2.7100, -1.8255 3.5764 2.7100, -1.8255 3.5764 2.7100, -1.8359 3.5593 2.7100, -1.8452 3.5429 2.7100, -1.8452 3.5429 2.7100, -1.8525 3.5283 2.7100, -1.8574 3.5164 2.7100, -1.8574 3.5164 2.7100, -1.8591 3.5084 2.7100, -1.8529 3.5075 2.7100, -1.8529 3.5075 2.7100, -1.8348 3.5067 2.7100, -1.8064 3.5060 2.7100, -1.8064 3.5060 2.7100, -1.7687 3.5054 2.7100, -1.7231 3.5050 2.7100, -1.7231 3.5050 2.7100, -1.6708 3.5046 2.7100, -1.6131 3.5044 2.7100, -1.6131 3.5044 2.7100, -1.5513 3.5043 2.7100, -1.2435 3.5043 2.7100, -2.3371 3.3666 2.7100, -2.3387 3.8502 2.7100, -2.3411 4.3347 2.7100, -2.8215 3.3658 2.7100, -2.8450 3.4330 2.7100, -2.8529 3.4551 2.7100, -2.9536 3.7503 2.7100, -2.9814 3.8324 2.7100, -3.0103 3.9175 2.7100, -3.0103 3.9175 2.7100, -3.1512 4.3347 2.7100, -3.1536 3.8502 2.7100, -3.3011 3.3666 2.7100, -3.4704 3.4533 2.7100, -3.4388 3.3658 2.7100, -3.6705 3.5408 2.7100, -3.7280 3.7109 2.7100, -3.9589 3.7133 2.7100, -3.9589 3.7133 2.7100, -4.1897 3.7149 2.7100, -4.2149 3.6445 2.7100, -4.2522 3.5399 2.7100, -4.2609 3.5159 2.7100, -4.2693 3.4924 2.7100, -4.5000 4.6141 2.7100, -4.5000 2.9859 2.7100, -4.4731 3.3763 2.7100, -4.4716 3.3804 2.7100, -4.4663 3.3945 2.7100, -4.4532 3.4292 2.7100, -4.4532 3.4292 2.7100, -4.4333 3.4823 2.7100, -4.4073 3.5514 2.7100, -4.4073 3.5514 2.7100, -4.3763 3.6342 2.7100, -4.3410 3.7284 2.7100, -4.3410 3.7284 2.7100, -4.3023 3.8317 2.7100, -4.2610 3.9418 2.7100, -4.0668 4.4591 2.7100, -4.0531 4.4954 2.7100, -4.0472 4.5113 2.7100, -3.8560 4.5194 2.7100, -3.8410 4.4779 2.7100, -3.8039 4.3753 2.7100, -3.8039 4.3753 2.7100, -3.7511 4.2292 2.7100, -3.6887 4.0568 2.7100, -3.5077 3.5564 2.7100, -3.4704 3.4533 2.7100, -3.3011 3.3666 2.7100, -3.0775 4.5331 2.7100, -2.9122 4.0438 2.7100, -2.8787 3.9457 2.7100, -2.8787 3.9457 2.7100, -2.8474 3.8542 2.7100, -2.8188 3.7715 2.7100, -2.8188 3.7715 2.7100, -2.7938 3.6994 2.7100, -2.7729 3.6401 2.7100, -2.7729 3.6401 2.7100, -2.7569 3.5956 2.7100, -2.7464 3.5677 2.7100, -2.7464 3.5677 2.7100, -2.7421 3.5586 2.7100, -2.7379 3.5691 2.7100, -2.7379 3.5691 2.7100, -2.7277 3.5980 2.7100, -2.7120 3.6433 2.7100, -2.7120 3.6433 2.7100, -2.6916 3.7030 2.7100, -2.6671 3.7751 2.7100, -2.6671 3.7751 2.7100, -2.6393 3.8575 2.7100, -2.6087 3.9483 2.7100, -2.6087 3.9483 2.7100, -2.5761 4.0455 2.7100, -2.4140 4.5291 2.7100, -2.4140 4.5291 2.7100, -2.3023 4.5315 2.7100, -2.1913 4.5339 2.7100, -2.1913 4.5339 2.7100, -2.1913 3.3666 2.7100, -2.0212 3.3666 2.7100, -1.6860 3.8593 2.7100, -1.6566 3.8770 2.7100, -1.5852 3.9204 2.7100, -1.5852 3.9204 2.7100, -1.5276 3.9588 2.7100, -1.4824 3.9934 2.7100, -1.4824 3.9934 2.7100, -1.4483 4.0258 2.7100, -1.4241 4.0574 2.7100, -1.4241 4.0574 2.7100, -1.4084 4.0895 2.7100, -1.3999 4.1237 2.7100, -1.3999 4.1237 2.7100, -1.3974 4.1613 2.7100, -1.3979 4.1863 2.7100, -1.3979 4.1863 2.7100, -1.3997 4.2084 2.7100, -1.4029 4.2280 2.7100, -1.4029 4.2280 2.7100, -1.4077 4.2456 2.7100, -1.4142 4.2620 2.7100, -1.4142 4.2620 2.7100, -1.4227 4.2776 2.7100, -1.4332 4.2930 2.7100, -1.4332 4.2930 2.7100, -1.4460 4.3087 2.7100, -1.4623 4.3255 2.7100, -1.4623 4.3255 2.7100, -1.4794 4.3396 2.7100, -1.4975 4.3511 2.7100, -1.4975 4.3511 2.7100, -1.5171 4.3601 2.7100, -1.5384 4.3668 2.7100, -1.5384 4.3668 2.7100, -1.5617 4.3713 2.7100, -1.5875 4.3738 2.7100, -1.5875 4.3738 2.7100, -1.6161 4.3743 2.7100, -1.6562 4.3718 2.7100, -1.6562 4.3718 2.7100, -1.6922 4.3648 2.7100, -1.7242 4.3533 2.7100, -1.7242 4.3533 2.7100, -1.7522 4.3371 2.7100, -1.7765 4.3162 2.7100, -1.7765 4.3162 2.7100, -1.7970 4.2905 2.7100, -1.8140 4.2600 2.7100, -1.8140 4.2600 2.7100, -1.8275 4.2245 2.7100, -1.8308 4.2137 2.7100, -1.8308 4.2137 2.7100, -1.8337 4.2023 2.7100, -1.8363 4.1906 2.7100, -1.8363 4.1906 2.7100, -1.8386 4.1789 2.7100, -1.8404 4.1676 2.7100, -1.8404 4.1676 2.7100, -1.8418 4.1570 2.7100, -1.8426 4.1475 2.7100, -1.8426 4.1475 2.7100, -1.8429 4.1394 2.7100, -1.8429 4.1038 2.7100, 0.3524 4.3873 2.7100, 0.0284 4.3873 2.7100, 0.0284 4.2091 2.7100, 0.0284 4.2091 2.7100, 0.0284 4.0309 2.7100, 0.3119 4.0309 2.7100, 0.5954 3.9620 2.7100, 0.5954 3.8932 2.7100, 0.7674 3.9200 2.7100, 1.5264 3.6996 2.7100, 1.5181 3.6623 2.7100, 1.6703 3.6950 2.7100, 1.8243 3.9523 2.7100, 1.8624 3.9717 2.7100, 1.8300 3.9887 2.7100, 2.2998 3.9977 2.7100, 2.2626 3.9725 2.7100, 2.3023 3.9499 2.7100, 2.3023 3.9499 2.7100, 2.3351 3.9283 2.7100, 2.5657 3.9200 2.7100, 3.1308 3.3805 2.7100, 3.0849 3.3580 2.7100, 3.5360 3.3666 2.7100, 4.2681 4.0253 2.7100, 4.2521 4.0139 2.7100, 4.2740 3.9693 2.7100, 3.9161 3.3669 2.7100, 3.8139 3.3666 2.7100, 3.0849 3.3580 2.7100, 2.5768 3.7499 2.7100, 2.5680 3.8332 2.7100, 2.3351 3.9283 2.7100, 1.6772 3.6111 2.7100, 1.6715 3.6526 2.7100, 1.5181 3.6623 2.7100, 0.7785 3.7499 2.7100, 0.7696 3.8332 2.7100, 0.5954 3.8932 2.7100, 0.5954 3.8932 2.7100, 0.3119 3.8932 2.7100, 0.0267 3.6283 2.7100, -1.2430 4.2317 2.7100, -1.2372 4.1687 2.7100, -1.1139 4.1119 2.7100, -0.9567 3.6380 2.7100, -0.9470 3.5876 2.7100, -0.9375 3.5584 2.7100, -0.9375 3.5584 2.7100, -0.9234 3.5328 2.7100, -0.9039 3.5097 2.7100, -0.9039 3.5097 2.7100, -0.8773 3.4867 2.7100, -0.8467 3.4692 2.7100, -0.8467 3.4692 2.7100, -0.8123 3.4594 2.7100, -0.7714 3.4565 2.7100, -0.7714 3.4565 2.7100, -0.6979 3.4661 2.7100, -0.6158 3.5145 2.7100, -0.6158 3.5145 2.7100, -0.5545 3.6078 2.7100, -0.5110 3.7507 2.7100, -0.5110 3.7507 2.7100, -0.4901 3.8761 2.7100, -0.5330 3.8332 2.7100, -1.1055 4.0347 2.7100, -1.1117 4.0736 2.7100, -1.2430 4.1061 2.7100, -1.5170 3.8060 2.7100, -1.6119 3.7520 2.7100, -1.6871 3.7066 2.7100, -1.6871 3.7066 2.7100, -1.7397 3.6704 2.7100, -1.7772 3.6381 2.7100, -1.7772 3.6381 2.7100, -1.8032 3.6087 2.7100, -1.8255 3.5764 2.7100, -1.8255 3.5764 2.7100, -1.8452 3.5429 2.7100, -1.8574 3.5164 2.7100, -1.8574 3.5164 2.7100, -1.8529 3.5075 2.7100, -1.8064 3.5060 2.7100, -1.8064 3.5060 2.7100, -1.7231 3.5050 2.7100, -1.6131 3.5044 2.7100, -2.3371 3.3666 2.7100, -2.3411 4.3347 2.7100, -2.5032 3.8527 2.7100, -2.9536 3.7503 2.7100, -3.0103 3.9175 2.7100, -3.1536 3.8502 2.7100, -3.1553 3.3666 2.7100, -3.3011 3.3666 2.7100, -3.4388 3.3658 2.7100, -3.6130 3.3707 2.7100, -3.6705 3.5408 2.7100, -3.9589 3.7133 2.7100, -3.9589 3.7133 2.7100, -4.2149 3.6445 2.7100, -4.2207 3.6279 2.7100, -4.2436 3.5638 2.7100, -4.2522 3.5399 2.7100, -4.2693 3.4924 2.7100, -4.4726 3.3731 2.7100, -4.4731 3.3763 2.7100, -4.5000 2.9859 2.7100, -4.5000 4.6141 2.7100, -4.4731 3.3763 2.7100, -4.4716 3.3804 2.7100, -4.4716 3.3804 2.7100, -4.4532 3.4292 2.7100, -4.4073 3.5514 2.7100, -4.4073 3.5514 2.7100, -4.3410 3.7284 2.7100, -4.2610 3.9418 2.7100, -3.8560 4.5194 2.7100, -3.8039 4.3753 2.7100, -3.6887 4.0568 2.7100, -3.5607 3.7030 2.7100, -3.5077 3.5564 2.7100, -3.3011 3.3666 2.7100, -3.0775 4.5331 2.7100, -2.8787 3.9457 2.7100, -2.8188 3.7715 2.7100, -2.8188 3.7715 2.7100, -2.7729 3.6401 2.7100, -2.7464 3.5677 2.7100, -2.7464 3.5677 2.7100, -2.7379 3.5691 2.7100, -2.7120 3.6433 2.7100, -2.7120 3.6433 2.7100, -2.6671 3.7751 2.7100, -2.6087 3.9483 2.7100, -2.1913 4.5339 2.7100, -2.0212 3.3666 2.7100, -2.0163 3.4014 2.7100, -1.6860 3.8593 2.7100, -1.5852 3.9204 2.7100, -1.4824 3.9934 2.7100, -1.4824 3.9934 2.7100, -1.4241 4.0574 2.7100, -1.3999 4.1237 2.7100, -1.3999 4.1237 2.7100, -1.3979 4.1863 2.7100, -1.4029 4.2280 2.7100, -1.4029 4.2280 2.7100, -1.4142 4.2620 2.7100, -1.4332 4.2930 2.7100, -1.4332 4.2930 2.7100, -1.4623 4.3255 2.7100, -1.4975 4.3511 2.7100, -1.4975 4.3511 2.7100, -1.5384 4.3668 2.7100, -1.5875 4.3738 2.7100, -1.5875 4.3738 2.7100, -1.6562 4.3718 2.7100, -1.7242 4.3533 2.7100, -1.7242 4.3533 2.7100, -1.7765 4.3162 2.7100, -1.8140 4.2600 2.7100, -1.8140 4.2600 2.7100, -1.8308 4.2137 2.7100, -1.8363 4.1906 2.7100, -1.8363 4.1906 2.7100, -1.8404 4.1676 2.7100, -1.8426 4.1475 2.7100, 0.6772 4.3873 2.7100, 0.3524 4.3873 2.7100, 0.0284 4.2091 2.7100, 0.0284 4.2091 2.7100, 0.3119 4.0309 2.7100, 0.5954 4.0309 2.7100, 0.5954 4.0309 2.7100, 0.5954 3.9620 2.7100, 0.7674 3.9200 2.7100, 1.5335 3.7404 2.7100, 1.5264 3.6996 2.7100, 1.6703 3.6950 2.7100, 1.7951 3.9352 2.7100, 1.8243 3.9523 2.7100, 1.8300 3.9887 2.7100, 2.3252 4.0171 2.7100, 2.2998 3.9977 2.7100, 2.3023 3.9499 2.7100, 2.3023 3.9499 2.7100, 2.5657 3.9200 2.7100, 2.5704 4.0090 2.7100, 3.1727 3.4104 2.7100, 3.1308 3.3805 2.7100, 3.5360 3.3666 2.7100, 4.2843 4.0391 2.7100, 4.2681 4.0253 2.7100, 4.2740 3.9693 2.7100, 3.9161 3.3669 2.7100, 3.0849 3.3580 2.7100, 3.0354 3.3431 2.7100, 2.5768 3.7499 2.7100, 2.3351 3.9283 2.7100, 2.3636 3.9036 2.7100, 1.6872 3.5712 2.7100, 1.6772 3.6111 2.7100, 1.5181 3.6623 2.7100, 0.7936 3.6714 2.7100, 0.7785 3.7499 2.7100, 0.5954 3.8932 2.7100, 0.5954 3.8932 2.7100, 0.0267 3.6283 2.7100, 0.0243 3.3626 2.7100, -1.2604 4.2931 2.7100, -1.2430 4.2317 2.7100, -1.1139 4.1119 2.7100, -0.9567 3.6380 2.7100, -0.9375 3.5584 2.7100, -0.9039 3.5097 2.7100, -0.9039 3.5097 2.7100, -0.8467 3.4692 2.7100, -0.7714 3.4565 2.7100, -0.7714 3.4565 2.7100, -0.6158 3.5145 2.7100, -0.5110 3.7507 2.7100, -0.5110 3.7507 2.7100, -0.5330 3.8332 2.7100, -0.5808 3.7955 2.7100, -1.0956 3.9959 2.7100, -1.1055 4.0347 2.7100, -1.2430 4.1061 2.7100, -1.5170 3.8060 2.7100, -1.6871 3.7066 2.7100, -1.7772 3.6381 2.7100, -1.7772 3.6381 2.7100, -1.8255 3.5764 2.7100, -1.8574 3.5164 2.7100, -1.8574 3.5164 2.7100, -1.8064 3.5060 2.7100, -1.6131 3.5044 2.7100, -2.3371 3.3666 2.7100, -2.5032 3.8527 2.7100, -2.6660 3.3707 2.7100, -2.9274 3.6733 2.7100, -2.9536 3.7503 2.7100, -3.1536 3.8502 2.7100, -3.6130 3.3707 2.7100, -3.9589 3.7133 2.7100, -4.2207 3.6279 2.7100, -4.2436 3.5638 2.7100, -4.2693 3.4924 2.7100, -4.2772 3.4703 2.7100, -4.4697 3.3707 2.7100, -4.4726 3.3731 2.7100, -4.5000 2.9859 2.7100, -4.5000 4.6141 2.7100, -4.4716 3.3804 2.7100, -4.4073 3.5514 2.7100, -3.8560 4.5194 2.7100, -3.6887 4.0568 2.7100, -3.6232 3.8756 2.7100, -3.6232 3.8756 2.7100, -3.5607 3.7030 2.7100, -3.3011 3.3666 2.7100, -3.0775 4.5331 2.7100, -2.8188 3.7715 2.7100, -2.7464 3.5677 2.7100, -2.7464 3.5677 2.7100, -2.7120 3.6433 2.7100, -2.6087 3.9483 2.7100, -2.1913 4.5339 2.7100, -2.0163 3.4014 2.7100, -2.0063 3.4647 2.7100, -1.7153 3.8415 2.7100, -1.6860 3.8593 2.7100, -1.4824 3.9934 2.7100, -1.4824 3.9934 2.7100, -1.3999 4.1237 2.7100, -1.4029 4.2280 2.7100, -1.4029 4.2280 2.7100, -1.4332 4.2930 2.7100, -1.4975 4.3511 2.7100, -1.4975 4.3511 2.7100, -1.5875 4.3738 2.7100, -1.7242 4.3533 2.7100, -1.7242 4.3533 2.7100, -1.8140 4.2600 2.7100, -1.8363 4.1906 2.7100, -1.8363 4.1906 2.7100, -1.8426 4.1475 2.7100, -1.8429 4.1038 2.7100, 0.6772 4.3873 2.7100, 0.0284 4.2091 2.7100, 0.5954 4.0309 2.7100, 0.5954 4.0309 2.7100, 0.7674 3.9200 2.7100, 0.7720 4.0090 2.7100, 1.5394 3.7836 2.7100, 1.5335 3.7404 2.7100, 1.6703 3.6950 2.7100, 1.7684 3.9147 2.7100, 1.7951 3.9352 2.7100, 1.8300 3.9887 2.7100, 2.3468 4.0380 2.7100, 2.3252 4.0171 2.7100, 2.3023 3.9499 2.7100, 2.3023 3.9499 2.7100, 2.5704 4.0090 2.7100, 2.5831 4.1064 2.7100, 3.2106 3.4474 2.7100, 3.1727 3.4104 2.7100, 3.5360 3.3666 2.7100, 4.3001 4.0548 2.7100, 4.2843 4.0391 2.7100, 4.2740 3.9693 2.7100, 3.9979 3.3681 2.7100, 3.9161 3.3669 2.7100, 3.0354 3.3431 2.7100, 2.5920 3.6714 2.7100, 2.5768 3.7499 2.7100, 2.3636 3.9036 2.7100, 1.7012 3.5335 2.7100, 1.6872 3.5712 2.7100, 1.5181 3.6623 2.7100, 0.8147 3.5991 2.7100, 0.7936 3.6714 2.7100, 0.5954 3.8932 2.7100, -1.2895 4.3513 2.7100, -1.2604 4.2931 2.7100, -1.1139 4.1119 2.7100, -0.9567 3.6380 2.7100, -0.9039 3.5097 2.7100, -0.7714 3.4565 2.7100, -0.7714 3.4565 2.7100, -0.5110 3.7507 2.7100, -0.5808 3.7955 2.7100, -1.0824 3.9583 2.7100, -1.0956 3.9959 2.7100, -1.2430 4.1061 2.7100, -1.4773 3.8292 2.7100, -1.5170 3.8060 2.7100, -1.7772 3.6381 2.7100, -1.7772 3.6381 2.7100, -1.8574 3.5164 2.7100, -1.6131 3.5044 2.7100, -2.3371 3.3666 2.7100, -2.6660 3.3707 2.7100, -2.7437 3.3682 2.7100, -2.9036 3.6033 2.7100, -2.9274 3.6733 2.7100, -3.1536 3.8502 2.7100, -3.6130 3.3707 2.7100, -4.2207 3.6279 2.7100, -4.2276 3.6085 2.7100, -4.4637 3.3689 2.7100, -4.4697 3.3707 2.7100, -4.5000 2.9859 2.7100, -4.5000 4.6141 2.7100, -4.4073 3.5514 2.7100, -4.2610 3.9418 2.7100, -3.8560 4.5194 2.7100, -3.6232 3.8756 2.7100, -3.3011 3.3666 2.7100, -3.0775 4.5331 2.7100, -2.7464 3.5677 2.7100, -2.6087 3.9483 2.7100, -2.1913 4.5339 2.7100, -2.0063 3.4647 2.7100, -1.9936 3.5213 2.7100, -1.7437 3.8239 2.7100, -1.7153 3.8415 2.7100, -1.4824 3.9934 2.7100, -1.4824 3.9934 2.7100, -1.4029 4.2280 2.7100, -1.4975 4.3511 2.7100, -1.4975 4.3511 2.7100, -1.7242 4.3533 2.7100, -1.8363 4.1906 2.7100, 0.6772 4.3873 2.7100, 0.5954 4.0309 2.7100, 0.7720 4.0090 2.7100, 1.5439 3.8283 2.7100, 1.5394 3.7836 2.7100, 1.6703 3.6950 2.7100, 1.7444 3.8909 2.7100, 1.7684 3.9147 2.7100, 1.8300 3.9887 2.7100, 2.3647 4.0608 2.7100, 2.3468 4.0380 2.7100, 2.3023 3.9499 2.7100, 2.3023 3.9499 2.7100, 2.5831 4.1064 2.7100, 2.6025 4.1932 2.7100, 3.2440 3.4914 2.7100, 3.2106 3.4474 2.7100, 3.5360 3.3666 2.7100, 4.3151 4.0718 2.7100, 4.3001 4.0548 2.7100, 4.2740 3.9693 2.7100, 3.9979 3.3681 2.7100, 3.0354 3.3431 2.7100, 2.9888 3.3361 2.7100, 2.5920 3.6714 2.7100, 2.3636 3.9036 2.7100, 2.3878 3.8759 2.7100, 1.7190 3.4989 2.7100, 1.7012 3.5335 2.7100, 1.5181 3.6623 2.7100, 0.8414 3.5342 2.7100, 0.8147 3.5991 2.7100, 0.5954 3.8932 2.7100, -1.2895 4.3513 2.7100, -1.1139 4.1119 2.7100, -1.1104 4.1637 2.7100, -0.7714 3.4565 2.7100, -0.5808 3.7955 2.7100, -0.6369 3.7688 2.7100, -1.0661 3.9225 2.7100, -1.0824 3.9583 2.7100, -1.2430 4.1061 2.7100, -1.4435 3.8499 2.7100, -1.4773 3.8292 2.7100, -1.7772 3.6381 2.7100, -1.7772 3.6381 2.7100, -1.6131 3.5044 2.7100, -1.2435 3.5043 2.7100, -2.3371 3.3666 2.7100, -2.7437 3.3682 2.7100, -2.8215 3.3658 2.7100, -2.8828 3.5422 2.7100, -2.9036 3.6033 2.7100, -3.1536 3.8502 2.7100, -3.6130 3.3707 2.7100, -4.2276 3.6085 2.7100, -4.2353 3.5869 2.7100, -4.4540 3.3678 2.7100, -4.4637 3.3689 2.7100, -4.5000 2.9859 2.7100, -4.5000 4.6141 2.7100, -4.2610 3.9418 2.7100, -4.2197 4.0520 2.7100, -3.8560 4.5194 2.7100, -3.3011 3.3666 2.7100, -3.3011 4.5331 2.7100, -3.0775 4.5331 2.7100, -2.6087 3.9483 2.7100, -2.4140 4.5291 2.7100, -2.1913 4.5339 2.7100, -1.9936 3.5213 2.7100, -1.9779 3.5718 2.7100, -1.7704 3.8070 2.7100, -1.7437 3.8239 2.7100, -1.4824 3.9934 2.7100, -1.4824 3.9934 2.7100, -1.4975 4.3511 2.7100, -1.8363 4.1906 2.7100, 0.6748 4.4586 2.7100, 0.6772 4.3873 2.7100, 0.7720 4.0090 2.7100, 1.5471 3.8733 2.7100, 1.5439 3.8283 2.7100, 1.6703 3.6950 2.7100, 1.7444 3.8909 2.7100, 1.8300 3.9887 2.7100, 1.8148 3.9977 2.7100, 2.3791 4.0857 2.7100, 2.3647 4.0608 2.7100, 2.3023 3.9499 2.7100, 2.3023 3.9499 2.7100, 2.6025 4.1932 2.7100, 2.6285 4.2693 2.7100, 3.2730 3.5420 2.7100, 3.2440 3.4914 2.7100, 3.5360 3.3666 2.7100, 4.3288 4.0895 2.7100, 4.3151 4.0718 2.7100, 4.2740 3.9693 2.7100, 3.9979 3.3681 2.7100, 2.9888 3.3361 2.7100, 2.9430 3.3346 2.7100, 2.6130 3.5991 2.7100, 2.5920 3.6714 2.7100, 2.3878 3.8759 2.7100, 1.7404 3.4678 2.7100, 1.7190 3.4989 2.7100, 1.5181 3.6623 2.7100, 0.8734 3.4781 2.7100, 0.8414 3.5342 2.7100, 0.5954 3.8932 2.7100, -1.3302 4.4043 2.7100, -1.2895 4.3513 2.7100, -1.1104 4.1637 2.7100, -0.9567 3.6380 2.7100, -0.7714 3.4565 2.7100, -0.6369 3.7688 2.7100, -1.0472 3.8896 2.7100, -1.0661 3.9225 2.7100, -1.2430 4.1061 2.7100, -1.4435 3.8499 2.7100, -1.7772 3.6381 2.7100, -1.2435 3.5043 2.7100, -1.2435 3.3666 2.7100, -2.3371 3.3666 2.7100, -2.8215 3.3658 2.7100, -2.8657 3.4922 2.7100, -2.8828 3.5422 2.7100, -3.1536 3.8502 2.7100, -3.6130 3.3707 2.7100, -4.2353 3.5869 2.7100, -4.2436 3.5638 2.7100, -4.4400 3.3670 2.7100, -4.4540 3.3678 2.7100, -4.5000 2.9859 2.7100, -4.5000 4.6141 2.7100, -4.2197 4.0520 2.7100, -4.1808 4.1557 2.7100, -3.8583 4.5234 2.7100, -3.8560 4.5194 2.7100, -3.3011 4.5331 2.7100, -3.0775 4.5331 2.7100, -2.4140 4.5291 2.7100, -2.1913 4.5339 2.7100, -2.1913 4.5339 2.7100, -1.9779 3.5718 2.7100, -1.9591 3.6169 2.7100, -1.7948 3.7914 2.7100, -1.7704 3.8070 2.7100, -1.4824 3.9934 2.7100, -1.4824 3.9934 2.7100, -1.8363 4.1906 2.7100, -1.8429 4.1038 2.7100, 0.6724 4.5291 2.7100, 0.6748 4.4586 2.7100, 0.7720 4.0090 2.7100, 1.5487 3.9178 2.7100, 1.5471 3.8733 2.7100, 1.6703 3.6950 2.7100, 1.7234 3.8644 2.7100, 1.7444 3.8909 2.7100, 1.8148 3.9977 2.7100, 2.3791 4.0857 2.7100, 2.3023 3.9499 2.7100, 2.6285 4.2693 2.7100, 3.2972 3.5991 2.7100, 3.2730 3.5420 2.7100, 3.5360 3.3666 2.7100, 4.3407 4.1075 2.7100, 4.3288 4.0895 2.7100, 4.2740 3.9693 2.7100, 2.6398 3.5342 2.7100, 2.6130 3.5991 2.7100, 2.3878 3.8759 2.7100, 1.7652 3.4411 2.7100, 1.7404 3.4678 2.7100, 1.5181 3.6623 2.7100, 0.8734 3.4781 2.7100, 0.5954 3.8932 2.7100, 0.0243 3.3626 2.7100, -1.3302 4.4043 2.7100, -1.1104 4.1637 2.7100, -1.1003 4.2151 2.7100, -1.0280 3.6404 2.7100, -0.9567 3.6380 2.7100, -0.6369 3.7688 2.7100, -1.0260 3.8604 2.7100, -1.0472 3.8896 2.7100, -1.2430 4.1061 2.7100, -1.4146 3.8689 2.7100, -1.4435 3.8499 2.7100, -1.2435 3.5043 2.7100, -2.8529 3.4551 2.7100, -2.8657 3.4922 2.7100, -3.1536 3.8502 2.7100, -3.6130 3.3707 2.7100, -4.2436 3.5638 2.7100, -4.2772 3.4703 2.7100, -4.4209 3.3667 2.7100, -4.4400 3.3670 2.7100, -4.5000 2.9859 2.7100, -4.5000 4.6141 2.7100, -4.1808 4.1557 2.7100, -4.1452 4.2506 2.7100, -3.8620 4.5266 2.7100, -3.8583 4.5234 2.7100, -3.3011 4.5331 2.7100, -3.3011 4.5331 2.7100, -3.0775 4.5331 2.7100, -2.1913 4.5339 2.7100, -2.1913 4.5339 2.7100, -1.9591 3.6169 2.7100, -1.9367 3.6574 2.7100, -1.7948 3.7914 2.7100, -1.4824 3.9934 2.7100, -1.8429 4.1038 2.7100, 0.6724 4.5291 2.7100, 0.7720 4.0090 2.7100, 0.7848 4.1064 2.7100, 1.5488 3.9607 2.7100, 1.5487 3.9178 2.7100, 1.6703 3.6950 2.7100, 1.7234 3.8644 2.7100, 1.8148 3.9977 2.7100, 1.7993 4.0091 2.7100, 2.3901 4.1130 2.7100, 2.3791 4.0857 2.7100, 2.6285 4.2693 2.7100, 3.3165 3.6623 2.7100, 3.2972 3.5991 2.7100, 3.5360 3.3666 2.7100, 4.3504 4.1251 2.7100, 4.3407 4.1075 2.7100, 4.2740 3.9693 2.7100, 2.6718 3.4781 2.7100, 2.6398 3.5342 2.7100, 2.3878 3.8759 2.7100, 1.7652 3.4411 2.7100, 1.5181 3.6623 2.7100, 1.4988 3.5991 2.7100, 0.9105 3.4322 2.7100, 0.8734 3.4781 2.7100, 0.0243 3.3626 2.7100, -1.3475 4.4216 2.7100, -1.3302 4.4043 2.7100, -1.1003 4.2151 2.7100, -1.1001 3.6428 2.7100, -1.0280 3.6404 2.7100, -0.6369 3.7688 2.7100, -1.0260 3.8604 2.7100, -1.2430 4.1061 2.7100, -1.2604 4.0456 2.7100, -1.3897 3.8866 2.7100, -1.4146 3.8689 2.7100, -1.2435 3.5043 2.7100, -2.8215 3.3658 2.7100, -2.8529 3.4551 2.7100, -3.1536 3.8502 2.7100, -3.6130 3.3707 2.7100, -4.2772 3.4703 2.7100, -4.3153 3.3666 2.7100, -4.3963 3.3666 2.7100, -4.4209 3.3667 2.7100, -4.5000 2.9859 2.7100, -4.5000 4.6141 2.7100, -4.1452 4.2506 2.7100, -4.1137 4.3343 2.7100, -3.8678 4.5290 2.7100, -3.8620 4.5266 2.7100, -3.3011 4.5331 2.7100, -2.1913 4.5339 2.7100, -1.9367 3.6574 2.7100, -1.9105 3.6938 2.7100, -1.8159 3.7775 2.7100, -1.7948 3.7914 2.7100, -1.8429 4.1038 2.7100, 0.6724 4.5291 2.7100, 0.7848 4.1064 2.7100, 0.8041 4.1932 2.7100, 1.5473 4.0009 2.7100, 1.5488 3.9607 2.7100, 1.6703 3.6950 2.7100, 1.7056 3.8355 2.7100, 1.7234 3.8644 2.7100, 1.7993 4.0091 2.7100, 2.3979 4.1431 2.7100, 2.3901 4.1130 2.7100, 2.6285 4.2693 2.7100, 3.3247 3.6996 2.7100, 3.3165 3.6623 2.7100, 3.5360 3.3666 2.7100, 4.3504 4.1251 2.7100, 4.2740 3.9693 2.7100, 4.2972 3.9562 2.7100, 2.6718 3.4781 2.7100, 2.3878 3.8759 2.7100, 2.4078 3.8452 2.7100, 1.8041 3.4102 2.7100, 1.7652 3.4411 2.7100, 1.4988 3.5991 2.7100, 0.9425 3.4038 2.7100, 0.9105 3.4322 2.7100, 0.0243 3.3626 2.7100, -1.3658 4.4371 2.7100, -1.3475 4.4216 2.7100, -1.1003 4.2151 2.7100, -1.1001 3.6428 2.7100, -0.6369 3.7688 2.7100, -0.6986 3.7529 2.7100, -1.0029 3.8356 2.7100, -1.0260 3.8604 2.7100, -1.2604 4.0456 2.7100, -1.3680 3.9037 2.7100, -1.3897 3.8866 2.7100, -1.2435 3.5043 2.7100, -2.8215 3.3658 2.7100, -3.1536 3.8502 2.7100, -3.1553 3.3666 2.7100, -3.5263 3.3682 2.7100, -3.6130 3.3707 2.7100, -4.3153 3.3666 2.7100, -4.3153 3.3666 2.7100, -4.3963 3.3666 2.7100, -4.5000 2.9859 2.7100, -4.5000 4.6141 2.7100, -4.1137 4.3343 2.7100, -4.0873 4.4046 2.7100, -3.8762 4.5308 2.7100, -3.8678 4.5290 2.7100, -3.3011 4.5331 2.7100, -2.1913 4.5339 2.7100, -1.9105 3.6938 2.7100, -1.8801 3.7268 2.7100, -1.8330 3.7659 2.7100, -1.8159 3.7775 2.7100, -1.8429 4.1038 2.7100, 0.6724 4.5291 2.7100, 0.8041 4.1932 2.7100, 0.8301 4.2693 2.7100, 1.5370 4.1018 2.7100, 1.5473 4.0009 2.7100, 1.6703 3.6950 2.7100, 1.7056 3.8355 2.7100, 1.7993 4.0091 2.7100, 1.7839 4.0224 2.7100, 2.4026 4.1764 2.7100, 2.3979 4.1431 2.7100, 2.6285 4.2693 2.7100, 3.3319 3.7404 2.7100, 3.3247 3.6996 2.7100, 3.5360 3.3666 2.7100, 4.3574 4.1419 2.7100, 4.3504 4.1251 2.7100, 4.2972 3.9562 2.7100, 2.6718 3.4781 2.7100, 2.4078 3.8452 2.7100, 2.4234 3.8115 2.7100, 1.8041 3.4102 2.7100, 1.4988 3.5991 2.7100, 1.4746 3.5420 2.7100, 0.9778 3.3801 2.7100, 0.9425 3.4038 2.7100, 0.0243 3.3626 2.7100, -1.3658 4.4371 2.7100, -1.1003 4.2151 2.7100, -1.0843 4.2651 2.7100, -1.1001 3.6428 2.7100, -0.6986 3.7529 2.7100, -0.7634 3.7479 2.7100, -1.0029 3.8356 2.7100, -1.2604 4.0456 2.7100, -1.2895 3.9891 2.7100, -1.3484 3.9208 2.7100, -1.3680 3.9037 2.7100, -1.2435 3.5043 2.7100, -2.8215 3.3658 2.7100, -3.1553 3.3666 2.7100, -3.4388 3.3658 2.7100, -3.4388 3.3658 2.7100, -3.5263 3.3682 2.7100, -4.3153 3.3666 2.7100, -4.3153 3.3666 2.7100, -4.5000 2.9859 2.7100, 4.5000 2.9859 2.7100, -4.5000 4.6141 2.7100, -4.0873 4.4046 2.7100, -4.0668 4.4591 2.7100, -3.8880 4.5320 2.7100, -3.8762 4.5308 2.7100, -3.3011 4.5331 2.7100, -2.1913 4.5339 2.7100, -1.8801 3.7268 2.7100, -1.8454 3.7571 2.7100, -1.8454 3.7571 2.7100, -1.8330 3.7659 2.7100, -1.8429 4.1038 2.7100, 0.6724 4.5291 2.7100, 0.8301 4.2693 2.7100, 0.8626 4.3347 2.7100, 1.5196 4.1907 2.7100, 1.5370 4.1018 2.7100, 1.6703 3.6950 2.7100, 1.6912 3.8044 2.7100, 1.7056 3.8355 2.7100, 1.7839 4.0224 2.7100, 2.4043 4.2131 2.7100, 2.4026 4.1764 2.7100, 2.6285 4.2693 2.7100, 3.3377 3.7836 2.7100, 3.3319 3.7404 2.7100, 3.5360 3.3666 2.7100, 4.3574 4.1419 2.7100, 4.2972 3.9562 2.7100, 4.3177 3.9430 2.7100, 2.6718 3.4781 2.7100, 2.4234 3.8115 2.7100, 2.4346 3.7749 2.7100, 1.8480 3.3843 2.7100, 1.8041 3.4102 2.7100, 1.4746 3.5420 2.7100, 1.0162 3.3612 2.7100, 0.9778 3.3801 2.7100, 0.0243 3.3626 2.7100, -1.3850 4.4509 2.7100, -1.3658 4.4371 2.7100, -1.0843 4.2651 2.7100, -1.1001 3.6428 2.7100, -0.7634 3.7479 2.7100, -0.8288 3.7536 2.7100, -0.9511 3.7976 2.7100, -1.0029 3.8356 2.7100, -1.2895 3.9891 2.7100, -1.3302 3.9385 2.7100, -1.3484 3.9208 2.7100, -1.2435 3.5043 2.7100, -3.4388 3.3658 2.7100, -4.3153 3.3666 2.7100, 4.5000 2.9859 2.7100, -4.5000 4.6141 2.7100, -4.0668 4.4591 2.7100, -4.0472 4.5113 2.7100, -3.9038 4.5327 2.7100, -3.8880 4.5320 2.7100, -3.3011 4.5331 2.7100, -1.8454 3.7571 2.7100, -1.8429 4.1038 2.7100, -1.9912 4.1038 2.7100, 0.6724 4.5291 2.7100, 0.8626 4.3347 2.7100, 0.9016 4.3892 2.7100, 1.5196 4.1907 2.7100, 1.6703 3.6950 2.7100, 1.6736 3.7376 2.7100, 1.6912 3.8044 2.7100, 1.7839 4.0224 2.7100, 1.7691 4.0372 2.7100, 2.4044 4.2319 2.7100, 2.4043 4.2131 2.7100, 2.6285 4.2693 2.7100, 3.3423 3.8283 2.7100, 3.3377 3.7836 2.7100, 3.5360 3.3666 2.7100, 4.3635 4.1641 2.7100, 4.3574 4.1419 2.7100, 4.3177 3.9430 2.7100, 2.6718 3.4781 2.7100, 2.4346 3.7749 2.7100, 2.4415 3.7354 2.7100, 1.8960 3.3636 2.7100, 1.8480 3.3843 2.7100, 1.4746 3.5420 2.7100, 1.0571 3.3473 2.7100, 1.0162 3.3612 2.7100, 0.0243 3.3626 2.7100, -1.3850 4.4509 2.7100, -1.0843 4.2651 2.7100, -1.0628 4.3125 2.7100, -1.1001 3.6428 2.7100, -0.8288 3.7536 2.7100, -0.8922 3.7702 2.7100, -0.9511 3.7976 2.7100, -1.2895 3.9891 2.7100, -1.3302 3.9385 2.7100, -2.8215 3.3658 2.7100, -3.4388 3.3658 2.7100, 4.5000 2.9859 2.7100, -4.5000 4.6141 2.7100, -4.0472 4.5113 2.7100, -4.0383 4.5331 2.7100, -3.9243 4.5330 2.7100, -3.9038 4.5327 2.7100, -3.3011 4.5331 2.7100, -2.1913 4.5339 2.7100, -1.8454 3.7571 2.7100, -1.9912 4.1038 2.7100, 0.6724 4.5291 2.7100, 0.9016 4.3892 2.7100, 0.9471 4.4330 2.7100, 1.4948 4.2679 2.7100, 1.5196 4.1907 2.7100, 1.6736 3.7376 2.7100, 1.6912 3.8044 2.7100, 1.7691 4.0372 2.7100, 1.7553 4.0529 2.7100, 2.4040 4.2479 2.7100, 2.4044 4.2319 2.7100, 2.6285 4.2693 2.7100, 3.3454 3.8733 2.7100, 3.3423 3.8283 2.7100, 3.5360 3.3666 2.7100, 4.3635 4.1641 2.7100, 4.3177 3.9430 2.7100, 4.3358 3.9293 2.7100, 2.7089 3.4322 2.7100, 2.6718 3.4781 2.7100, 2.4415 3.7354 2.7100, 1.8960 3.3636 2.7100, 1.4746 3.5420 2.7100, 1.4457 3.4914 2.7100, 1.1000 3.3383 2.7100, 1.0571 3.3473 2.7100, 0.0243 3.3626 2.7100, -1.4054 4.4631 2.7100, -1.3850 4.4509 2.7100, -1.0628 4.3125 2.7100, -1.1001 3.6428 2.7100, -0.8922 3.7702 2.7100, -0.9511 3.7976 2.7100, -0.9511 3.7976 2.7100, -1.3302 3.9385 2.7100, -1.2435 3.5043 2.7100, -1.2435 3.3666 2.7100, -2.8215 3.3658 2.7100, 4.5000 2.9859 2.7100, 4.5000 4.6141 2.7100, -4.5000 4.6141 2.7100, -4.0383 4.5331 2.7100, -3.9500 4.5331 2.7100, -3.9243 4.5330 2.7100, -3.3011 4.5331 2.7100, -2.1913 4.5339 2.7100, -1.9912 4.1038 2.7100, -1.9863 4.1629 2.7100, 0.6724 4.5291 2.7100, 0.9471 4.4330 2.7100, 0.9990 4.4659 2.7100, 1.4948 4.2679 2.7100, 1.6736 3.7376 2.7100, 1.6805 3.7717 2.7100, 1.6805 3.7717 2.7100, 1.6912 3.8044 2.7100, 1.7553 4.0529 2.7100, 2.4030 4.2619 2.7100, 2.4040 4.2479 2.7100, 2.6285 4.2693 2.7100, 3.3471 3.9178 2.7100, 3.3454 3.8733 2.7100, 3.5360 3.3666 2.7100, 4.3676 4.1895 2.7100, 4.3635 4.1641 2.7100, 4.3358 3.9293 2.7100, 2.7089 3.4322 2.7100, 2.4415 3.7354 2.7100, 2.4440 3.6931 2.7100, 1.9473 3.3484 2.7100, 1.8960 3.3636 2.7100, 1.4457 3.4914 2.7100, 1.1446 3.3346 2.7100, 1.1000 3.3383 2.7100, 0.0243 3.3626 2.7100, -1.4271 4.4737 2.7100, -1.4054 4.4631 2.7100, -1.0628 4.3125 2.7100, -1.1001 3.6428 2.7100, -0.9511 3.7976 2.7100, -1.2435 3.5043 2.7100, 4.5000 4.6141 2.7100, -4.0383 4.5331 2.7100, -3.9500 4.5331 2.7100, -3.9500 4.5331 2.7100, -3.3011 4.5331 2.7100, -2.1913 4.5339 2.7100, -2.1913 4.5339 2.7100, -1.9863 4.1629 2.7100, -1.9770 4.2291 2.7100, 0.6724 4.5291 2.7100, 0.9990 4.4659 2.7100, 1.0572 4.4878 2.7100, 1.4948 4.2679 2.7100, 1.6805 3.7717 2.7100, 1.7553 4.0529 2.7100, 2.4012 4.2744 2.7100, 2.4030 4.2619 2.7100, 2.6285 4.2693 2.7100, 3.3472 3.9607 2.7100, 3.3471 3.9178 2.7100, 3.5360 3.3666 2.7100, 4.3676 4.1895 2.7100, 4.3358 3.9293 2.7100, 4.3519 3.9148 2.7100, 2.7089 3.4322 2.7100, 2.4440 3.6931 2.7100, 2.4432 3.6630 2.7100, 1.9473 3.3484 2.7100, 1.4457 3.4914 2.7100, 1.4122 3.4474 2.7100, 1.1446 3.3346 2.7100, 0.0243 3.3626 2.7100, -0.0527 3.3626 2.7100, -1.4271 4.4737 2.7100, -1.0628 4.3125 2.7100, -1.0365 4.3563 2.7100, -1.0952 3.5983 2.7100, -1.1001 3.6428 2.7100, -1.2435 3.5043 2.7100, 4.5000 4.6141 2.7100, -3.9500 4.5331 2.7100, -2.1913 4.5339 2.7100, -2.1913 4.5339 2.7100, -1.9770 4.2291 2.7100, -1.9600 4.2889 2.7100, 0.6724 4.5291 2.7100, 1.0572 4.4878 2.7100, 1.0800 4.4928 2.7100, 1.4625 4.3337 2.7100, 1.4948 4.2679 2.7100, 1.7553 4.0529 2.7100, 2.3985 4.2862 2.7100, 2.4012 4.2744 2.7100, 2.6285 4.2693 2.7100, 3.3456 4.0009 2.7100, 3.3472 3.9607 2.7100, 3.5360 3.3666 2.7100, 4.3699 4.2171 2.7100, 4.3676 4.1895 2.7100, 4.3519 3.9148 2.7100, 2.7408 3.4038 2.7100, 2.7089 3.4322 2.7100, 2.4432 3.6630 2.7100, 1.9473 3.3484 2.7100, 1.4122 3.4474 2.7100, 1.3743 3.4104 2.7100, 1.1446 3.3346 2.7100, -0.0527 3.3626 2.7100, -0.1296 3.3626 2.7100, -1.4503 4.4829 2.7100, -1.4271 4.4737 2.7100, -1.0365 4.3563 2.7100, -1.0889 3.5619 2.7100, -1.0952 3.5983 2.7100, -1.2435 3.5043 2.7100, -2.1913 4.5339 2.7100, -1.9600 4.2889 2.7100, -1.9356 4.3422 2.7100, 0.6724 4.5291 2.7100, 1.0800 4.4928 2.7100, 1.1045 4.4965 2.7100, 1.4226 4.3884 2.7100, 1.4625 4.3337 2.7100, 1.7553 4.0529 2.7100, 2.3949 4.2980 2.7100, 2.3985 4.2862 2.7100, 2.6285 4.2693 2.7100, 3.3354 4.1018 2.7100, 3.3456 4.0009 2.7100, 3.5360 3.3666 2.7100, 4.3699 4.2171 2.7100, 4.3519 3.9148 2.7100, 4.3661 3.8994 2.7100, 2.7408 3.4038 2.7100, 2.4432 3.6630 2.7100, 2.4408 3.6350 2.7100, 2.0010 3.3388 2.7100, 1.9473 3.3484 2.7100, 1.3743 3.4104 2.7100, -1.4752 4.4908 2.7100, -1.4503 4.4829 2.7100, -1.0365 4.3563 2.7100, -1.0774 3.5262 2.7100, -1.0889 3.5619 2.7100, -1.2435 3.5043 2.7100, -2.1913 4.5339 2.7100, -1.9356 4.3422 2.7100, -1.9040 4.3886 2.7100, 0.6724 4.5291 2.7100, 1.1045 4.4965 2.7100, 1.1300 4.4988 2.7100, 1.4226 4.3884 2.7100, 1.7553 4.0529 2.7100, 1.7431 4.0692 2.7100, 2.3901 4.3104 2.7100, 2.3949 4.2980 2.7100, 2.6285 4.2693 2.7100, 3.3180 4.1907 2.7100, 3.3354 4.1018 2.7100, 3.5360 3.3666 2.7100, 4.3704 4.2456 2.7100, 4.3699 4.2171 2.7100, 4.3661 3.8994 2.7100, 2.7408 3.4038 2.7100, 2.4408 3.6350 2.7100, 2.4367 3.6087 2.7100, 2.0010 3.3388 2.7100, 1.3743 3.4104 2.7100, 1.3324 3.3805 2.7100, -1.4752 4.4908 2.7100, -1.0365 4.3563 2.7100, -1.0059 4.3954 2.7100, -1.0614 3.4919 2.7100, -1.0774 3.5262 2.7100, -1.2435 3.5043 2.7100, -2.1913 4.5339 2.7100, -1.9040 4.3886 2.7100, -1.8654 4.4279 2.7100, 0.6724 4.5291 2.7100, 1.1300 4.4988 2.7100, 1.1561 4.4997 2.7100, 1.4226 4.3884 2.7100, 1.7431 4.0692 2.7100, 1.7327 4.0855 2.7100, 2.3841 4.3241 2.7100, 2.3901 4.3104 2.7100, 2.6285 4.2693 2.7100, 3.3180 4.1907 2.7100, 3.5360 3.3666 2.7100, 3.5360 3.9499 2.7100, 4.3704 4.2456 2.7100, 4.3661 3.8994 2.7100, 4.3789 3.8827 2.7100, 2.7408 3.4038 2.7100, 2.4367 3.6087 2.7100, 2.4306 3.5838 2.7100, 2.0562 3.3350 2.7100, 2.0010 3.3388 2.7100, 1.3324 3.3805 2.7100, -1.5019 4.4975 2.7100, -1.4752 4.4908 2.7100, -1.0059 4.3954 2.7100, -1.0414 3.4597 2.7100, -1.0614 3.4919 2.7100, -1.2435 3.5043 2.7100, -2.1913 4.5339 2.7100, -1.8654 4.4279 2.7100, -1.8199 4.4599 2.7100, 0.6724 4.5291 2.7100, 1.1561 4.4997 2.7100, 1.1822 4.4991 2.7100, 1.4226 4.3884 2.7100, 1.7327 4.0855 2.7100, 1.7247 4.1014 2.7100, 2.3662 4.3570 2.7100, 2.3841 4.3241 2.7100, 2.6285 4.2693 2.7100, 3.2932 4.2679 2.7100, 3.3180 4.1907 2.7100, 3.5360 3.9499 2.7100, 4.3704 4.2456 2.7100, 4.3789 3.8827 2.7100, 4.3905 3.8645 2.7100, 2.7762 3.3801 2.7100, 2.7408 3.4038 2.7100, 2.4306 3.5838 2.7100, 2.0562 3.3350 2.7100, 1.3324 3.3805 2.7100, 1.2866 3.3580 2.7100, -1.5019 4.4975 2.7100, -1.0059 4.3954 2.7100, -0.9715 4.4288 2.7100, -1.0178 3.4303 2.7100, -1.0414 3.4597 2.7100, -1.2435 3.5043 2.7100, -2.1913 4.5339 2.7100, -1.8199 4.4599 2.7100, -1.7678 4.4842 2.7100, 1.4226 4.3884 2.7100, 1.7247 4.1014 2.7100, 1.7181 4.1213 2.7100, 2.3444 4.3873 2.7100, 2.3662 4.3570 2.7100, 2.6285 4.2693 2.7100, 3.2609 4.3337 2.7100, 3.2932 4.2679 2.7100, 3.5360 3.9499 2.7100, 4.3690 4.2743 2.7100, 4.3704 4.2456 2.7100, 4.3905 3.8645 2.7100, 2.7762 3.3801 2.7100, 2.4306 3.5838 2.7100, 2.4227 3.5598 2.7100, 2.0562 3.3350 2.7100, 1.2866 3.3580 2.7100, 1.2370 3.3431 2.7100, -1.5252 4.5015 2.7100, -1.5019 4.4975 2.7100, -0.9715 4.4288 2.7100, -0.9913 3.4045 2.7100, -1.0178 3.4303 2.7100, -1.2435 3.5043 2.7100, -2.1913 4.5339 2.7100, -1.7678 4.4842 2.7100, -1.7093 4.5007 2.7100, 1.3749 4.4323 2.7100, 1.4226 4.3884 2.7100, 1.7181 4.1213 2.7100, 2.3191 4.4147 2.7100, 2.3444 4.3873 2.7100, 2.6285 4.2693 2.7100, 3.2609 4.3337 2.7100, 3.5360 3.9499 2.7100, 3.5360 4.5331 2.7100, 4.3690 4.2743 2.7100, 4.3905 3.8645 2.7100, 4.4012 3.8446 2.7100, 2.7762 3.3801 2.7100, 2.4227 3.5598 2.7100, 2.4126 3.5364 2.7100, 2.0562 3.3350 2.7100, 1.2370 3.3431 2.7100, 1.1904 3.3361 2.7100, -1.5252 4.5015 2.7100, -0.9715 4.4288 2.7100, -0.9340 4.4554 2.7100, -0.9624 3.3830 2.7100, -0.9913 3.4045 2.7100, -1.2435 3.5043 2.7100, -2.1913 4.5339 2.7100, -1.7093 4.5007 2.7100, -1.6878 4.5041 2.7100, 1.3749 4.4323 2.7100, 1.7181 4.1213 2.7100, 1.7136 4.1453 2.7100, 2.2906 4.4392 2.7100, 2.3191 4.4147 2.7100, 2.6285 4.2693 2.7100, 3.2210 4.3884 2.7100, 3.2609 4.3337 2.7100, 3.5360 4.5331 2.7100, 4.3690 4.2743 2.7100, 4.4012 3.8446 2.7100, 4.4077 3.8305 2.7100, 2.8146 3.3612 2.7100, 2.7762 3.3801 2.7100, 2.4126 3.5364 2.7100, 2.0562 3.3350 2.7100, 1.1904 3.3361 2.7100, 1.1446 3.3346 2.7100, -1.5513 4.5046 2.7100, -1.5252 4.5015 2.7100, -0.9340 4.4554 2.7100, -0.9316 3.3666 2.7100, -0.9624 3.3830 2.7100, -1.2435 3.5043 2.7100, -2.1913 4.5339 2.7100, -1.6878 4.5041 2.7100, -1.6631 4.5064 2.7100, 1.3749 4.4323 2.7100, 1.7136 4.1453 2.7100, 1.7111 4.1720 2.7100, 2.2592 4.4602 2.7100, 2.2906 4.4392 2.7100, 2.6285 4.2693 2.7100, 3.1733 4.4323 2.7100, 3.2210 4.3884 2.7100, 3.5360 4.5331 2.7100, 4.3690 4.2743 2.7100, 4.4077 3.8305 2.7100, 4.4128 3.8179 2.7100, 2.8146 3.3612 2.7100, 2.4126 3.5364 2.7100, 2.4003 3.5132 2.7100, -1.5513 4.5046 2.7100, -0.9340 4.4554 2.7100, -0.9043 4.4700 2.7100, -0.9316 3.3666 2.7100, -1.2435 3.5043 2.7100, -1.2435 3.3666 2.7100, -2.1913 4.5339 2.7100, -1.6631 4.5064 2.7100, -1.6360 4.5075 2.7100, 1.3749 4.4323 2.7100, 1.7111 4.1720 2.7100, 1.7106 4.2005 2.7100, 2.2592 4.4602 2.7100, 2.6285 4.2693 2.7100, 2.6610 4.3347 2.7100, 3.1177 4.4656 2.7100, 3.1733 4.4323 2.7100, 3.5360 4.5331 2.7100, 4.3690 4.2743 2.7100, 4.4128 3.8179 2.7100, 4.4166 3.8056 2.7100, 2.8146 3.3612 2.7100, 2.4003 3.5132 2.7100, 2.3857 3.4897 2.7100, -1.5791 4.5066 2.7100, -1.5513 4.5046 2.7100, -0.9043 4.4700 2.7100, -0.8967 3.3540 2.7100, -0.9316 3.3666 2.7100, -1.2435 3.3666 2.7100, 4.5000 4.6141 2.7100, -2.1913 4.5339 2.7100, -1.6360 4.5075 2.7100, 1.3749 4.4323 2.7100, 1.7106 4.2005 2.7100, 1.7121 4.2295 2.7100, 2.2254 4.4777 2.7100, 2.2592 4.4602 2.7100, 2.6610 4.3347 2.7100, 3.0540 4.4886 2.7100, 3.1177 4.4656 2.7100, 3.5360 4.5331 2.7100, 4.3690 4.2743 2.7100, 4.4166 3.8056 2.7100, 4.4194 3.7926 2.7100, 2.8554 3.3473 2.7100, 2.8146 3.3612 2.7100, 2.3857 3.4897 2.7100, -1.5791 4.5066 2.7100, -0.9043 4.4700 2.7100, -0.8709 4.4818 2.7100, -0.8589 3.3446 2.7100, -0.8967 3.3540 2.7100, -1.2435 3.3666 2.7100, 4.5000 4.6141 2.7100, -1.6360 4.5075 2.7100, -0.1337 4.5331 2.7100, 1.3749 4.4323 2.7100, 1.7121 4.2295 2.7100, 1.7157 4.2580 2.7100, 2.1894 4.4913 2.7100, 2.2254 4.4777 2.7100, 2.6610 4.3347 2.7100, 3.0309 4.4936 2.7100, 3.0540 4.4886 2.7100, 3.5360 4.5331 2.7100, 4.3690 4.2743 2.7100, 4.4194 3.7926 2.7100, 4.4212 3.7777 2.7100, 2.8554 3.3473 2.7100, 2.3857 3.4897 2.7100, 2.3652 3.4618 2.7100, -0.1337 4.5331 2.7100, -1.6360 4.5075 2.7100, -1.6077 4.5076 2.7100, -1.5791 4.5066 2.7100, -0.8709 4.4818 2.7100, -0.8346 4.4907 2.7100, -0.8191 3.3386 2.7100, -0.8589 3.3446 2.7100, -1.2435 3.3666 2.7100, 4.5000 4.6141 2.7100, -0.1337 4.5331 2.7100, 0.2689 4.5315 2.7100, 1.3193 4.4656 2.7100, 1.3749 4.4323 2.7100, 1.7157 4.2580 2.7100, 2.1894 4.4913 2.7100, 2.6610 4.3347 2.7100, 2.7000 4.3892 2.7100, 3.0062 4.4971 2.7100, 3.0309 4.4936 2.7100, 3.5360 4.5331 2.7100, 2.8554 3.3473 2.7100, 2.3652 3.4618 2.7100, 2.3432 3.4370 2.7100, -0.1337 4.5331 2.7100, -1.6077 4.5076 2.7100, -1.5791 4.5066 2.7100, -1.5791 4.5066 2.7100, -0.8346 4.4907 2.7100, -0.7961 4.4965 2.7100, -0.8191 3.3386 2.7100, -1.2435 3.3666 2.7100, 4.5000 2.9859 2.7100, 4.5000 4.6141 2.7100, 0.2689 4.5315 2.7100, 0.6724 4.5291 2.7100, 1.3193 4.4656 2.7100, 1.7157 4.2580 2.7100, 1.7212 4.2848 2.7100, 2.1516 4.5007 2.7100, 2.1894 4.4913 2.7100, 2.7000 4.3892 2.7100, 2.9806 4.4991 2.7100, 3.0062 4.4971 2.7100, 3.5360 4.5331 2.7100, 2.8984 3.3383 2.7100, 2.8554 3.3473 2.7100, 2.3432 3.4370 2.7100, -1.5791 4.5066 2.7100, -0.7961 4.4965 2.7100, -0.7562 4.4992 2.7100, -0.7783 3.3359 2.7100, -0.8191 3.3386 2.7100, 4.5000 2.9859 2.7100, 4.5000 4.6141 2.7100, 0.6724 4.5291 2.7100, 1.1822 4.4991 2.7100, 1.3193 4.4656 2.7100, 1.7212 4.2848 2.7100, 1.7287 4.3087 2.7100, 2.1516 4.5007 2.7100, 2.7000 4.3892 2.7100, 2.7455 4.4330 2.7100, 2.9545 4.4997 2.7100, 2.9806 4.4991 2.7100, 3.5360 4.5331 2.7100, 2.8984 3.3383 2.7100, 2.3432 3.4370 2.7100, 2.3194 3.4151 2.7100, -0.1337 4.5331 2.7100, -1.5791 4.5066 2.7100, -0.7562 4.4992 2.7100, -0.7374 3.3366 2.7100, -0.7783 3.3359 2.7100, 4.5000 2.9859 2.7100, 4.5000 4.6141 2.7100, 1.1822 4.4991 2.7100, 1.2079 4.4971 2.7100, 1.3193 4.4656 2.7100, 1.7287 4.3087 2.7100, 1.7392 4.3310 2.7100, 2.1156 4.5059 2.7100, 2.1516 4.5007 2.7100, 2.7455 4.4330 2.7100, 2.9284 4.4988 2.7100, 2.9545 4.4997 2.7100, 3.5360 4.5331 2.7100, 2.8984 3.3383 2.7100, 2.3194 3.4151 2.7100, 2.2937 3.3961 2.7100, -0.1337 4.5331 2.7100, -0.7562 4.4992 2.7100, -0.7155 4.4986 2.7100, -0.6974 3.3407 2.7100, -0.7374 3.3366 2.7100, 4.5000 2.9859 2.7100, 4.5000 4.6141 2.7100, 1.2079 4.4971 2.7100, 1.2325 4.4936 2.7100, 1.2556 4.4886 2.7100, 1.3193 4.4656 2.7100, 1.7392 4.3310 2.7100, 2.1156 4.5059 2.7100, 2.7455 4.4330 2.7100, 2.7973 4.4659 2.7100, 2.8984 3.3383 2.7100, 2.2937 3.3961 2.7100, 2.2659 3.3797 2.7100, -0.1337 4.5331 2.7100, -0.7155 4.4986 2.7100, -0.6749 4.4949 2.7100, -0.6592 3.3483 2.7100, -0.6974 3.3407 2.7100, 4.5000 2.9859 2.7100, 4.5000 4.6141 2.7100, 1.2325 4.4936 2.7100, 1.2556 4.4886 2.7100, 1.2556 4.4886 2.7100, 1.7392 4.3310 2.7100, 1.7531 4.3541 2.7100, 2.0786 4.5083 2.7100, 2.1156 4.5059 2.7100, 2.7973 4.4659 2.7100, 2.9430 3.3346 2.7100, 2.8984 3.3383 2.7100, 2.2659 3.3797 2.7100, -0.1337 4.5331 2.7100, -0.6749 4.4949 2.7100, -0.6351 4.4878 2.7100, -0.6238 3.3593 2.7100, -0.6592 3.3483 2.7100, 4.5000 2.9859 2.7100, 1.2556 4.4886 2.7100, 1.7531 4.3541 2.7100, 1.7697 4.3772 2.7100, 2.0786 4.5083 2.7100, 2.7973 4.4659 2.7100, 2.8555 4.4878 2.7100, 2.9430 3.3346 2.7100, 2.2659 3.3797 2.7100, 2.2358 3.3659 2.7100, -0.1337 4.5331 2.7100, -0.6351 4.4878 2.7100, -0.5847 4.4720 2.7100, -0.6101 3.3647 2.7100, -0.6238 3.3593 2.7100, 4.5000 2.9859 2.7100, 1.2556 4.4886 2.7100, 1.7697 4.3772 2.7100, 1.7886 4.3998 2.7100, 2.0786 4.5083 2.7100, 2.8555 4.4878 2.7100, 2.8784 4.4928 2.7100, 2.9430 3.3346 2.7100, 2.2358 3.3659 2.7100, 2.2031 3.3546 2.7100, -0.1337 4.5331 2.7100, -0.5847 4.4720 2.7100, -0.5388 4.4485 2.7100, -0.5974 3.3706 2.7100, -0.6101 3.3647 2.7100, 4.5000 2.9859 2.7100, 1.2556 4.4886 2.7100, 1.7886 4.3998 2.7100, 1.8089 4.4209 2.7100, 2.0786 4.5083 2.7100, 2.8784 4.4928 2.7100, 2.9028 4.4965 2.7100, 2.9430 3.3346 2.7100, 2.2031 3.3546 2.7100, 2.1678 3.3455 2.7100, -0.1337 4.5331 2.7100, -0.5388 4.4485 2.7100, -0.4974 4.4173 2.7100, -0.5852 3.3775 2.7100, -0.5974 3.3706 2.7100, 4.5000 2.9859 2.7100, 1.2556 4.4886 2.7100, 1.8089 4.4209 2.7100, 1.8300 4.4399 2.7100, 2.0786 4.5083 2.7100, 2.9028 4.4965 2.7100, 2.9284 4.4988 2.7100, 2.9430 3.3346 2.7100, 2.1678 3.3455 2.7100, 2.1121 3.3372 2.7100, -0.1337 4.5331 2.7100, -0.4974 4.4173 2.7100, -0.4607 4.3787 2.7100, -0.5732 3.3854 2.7100, -0.5852 3.3775 2.7100, 4.5000 2.9859 2.7100, 1.2556 4.4886 2.7100, 1.8300 4.4399 2.7100, 1.8513 4.4559 2.7100, 2.0786 4.5083 2.7100, 2.9284 4.4988 2.7100, 3.5360 4.5331 2.7100, 2.9430 3.3346 2.7100, 2.1121 3.3372 2.7100, 2.0562 3.3350 2.7100, -0.1320 3.9482 2.7100, -0.1337 4.5331 2.7100, -0.4607 4.3787 2.7100, -0.5610 3.3949 2.7100, -0.5732 3.3854 2.7100, 4.5000 2.9859 2.7100, 1.2556 4.4886 2.7100, 1.8513 4.4559 2.7100, 1.8721 4.4683 2.7100, 2.0413 4.5079 2.7100, 2.0786 4.5083 2.7100, 3.5360 4.5331 2.7100, 2.9430 3.3346 2.7100, 2.0562 3.3350 2.7100, 1.1446 3.3346 2.7100, -0.1320 3.9482 2.7100, -0.4607 4.3787 2.7100, -0.4288 4.3328 2.7100, 1.2556 4.4886 2.7100, 1.8721 4.4683 2.7100, 1.9014 4.4809 2.7100, -0.1320 3.9482 2.7100, -0.4288 4.3328 2.7100, -0.4018 4.2796 2.7100, 1.2556 4.4886 2.7100, 1.9014 4.4809 2.7100, 1.9337 4.4913 2.7100, -0.1320 3.9482 2.7100, -0.4018 4.2796 2.7100, -0.3798 4.2195 2.7100, 1.2556 4.4886 2.7100, 1.9337 4.4913 2.7100, 1.9681 4.4993 2.7100, -0.1296 3.3626 2.7100, -0.1320 3.9482 2.7100, -0.3798 4.2195 2.7100, 1.2556 4.4886 2.7100, 1.9681 4.4993 2.7100, 2.0042 4.5049 2.7100, -0.1296 3.3626 2.7100, -0.3798 4.2195 2.7100, -0.3629 4.1524 2.7100, 1.2556 4.4886 2.7100, 2.0042 4.5049 2.7100, 2.0413 4.5079 2.7100, -0.1296 3.3626 2.7100, -0.3629 4.1524 2.7100, -0.3573 4.1161 2.7100, 4.5000 4.6141 2.7100, 1.2556 4.4886 2.7100, 2.0413 4.5079 2.7100, -0.1296 3.3626 2.7100, -0.3573 4.1161 2.7100, -0.3533 4.0717 2.7100, 4.5000 4.6141 2.7100, 2.0413 4.5079 2.7100, 3.5360 4.5331 2.7100, -0.1296 3.3626 2.7100, -0.3533 4.0717 2.7100, -0.3510 4.0215 2.7100, 4.5000 4.6141 2.7100, 3.5360 4.5331 2.7100, 3.8139 4.5331 2.7100, -0.1296 3.3626 2.7100, -0.3510 4.0215 2.7100, -0.3502 3.9683 2.7100, 4.5000 4.6141 2.7100, 3.8139 4.5331 2.7100, 3.8891 4.5330 2.7100, -0.1296 3.3626 2.7100, -0.3502 3.9683 2.7100, -0.3510 3.9145 2.7100, 4.5000 4.6141 2.7100, 3.8891 4.5330 2.7100, 3.9518 4.5326 2.7100, -0.1296 3.3626 2.7100, -0.3510 3.9145 2.7100, -0.3533 3.8628 2.7100, 4.5000 4.6141 2.7100, 3.9518 4.5326 2.7100, 4.0034 4.5318 2.7100, -0.1296 3.3626 2.7100, -0.3533 3.8628 2.7100, -0.3573 3.8157 2.7100, 4.5000 4.6141 2.7100, 4.0034 4.5318 2.7100, 4.0451 4.5307 2.7100, -0.1296 3.3626 2.7100, -0.3573 3.8157 2.7100, -0.3629 3.7757 2.7100, 4.5000 4.6141 2.7100, 4.0451 4.5307 2.7100, 4.0786 4.5291 2.7100, -0.1296 3.3626 2.7100, -0.3629 3.7757 2.7100, -0.3744 3.7188 2.7100, 4.5000 4.6141 2.7100, 4.0786 4.5291 2.7100, 4.1050 4.5270 2.7100, -0.1296 3.3626 2.7100, -0.3744 3.7188 2.7100, -0.3878 3.6669 2.7100, 4.5000 4.6141 2.7100, 4.1050 4.5270 2.7100, 4.1260 4.5243 2.7100, -0.1296 3.3626 2.7100, -0.3878 3.6669 2.7100, -0.4032 3.6196 2.7100, 4.5000 4.6141 2.7100, 4.1260 4.5243 2.7100, 4.1428 4.5210 2.7100, -0.1296 3.3626 2.7100, -0.4032 3.6196 2.7100, -0.4209 3.5763 2.7100, 4.5000 4.6141 2.7100, 4.1428 4.5210 2.7100, 4.1805 4.5099 2.7100, -0.1296 3.3626 2.7100, -0.4209 3.5763 2.7100, -0.4411 3.5367 2.7100, 4.5000 4.6141 2.7100, 4.1805 4.5099 2.7100, 4.2153 4.4957 2.7100, -0.1296 3.3626 2.7100, -0.4411 3.5367 2.7100, -0.4640 3.5001 2.7100, 4.5000 4.6141 2.7100, 4.2153 4.4957 2.7100, 4.2470 4.4785 2.7100, -0.1296 3.3626 2.7100, -0.4640 3.5001 2.7100, -0.4897 3.4663 2.7100, 4.5000 4.6141 2.7100, 4.2470 4.4785 2.7100, 4.2755 4.4583 2.7100, -0.1296 3.3626 2.7100, -0.4897 3.4663 2.7100, -0.5185 3.4347 2.7100, 4.5000 4.6141 2.7100, 4.2755 4.4583 2.7100, 4.3006 4.4352 2.7100, -0.1296 3.3626 2.7100, -0.5185 3.4347 2.7100, -0.5340 3.4192 2.7100, 4.5000 4.6141 2.7100, 4.3006 4.4352 2.7100, 4.3222 4.4094 2.7100, -0.1296 3.3626 2.7100, -0.5340 3.4192 2.7100, -0.5480 3.4060 2.7100, 4.5000 4.6141 2.7100, 4.3222 4.4094 2.7100, 4.3401 4.3810 2.7100, -0.1296 3.3626 2.7100, -0.5480 3.4060 2.7100, -0.5610 3.3949 2.7100, 4.5000 4.6141 2.7100, 4.3401 4.3810 2.7100, 4.3542 4.3500 2.7100, -0.1296 3.3626 2.7100, -0.5610 3.3949 2.7100, 4.5000 2.9859 2.7100, 4.5000 4.6141 2.7100, 4.3542 4.3500 2.7100, 4.3609 4.3275 2.7100, 1.1446 3.3346 2.7100, -0.1296 3.3626 2.7100, 4.5000 2.9859 2.7100, 4.5000 4.6141 2.7100, 4.3609 4.3275 2.7100, 4.3659 4.3019 2.7100, 2.9430 3.3346 2.7100, 1.1446 3.3346 2.7100, 4.5000 2.9859 2.7100, 4.5000 4.6141 2.7100, 4.3659 4.3019 2.7100, 4.3690 4.2743 2.7100, 3.9979 3.3681 2.7100, 2.9430 3.3346 2.7100, 4.5000 2.9859 2.7100, 4.5000 4.6141 2.7100, 4.3690 4.2743 2.7100, 4.4212 3.7777 2.7100, 4.0626 3.3705 2.7100, 3.9979 3.3681 2.7100, 4.5000 2.9859 2.7100, 4.5000 2.9859 2.7100, 4.5000 4.6141 2.7100, 4.4212 3.7777 2.7100, 4.1137 3.3745 2.7100, 4.0626 3.3705 2.7100, 4.5000 2.9859 2.7100, 4.5000 2.9859 2.7100, 4.4212 3.7777 2.7100, 4.4224 3.7599 2.7100, 4.1545 3.3804 2.7100, 4.1137 3.3745 2.7100, 4.5000 2.9859 2.7100, 4.5000 2.9859 2.7100, 4.4224 3.7599 2.7100, 4.4229 3.7380 2.7100, 4.1883 3.3885 2.7100, 4.1545 3.3804 2.7100, 4.5000 2.9859 2.7100, 4.5000 2.9859 2.7100, 4.4229 3.7380 2.7100, 4.4230 3.7109 2.7100, 4.2187 3.3992 2.7100, 4.1883 3.3885 2.7100, 4.5000 2.9859 2.7100, 4.5000 2.9859 2.7100, 4.4230 3.7109 2.7100, 4.4229 3.6829 2.7100, 4.2489 3.4128 2.7100, 4.2187 3.3992 2.7100, 4.5000 2.9859 2.7100, 4.5000 2.9859 2.7100, 4.4229 3.6829 2.7100, 4.4224 3.6605 2.7100, 4.2714 3.4253 2.7100, 4.2489 3.4128 2.7100, 4.5000 2.9859 2.7100, 4.5000 2.9859 2.7100, 4.4224 3.6605 2.7100, 4.4212 3.6423 2.7100, 4.2932 3.4403 2.7100, 4.2714 3.4253 2.7100, 4.5000 2.9859 2.7100, 4.5000 2.9859 2.7100, 4.4212 3.6423 2.7100, 4.4192 3.6270 2.7100, 4.3141 3.4574 2.7100, 4.2932 3.4403 2.7100, 4.5000 2.9859 2.7100, 4.5000 2.9859 2.7100, 4.4192 3.6270 2.7100, 4.4160 3.6133 2.7100, 4.3339 3.4765 2.7100, 4.3141 3.4574 2.7100, 4.5000 2.9859 2.7100, 4.5000 2.9859 2.7100, 4.4160 3.6133 2.7100, 4.4114 3.5997 2.7100, 4.3524 3.4973 2.7100, 4.3339 3.4765 2.7100, 4.5000 2.9859 2.7100, 4.5000 2.9859 2.7100, 4.4114 3.5997 2.7100, 4.4052 3.5849 2.7100, 4.3692 3.5195 2.7100, 4.3524 3.4973 2.7100, 4.5000 2.9859 2.7100, 4.5000 2.9859 2.7100, 4.4052 3.5849 2.7100, 4.3971 3.5675 2.7100, 4.3842 3.5430 2.7100, 4.3692 3.5195 2.7100, 4.5000 2.9859 2.7100, 4.5000 2.9859 2.7100, 4.3971 3.5675 2.7100, 4.3842 3.5430 2.7100, -1.9148 1.4988 2.7100, -2.0258 1.4932 2.7100, -2.1383 1.4681 2.7100, -2.1383 1.4681 2.7100, -2.1593 1.4606 2.7100, -2.1820 1.4510 2.7100, -2.1820 1.4510 2.7100, -2.2058 1.4397 2.7100, -2.2298 1.4271 2.7100, -2.2298 1.4271 2.7100, -2.2534 1.4135 2.7100, -2.2759 1.3993 2.7100, -2.2759 1.3993 2.7100, -2.2967 1.3847 2.7100, -2.3149 1.3702 2.7100, -2.3149 1.3702 2.7100, -2.4041 1.2726 2.7100, -2.4703 1.1507 2.7100, -2.4703 1.1507 2.7100, -2.5133 1.0123 2.7100, -2.5324 0.8652 2.7100, -2.5324 0.8652 2.7100, -2.5275 0.7169 2.7100, -2.4980 0.5752 2.7100, -2.4980 0.5752 2.7100, -2.4436 0.4479 2.7100, -2.3638 0.3426 2.7100, -2.3638 0.3426 2.7100, -2.3244 0.3065 2.7100, -2.2834 0.2763 2.7100, -2.2834 0.2763 2.7100, -2.2400 0.2516 2.7100, -2.1931 0.2322 2.7100, -2.1931 0.2322 2.7100, -2.1415 0.2176 2.7100, -2.0844 0.2076 2.7100, -2.0844 0.2076 2.7100, -2.0205 0.2018 2.7100, -1.9489 0.2000 2.7100, -1.9489 0.2000 2.7100, -1.8599 0.2042 2.7100, -1.7764 0.2184 2.7100, -1.7764 0.2184 2.7100, -1.6991 0.2423 2.7100, -1.6285 0.2755 2.7100, -1.6285 0.2755 2.7100, -1.5649 0.3180 2.7100, -1.5088 0.3693 2.7100, -1.5088 0.3693 2.7100, -1.4608 0.4294 2.7100, -1.4213 0.4979 2.7100, -1.4213 0.4979 2.7100, -1.4034 0.5348 2.7100, -1.3895 0.5679 2.7100, -1.3895 0.5679 2.7100, -1.3791 0.5997 2.7100, -1.3715 0.6332 2.7100, -1.3715 0.6332 2.7100, -1.3665 0.6713 2.7100, -1.3635 0.7166 2.7100, -1.3635 0.7166 2.7100, -1.3621 0.7720 2.7100, -1.3617 0.8404 2.7100, -1.3617 0.8404 2.7100, -1.3622 0.9047 2.7100, -1.3637 0.9585 2.7100, -1.3637 0.9585 2.7100, -1.3666 1.0038 2.7100, -1.3713 1.0428 2.7100, -1.3713 1.0428 2.7100, -1.3779 1.0775 2.7100, -1.3868 1.1100 2.7100, -1.3868 1.1100 2.7100, -1.3984 1.1423 2.7100, -1.4128 1.1766 2.7100, -1.4128 1.1766 2.7100, -1.4652 1.2681 2.7100, -1.5333 1.3457 2.7100, -1.5333 1.3457 2.7100, -1.6147 1.4085 2.7100, -1.7069 1.4556 2.7100, -1.7069 1.4556 2.7100, -1.8078 1.4860 2.7100, -1.9148 1.4988 2.7100, -1.9148 1.4988 2.7100, -2.1383 1.4681 2.7100, -2.1820 1.4510 2.7100, -2.1820 1.4510 2.7100, -2.2298 1.4271 2.7100, -2.2759 1.3993 2.7100, -2.2759 1.3993 2.7100, -2.3149 1.3702 2.7100, -2.4703 1.1507 2.7100, -2.4703 1.1507 2.7100, -2.5324 0.8652 2.7100, -2.4980 0.5752 2.7100, -2.4980 0.5752 2.7100, -2.3638 0.3426 2.7100, -2.2834 0.2763 2.7100, -2.2834 0.2763 2.7100, -2.1931 0.2322 2.7100, -2.0844 0.2076 2.7100, -2.0844 0.2076 2.7100, -1.9489 0.2000 2.7100, -1.7764 0.2184 2.7100, -1.7764 0.2184 2.7100, -1.6285 0.2755 2.7100, -1.5088 0.3693 2.7100, -1.5088 0.3693 2.7100, -1.4213 0.4979 2.7100, -1.3895 0.5679 2.7100, -1.3895 0.5679 2.7100, -1.3715 0.6332 2.7100, -1.3635 0.7166 2.7100, -1.3635 0.7166 2.7100, -1.3617 0.8404 2.7100, -1.3637 0.9585 2.7100, -1.3637 0.9585 2.7100, -1.3713 1.0428 2.7100, -1.3868 1.1100 2.7100, -1.3868 1.1100 2.7100, -1.4128 1.1766 2.7100, -1.5333 1.3457 2.7100, -1.5333 1.3457 2.7100, -1.7069 1.4556 2.7100, -1.9148 1.4988 2.7100, -1.9148 1.4988 2.7100, -2.1820 1.4510 2.7100, -2.2759 1.3993 2.7100, -2.2759 1.3993 2.7100, -2.4703 1.1507 2.7100, -2.4980 0.5752 2.7100, -2.4980 0.5752 2.7100, -2.2834 0.2763 2.7100, -2.0844 0.2076 2.7100, -2.0844 0.2076 2.7100, -1.7764 0.2184 2.7100, -1.5088 0.3693 2.7100, -1.5088 0.3693 2.7100, -1.3895 0.5679 2.7100, -1.3635 0.7166 2.7100, -1.3635 0.7166 2.7100, -1.3637 0.9585 2.7100, -1.3868 1.1100 2.7100, -1.3868 1.1100 2.7100, -1.5333 1.3457 2.7100, -1.9148 1.4988 2.7100, -1.9148 1.4988 2.7100, -2.2759 1.3993 2.7100, -2.4980 0.5752 2.7100, -2.4980 0.5752 2.7100, -2.0844 0.2076 2.7100, -1.5088 0.3693 2.7100, -1.5088 0.3693 2.7100, -1.3635 0.7166 2.7100, -1.3868 1.1100 2.7100, -1.3868 1.1100 2.7100, -1.9148 1.4988 2.7100, -2.4980 0.5752 2.7100, -2.4980 0.5752 2.7100, -1.5088 0.3693 2.7100, -1.3868 1.1100 2.7100, 0.2922 1.4757 2.7100, 0.2627 1.4639 2.7100, 0.2298 1.4489 2.7100, 0.2298 1.4489 2.7100, 0.1339 1.3883 2.7100, 0.0519 1.3048 2.7100, 0.0519 1.3048 2.7100, -0.0166 1.1973 2.7100, -0.0718 1.0649 2.7100, -0.0718 1.0649 2.7100, -0.1140 0.9065 2.7100, -0.1436 0.7213 2.7100, -0.1436 0.7213 2.7100, -0.1608 0.5081 2.7100, -0.1660 0.2660 2.7100, -0.1660 0.2660 2.7100, -0.1617 0.0741 2.7100, -0.1487 -0.0984 2.7100, -0.1487 -0.0984 2.7100, -0.1269 -0.2520 2.7100, -0.0963 -0.3875 2.7100, -0.0963 -0.3875 2.7100, -0.0567 -0.5055 2.7100, -0.0080 -0.6068 2.7100, -0.0080 -0.6068 2.7100, 0.0499 -0.6920 2.7100, 0.1170 -0.7617 2.7100, 0.1170 -0.7617 2.7100, 0.2216 -0.8308 2.7100, 0.3345 -0.8698 2.7100, 0.3345 -0.8698 2.7100, 0.4514 -0.8800 2.7100, 0.5678 -0.8625 2.7100, 0.5678 -0.8625 2.7100, 0.6793 -0.8186 2.7100, 0.7815 -0.7494 2.7100, 0.7815 -0.7494 2.7100, 0.8701 -0.6563 2.7100, 0.9404 -0.5404 2.7100, 0.9404 -0.5404 2.7100, 0.9909 -0.3979 2.7100, 1.0290 -0.2193 2.7100, 1.0290 -0.2193 2.7100, 1.0544 -0.0148 2.7100, 1.0668 0.2059 2.7100, 1.0668 0.2059 2.7100, 1.0659 0.4327 2.7100, 1.0514 0.6558 2.7100, 1.0514 0.6558 2.7100, 1.0232 0.8652 2.7100, 0.9809 1.0511 2.7100, 0.9809 1.0511 2.7100, 0.9453 1.1587 2.7100, 0.9047 1.2492 2.7100, 0.9047 1.2492 2.7100, 0.8580 1.3237 2.7100, 0.8040 1.3832 2.7100, 0.8040 1.3832 2.7100, 0.7415 1.4290 2.7100, 0.6694 1.4619 2.7100, 0.6694 1.4619 2.7100, 0.5864 1.4831 2.7100, 0.4915 1.4936 2.7100, 0.4915 1.4936 2.7100, 0.4474 1.4954 2.7100, 0.4099 1.4956 2.7100, 0.4099 1.4956 2.7100, 0.3773 1.4941 2.7100, 0.3479 1.4904 2.7100, 0.3479 1.4904 2.7100, 0.3201 1.4844 2.7100, 0.2922 1.4757 2.7100, 0.2922 1.4757 2.7100, 0.2298 1.4489 2.7100, 0.0519 1.3048 2.7100, 0.0519 1.3048 2.7100, -0.0718 1.0649 2.7100, -0.1436 0.7213 2.7100, -0.1436 0.7213 2.7100, -0.1660 0.2660 2.7100, -0.1487 -0.0984 2.7100, -0.1487 -0.0984 2.7100, -0.0963 -0.3875 2.7100, -0.0080 -0.6068 2.7100, -0.0080 -0.6068 2.7100, 0.1170 -0.7617 2.7100, 0.3345 -0.8698 2.7100, 0.3345 -0.8698 2.7100, 0.5678 -0.8625 2.7100, 0.7815 -0.7494 2.7100, 0.7815 -0.7494 2.7100, 0.9404 -0.5404 2.7100, 1.0290 -0.2193 2.7100, 1.0290 -0.2193 2.7100, 1.0668 0.2059 2.7100, 1.0514 0.6558 2.7100, 1.0514 0.6558 2.7100, 0.9809 1.0511 2.7100, 0.9047 1.2492 2.7100, 0.9047 1.2492 2.7100, 0.8040 1.3832 2.7100, 0.6694 1.4619 2.7100, 0.6694 1.4619 2.7100, 0.4915 1.4936 2.7100, 0.4099 1.4956 2.7100, 0.4099 1.4956 2.7100, 0.3479 1.4904 2.7100, 0.2922 1.4757 2.7100, 0.2922 1.4757 2.7100, 0.0519 1.3048 2.7100, -0.1436 0.7213 2.7100, -0.1436 0.7213 2.7100, -0.1487 -0.0984 2.7100, -0.0080 -0.6068 2.7100, -0.0080 -0.6068 2.7100, 0.3345 -0.8698 2.7100, 0.7815 -0.7494 2.7100, 0.7815 -0.7494 2.7100, 1.0290 -0.2193 2.7100, 1.0514 0.6558 2.7100, 1.0514 0.6558 2.7100, 0.9047 1.2492 2.7100, 0.6694 1.4619 2.7100, 0.6694 1.4619 2.7100, 0.4099 1.4956 2.7100, 0.2922 1.4757 2.7100, 0.2922 1.4757 2.7100, -0.1436 0.7213 2.7100, -0.0080 -0.6068 2.7100, -0.0080 -0.6068 2.7100, 0.7815 -0.7494 2.7100, 1.0514 0.6558 2.7100, 1.0514 0.6558 2.7100, 0.6694 1.4619 2.7100, 0.2922 1.4757 2.7100, 0.2922 1.4757 2.7100, -0.0080 -0.6068 2.7100, 1.0514 0.6558 2.7100, 1.4132 -0.2637 2.7100, 1.8617 -0.2404 2.7100, 1.8617 -0.1383 2.7100, 2.2404 -0.1383 2.7100, 2.2553 -0.2553 2.7100, 2.2591 -0.2813 2.7100, 2.2591 -0.2813 2.7100, 2.2652 -0.3106 2.7100, 2.2735 -0.3423 2.7100, 2.2735 -0.3423 2.7100, 2.2835 -0.3753 2.7100, 2.2949 -0.4086 2.7100, 2.2949 -0.4086 2.7100, 2.3074 -0.4411 2.7100, 2.3205 -0.4719 2.7100, 2.3205 -0.4719 2.7100, 2.3340 -0.5000 2.7100, 2.3859 -0.5865 2.7100, 2.3859 -0.5865 2.7100, 2.4490 -0.6610 2.7100, 2.5238 -0.7236 2.7100, 2.5238 -0.7236 2.7100, 2.6106 -0.7745 2.7100, 2.7098 -0.8138 2.7100, 2.7098 -0.8138 2.7100, 2.8217 -0.8417 2.7100, 2.9467 -0.8583 2.7100, 2.9467 -0.8583 2.7100, 3.0851 -0.8638 2.7100, 3.2751 -0.8541 2.7100, 3.2751 -0.8541 2.7100, 3.4407 -0.8252 2.7100, 3.5811 -0.7778 2.7100, 3.5811 -0.7778 2.7100, 3.6955 -0.7125 2.7100, 3.7831 -0.6300 2.7100, 3.7831 -0.6300 2.7100, 3.8430 -0.5308 2.7100, 3.8744 -0.4157 2.7100, 3.8744 -0.4157 2.7100, 3.8766 -0.2851 2.7100, 3.8610 -0.1885 2.7100, 3.8610 -0.1885 2.7100, 3.8300 -0.1072 2.7100, 3.7782 -0.0379 2.7100, 3.7782 -0.0379 2.7100, 3.7003 0.0226 2.7100, 3.5909 0.0777 2.7100, 3.5909 0.0777 2.7100, 3.4448 0.1305 2.7100, 3.2567 0.1844 2.7100, 3.2567 0.1844 2.7100, 3.0213 0.2426 2.7100, 2.9300 0.2642 2.7100, 4.0752 1.0317 2.7100, 4.0000 1.0319 2.7100, 3.9339 1.0320 2.7100, 3.7984 1.0675 2.7100, 3.7979 1.0851 2.7100, 3.7969 1.0977 2.7100, 3.7969 1.0977 2.7100, 3.7942 1.1144 2.7100, 3.7899 1.1344 2.7100, 3.7899 1.1344 2.7100, 3.7843 1.1569 2.7100, 3.7776 1.1812 2.7100, 3.7776 1.1812 2.7100, 3.7700 1.2066 2.7100, 3.7618 1.2322 2.7100, 3.7618 1.2322 2.7100, 3.7532 1.2574 2.7100, 3.7148 1.3402 2.7100, 3.7148 1.3402 2.7100, 3.6650 1.4131 2.7100, 3.6038 1.4760 2.7100, 3.6038 1.4760 2.7100, 3.5311 1.5290 2.7100, 3.4470 1.5721 2.7100, 3.4470 1.5721 2.7100, 3.3514 1.6054 2.7100, 3.2442 1.6289 2.7100, 3.2442 1.6289 2.7100, 3.1255 1.6426 2.7100, 3.0023 1.6461 2.7100, 3.0023 1.6461 2.7100, 2.8884 1.6391 2.7100, 2.7842 1.6219 2.7100, 2.7842 1.6219 2.7100, 2.6902 1.5944 2.7100, 2.6068 1.5569 2.7100, 2.6068 1.5569 2.7100, 2.5346 1.5094 2.7100, 2.4740 1.4521 2.7100, 2.4740 1.4521 2.7100, 2.4255 1.3851 2.7100, 2.3922 1.3190 2.7100, 2.3922 1.3190 2.7100, 2.3688 1.2524 2.7100, 2.3554 1.1861 2.7100, 2.3554 1.1861 2.7100, 2.3519 1.1213 2.7100, 2.3582 1.0588 2.7100, 2.3582 1.0588 2.7100, 2.3744 0.9997 2.7100, 2.4004 0.9450 2.7100, 2.4004 0.9450 2.7100, 2.4362 0.8957 2.7100, 2.4758 0.8560 2.7100, 2.4758 0.8560 2.7100, 2.5236 0.8210 2.7100, 2.5882 0.7879 2.7100, 2.5882 0.7879 2.7100, 2.6779 0.7540 2.7100, 2.8013 0.7164 2.7100, 2.8013 0.7164 2.7100, 2.9667 0.6722 2.7100, 3.1826 0.6188 2.7100, 1.8640 -0.2932 2.7100, 1.8617 -0.2404 2.7100, 1.4132 -0.2637 2.7100, -0.5744 0.0872 2.7100, -0.5803 0.3152 2.7100, -0.9218 0.3008 2.7100, -2.5128 -0.4255 2.7100, -2.4957 -0.5149 2.7100, -2.4873 -0.5578 2.7100, -2.4873 -0.5578 2.7100, -2.4763 -0.5976 2.7100, -2.4624 -0.6346 2.7100, -2.4624 -0.6346 2.7100, -2.4455 -0.6691 2.7100, -2.4252 -0.7017 2.7100, -2.4252 -0.7017 2.7100, -2.4015 -0.7327 2.7100, -2.3740 -0.7625 2.7100, -2.3740 -0.7625 2.7100, -2.3426 -0.7915 2.7100, -2.3041 -0.8229 2.7100, -2.3041 -0.8229 2.7100, -2.2648 -0.8485 2.7100, -2.2238 -0.8688 2.7100, -2.2238 -0.8688 2.7100, -2.1803 -0.8840 2.7100, -2.1334 -0.8945 2.7100, -2.1334 -0.8945 2.7100, -2.0822 -0.9004 2.7100, -2.0260 -0.9021 2.7100, -2.0260 -0.9021 2.7100, -1.9638 -0.9000 2.7100, -1.8331 -0.8769 2.7100, -1.8331 -0.8769 2.7100, -1.7180 -0.8274 2.7100, -1.6175 -0.7498 2.7100, -1.6175 -0.7498 2.7100, -1.5306 -0.6428 2.7100, -1.4564 -0.5048 2.7100, -1.4564 -0.5048 2.7100, -1.3938 -0.3342 2.7100, -1.3421 -0.1296 2.7100, -1.3421 -0.1296 2.7100, -1.3000 0.1106 2.7100, -1.2872 0.2000 2.7100, -3.8085 -0.1383 2.7100, -4.3298 -0.1383 2.7100, -4.5000 -2.1383 2.7100, -4.5000 0.0000 2.7100, -4.5000 -2.1383 2.7100, -4.3298 -0.1383 2.7100, -4.3298 0.2447 2.7100, -2.9255 0.8191 2.7100, -2.9164 0.9552 2.7100, -0.9197 0.4420 2.7100, -0.9218 0.3008 2.7100, -0.5803 0.3152 2.7100, 1.4319 -0.1566 2.7100, 1.4132 -0.2637 2.7100, 1.8617 -0.1383 2.7100, 2.2404 -0.1383 2.7100, 2.2591 -0.2813 2.7100, 2.2735 -0.3423 2.7100, 2.2735 -0.3423 2.7100, 2.2949 -0.4086 2.7100, 2.3205 -0.4719 2.7100, 2.3205 -0.4719 2.7100, 2.3859 -0.5865 2.7100, 2.5238 -0.7236 2.7100, 2.5238 -0.7236 2.7100, 2.7098 -0.8138 2.7100, 2.9467 -0.8583 2.7100, 2.9467 -0.8583 2.7100, 3.2751 -0.8541 2.7100, 3.5811 -0.7778 2.7100, 3.5811 -0.7778 2.7100, 3.7831 -0.6300 2.7100, 3.8744 -0.4157 2.7100, 3.8744 -0.4157 2.7100, 3.8610 -0.1885 2.7100, 3.7782 -0.0379 2.7100, 3.7782 -0.0379 2.7100, 3.5909 0.0777 2.7100, 3.2567 0.1844 2.7100, 3.2567 0.1844 2.7100, 2.9300 0.2642 2.7100, 2.8412 0.2857 2.7100, 3.7984 1.0675 2.7100, 3.7969 1.0977 2.7100, 3.7899 1.1344 2.7100, 3.7899 1.1344 2.7100, 3.7776 1.1812 2.7100, 3.7618 1.2322 2.7100, 3.7618 1.2322 2.7100, 3.7148 1.3402 2.7100, 3.6038 1.4760 2.7100, 3.6038 1.4760 2.7100, 3.4470 1.5721 2.7100, 3.2442 1.6289 2.7100, 3.2442 1.6289 2.7100, 3.0023 1.6461 2.7100, 2.7842 1.6219 2.7100, 2.7842 1.6219 2.7100, 2.6068 1.5569 2.7100, 2.4740 1.4521 2.7100, 2.4740 1.4521 2.7100, 2.3922 1.3190 2.7100, 2.3554 1.1861 2.7100, 2.3554 1.1861 2.7100, 2.3582 1.0588 2.7100, 2.4004 0.9450 2.7100, 2.4004 0.9450 2.7100, 2.4758 0.8560 2.7100, 2.5882 0.7879 2.7100, 2.5882 0.7879 2.7100, 2.8013 0.7164 2.7100, 3.1826 0.6188 2.7100, 1.8708 -0.3502 2.7100, 1.8640 -0.2932 2.7100, 1.4132 -0.2637 2.7100, -0.5511 -0.1316 2.7100, -0.5744 0.0872 2.7100, -0.9218 0.3008 2.7100, -2.5128 -0.4255 2.7100, -2.4873 -0.5578 2.7100, -2.4624 -0.6346 2.7100, -2.4624 -0.6346 2.7100, -2.4252 -0.7017 2.7100, -2.3740 -0.7625 2.7100, -2.3740 -0.7625 2.7100, -2.3041 -0.8229 2.7100, -2.2238 -0.8688 2.7100, -2.2238 -0.8688 2.7100, -2.1334 -0.8945 2.7100, -2.0260 -0.9021 2.7100, -2.0260 -0.9021 2.7100, -1.8331 -0.8769 2.7100, -1.6175 -0.7498 2.7100, -1.6175 -0.7498 2.7100, -1.4564 -0.5048 2.7100, -1.3421 -0.1296 2.7100, -1.3421 -0.1296 2.7100, -1.2872 0.2000 2.7100, -1.4000 0.0872 2.7100, -3.2872 -0.1383 2.7100, -3.8085 -0.1383 2.7100, -4.5000 -2.1383 2.7100, -4.5000 2.1383 2.7100, -4.5000 0.0000 2.7100, -4.3298 -0.1383 2.7100, -4.3298 0.2447 2.7100, -2.9164 0.9552 2.7100, -2.8900 1.0903 2.7100, -0.9218 0.5818 2.7100, -0.9197 0.4420 2.7100, -0.5803 0.3152 2.7100, 1.4473 -0.0431 2.7100, 1.4319 -0.1566 2.7100, 1.8617 -0.1383 2.7100, 2.2404 -0.1383 2.7100, 2.2735 -0.3423 2.7100, 2.3205 -0.4719 2.7100, 2.3205 -0.4719 2.7100, 2.5238 -0.7236 2.7100, 2.9467 -0.8583 2.7100, 2.9467 -0.8583 2.7100, 3.5811 -0.7778 2.7100, 3.8744 -0.4157 2.7100, 3.8744 -0.4157 2.7100, 3.7782 -0.0379 2.7100, 3.2567 0.1844 2.7100, 3.7984 1.0675 2.7100, 3.7899 1.1344 2.7100, 3.7618 1.2322 2.7100, 3.7618 1.2322 2.7100, 3.6038 1.4760 2.7100, 3.2442 1.6289 2.7100, 3.2442 1.6289 2.7100, 2.7842 1.6219 2.7100, 2.4740 1.4521 2.7100, 2.4740 1.4521 2.7100, 2.3554 1.1861 2.7100, 2.4004 0.9450 2.7100, 2.4004 0.9450 2.7100, 2.5882 0.7879 2.7100, 3.1826 0.6188 2.7100, 1.8816 -0.4098 2.7100, 1.8708 -0.3502 2.7100, 1.4132 -0.2637 2.7100, -0.5114 -0.3378 2.7100, -0.5511 -0.1316 2.7100, -0.9218 0.3008 2.7100, -2.5128 -0.4255 2.7100, -2.4624 -0.6346 2.7100, -2.3740 -0.7625 2.7100, -2.3740 -0.7625 2.7100, -2.2238 -0.8688 2.7100, -2.0260 -0.9021 2.7100, -2.0260 -0.9021 2.7100, -1.6175 -0.7498 2.7100, -1.3421 -0.1296 2.7100, -1.3421 -0.1296 2.7100, -1.4000 0.0872 2.7100, -1.5255 -0.0117 2.7100, -4.5000 2.1383 2.7100, -4.3298 -0.1383 2.7100, -4.3298 0.0532 2.7100, -4.3298 0.2447 2.7100, -2.8900 1.0903 2.7100, -2.8479 1.2215 2.7100, -0.9281 0.7135 2.7100, -0.9218 0.5818 2.7100, -0.5803 0.3152 2.7100, 1.4593 0.0742 2.7100, 1.4473 -0.0431 2.7100, 1.8617 -0.1383 2.7100, 2.2404 -0.1383 2.7100, 2.3205 -0.4719 2.7100, 2.9467 -0.8583 2.7100, 2.9467 -0.8583 2.7100, 3.8744 -0.4157 2.7100, 3.2567 0.1844 2.7100, 3.7984 1.0675 2.7100, 3.7618 1.2322 2.7100, 3.2442 1.6289 2.7100, 3.2442 1.6289 2.7100, 2.4740 1.4521 2.7100, 2.4004 0.9450 2.7100, 2.4004 0.9450 2.7100, 3.1826 0.6188 2.7100, 3.4574 0.5532 2.7100, 1.8960 -0.4707 2.7100, 1.8816 -0.4098 2.7100, 1.4132 -0.2637 2.7100, -0.4561 -0.5278 2.7100, -0.5114 -0.3378 2.7100, -0.9218 0.3008 2.7100, -2.5128 -0.4255 2.7100, -2.3740 -0.7625 2.7100, -2.0260 -0.9021 2.7100, -2.0260 -0.9021 2.7100, -1.3421 -0.1296 2.7100, -1.5255 -0.0117 2.7100, -4.5000 2.1383 2.7100, -4.3298 0.0532 2.7100, -4.3298 0.2447 2.7100, -4.3298 0.2447 2.7100, -2.8479 1.2215 2.7100, -2.7915 1.3460 2.7100, -0.9385 0.8303 2.7100, -0.9281 0.7135 2.7100, -0.5803 0.3152 2.7100, 1.4676 0.1926 2.7100, 1.4593 0.0742 2.7100, 1.8617 -0.1383 2.7100, 2.2404 -0.1383 2.7100, 2.9467 -0.8583 2.7100, 3.2567 0.1844 2.7100, 3.8013 1.0544 2.7100, 3.7984 1.0675 2.7100, 3.2442 1.6289 2.7100, 3.2442 1.6289 2.7100, 2.4004 0.9450 2.7100, 3.4574 0.5532 2.7100, 1.9138 -0.5314 2.7100, 1.8960 -0.4707 2.7100, 1.4132 -0.2637 2.7100, -0.3859 -0.6981 2.7100, -0.4561 -0.5278 2.7100, -0.9218 0.3008 2.7100, -2.0260 -0.9021 2.7100, -1.5255 -0.0117 2.7100, -1.6727 -0.0820 2.7100, -2.9199 0.7186 2.7100, -2.9255 0.8191 2.7100, -4.3298 0.2447 2.7100, -4.5000 2.1383 2.7100, -4.3298 0.2447 2.7100, -2.7915 1.3460 2.7100, -0.9532 0.9255 2.7100, -0.9385 0.8303 2.7100, -0.5803 0.3152 2.7100, 1.4720 0.3094 2.7100, 1.4676 0.1926 2.7100, 1.8617 -0.1383 2.7100, 2.0511 -0.1383 2.7100, 2.2404 -0.1383 2.7100, 3.2567 0.1844 2.7100, 3.8091 1.0449 2.7100, 3.8013 1.0544 2.7100, 3.2442 1.6289 2.7100, 3.2442 1.6289 2.7100, 3.4574 0.5532 2.7100, 3.6325 0.5064 2.7100, 1.9344 -0.5905 2.7100, 1.9138 -0.5314 2.7100, 1.4132 -0.2637 2.7100, -0.3859 -0.6981 2.7100, -0.9218 0.3008 2.7100, -0.9281 0.1650 2.7100, -2.5128 -0.4255 2.7100, -2.0260 -0.9021 2.7100, -1.6727 -0.0820 2.7100, -2.9036 0.6163 2.7100, -2.9199 0.7186 2.7100, -4.3298 0.2447 2.7100, -4.5000 2.1383 2.7100, -2.7915 1.3460 2.7100, -2.7223 1.4611 2.7100, -0.9975 1.1017 2.7100, -0.9532 0.9255 2.7100, -0.5803 0.3152 2.7100, 1.4722 0.4220 2.7100, 1.4720 0.3094 2.7100, 1.8617 -0.1383 2.7100, 1.8617 -0.1383 2.7100, 2.0511 -0.1383 2.7100, 3.2567 0.1844 2.7100, 3.8091 1.0449 2.7100, 3.2442 1.6289 2.7100, 3.6325 0.5064 2.7100, 1.9576 -0.6465 2.7100, 1.9344 -0.5905 2.7100, 1.4132 -0.2637 2.7100, -0.3017 -0.8454 2.7100, -0.3859 -0.6981 2.7100, -0.9281 0.1650 2.7100, -2.7000 -0.4191 2.7100, -2.5128 -0.4255 2.7100, -1.6727 -0.0820 2.7100, -2.8776 0.5146 2.7100, -2.9036 0.6163 2.7100, -4.3298 0.2447 2.7100, -4.5000 2.1383 2.7100, -2.7223 1.4611 2.7100, -2.6419 1.5639 2.7100, -1.0553 1.2597 2.7100, -0.9975 1.1017 2.7100, -0.5803 0.3152 2.7100, 1.4681 0.5277 2.7100, 1.4722 0.4220 2.7100, 1.8617 -0.1383 2.7100, 1.8617 -0.1383 2.7100, 3.2567 0.1844 2.7100, 2.8412 0.2857 2.7100, 3.8239 1.0386 2.7100, 3.8091 1.0449 2.7100, 3.6325 0.5064 2.7100, 1.9830 -0.6979 2.7100, 1.9576 -0.6465 2.7100, 1.4132 -0.2637 2.7100, -0.3017 -0.8454 2.7100, -0.9281 0.1650 2.7100, -0.9385 0.0412 2.7100, -2.8894 -0.4128 2.7100, -2.7000 -0.4191 2.7100, -1.6727 -0.0820 2.7100, -2.8428 0.4157 2.7100, -2.8776 0.5146 2.7100, -4.3298 0.2447 2.7100, -4.5000 2.1383 2.7100, -2.6419 1.5639 2.7100, -2.5517 1.6515 2.7100, -1.0553 1.2597 2.7100, -0.5803 0.3152 2.7100, -0.5681 0.5489 2.7100, 1.4412 0.7926 2.7100, 1.4681 0.5277 2.7100, 1.8617 -0.1383 2.7100, 1.8617 -0.1383 2.7100, 2.8412 0.2857 2.7100, 2.7571 0.3065 2.7100, 3.8482 1.0347 2.7100, 3.8239 1.0386 2.7100, 3.6325 0.5064 2.7100, 2.0343 -0.7775 2.7100, 1.9830 -0.6979 2.7100, 1.4132 -0.2637 2.7100, -0.3017 -0.8454 2.7100, -0.9385 0.0412 2.7100, -0.9532 -0.0638 2.7100, -2.8894 -0.4128 2.7100, -1.6727 -0.0820 2.7100, -1.8348 -0.1237 2.7100, -2.8001 0.3219 2.7100, -2.8428 0.4157 2.7100, -4.3298 0.2447 2.7100, -4.5000 2.1383 2.7100, -2.5517 1.6515 2.7100, -2.4532 1.7213 2.7100, -1.1263 1.3993 2.7100, -1.0553 1.2597 2.7100, -0.5681 0.5489 2.7100, 1.3954 1.0261 2.7100, 1.4412 0.7926 2.7100, 1.8617 -0.1383 2.7100, 1.8617 -0.1383 2.7100, 2.7571 0.3065 2.7100, 2.6801 0.3261 2.7100, 3.8840 1.0327 2.7100, 3.8482 1.0347 2.7100, 3.6325 0.5064 2.7100, 2.0993 -0.8545 2.7100, 2.0343 -0.7775 2.7100, 1.4132 -0.2637 2.7100, -0.2043 -0.9660 2.7100, -0.3017 -0.8454 2.7100, -0.9532 -0.0638 2.7100, -2.8894 -0.4128 2.7100, -1.8348 -0.1237 2.7100, -2.0051 -0.1370 2.7100, -2.8001 0.3219 2.7100, -4.3298 0.2447 2.7100, -3.8085 0.2447 2.7100, -4.5000 2.1383 2.7100, -2.4532 1.7213 2.7100, -2.3751 1.7598 2.7100, -1.1263 1.3993 2.7100, -0.5681 0.5489 2.7100, -0.5346 0.8047 2.7100, 1.3303 1.2290 2.7100, 1.3954 1.0261 2.7100, 1.8617 -0.1383 2.7100, 1.8617 -0.1383 2.7100, 2.6801 0.3261 2.7100, 2.6123 0.3438 2.7100, 3.9339 1.0320 2.7100, 3.8840 1.0327 2.7100, 3.6325 0.5064 2.7100, 2.1761 -0.9273 2.7100, 2.0993 -0.8545 2.7100, 1.4132 -0.2637 2.7100, -0.2043 -0.9660 2.7100, -0.9532 -0.0638 2.7100, -0.9834 -0.2132 2.7100, -2.8894 -0.4128 2.7100, -2.0051 -0.1370 2.7100, -2.1768 -0.1218 2.7100, -2.8001 0.3219 2.7100, -3.8085 0.2447 2.7100, -3.2872 0.2447 2.7100, -4.5000 2.1383 2.7100, -2.3751 1.7598 2.7100, -2.2874 1.7908 2.7100, -1.2101 1.5199 2.7100, -1.1263 1.3993 2.7100, -0.5346 0.8047 2.7100, 1.8617 -0.1383 2.7100, 2.6123 0.3438 2.7100, 2.5560 0.3592 2.7100, 4.0752 1.0317 2.7100, 3.9339 1.0320 2.7100, 3.6325 0.5064 2.7100, 2.1761 -0.9273 2.7100, 1.4132 -0.2637 2.7100, 1.3915 -0.3617 2.7100, -0.2043 -0.9660 2.7100, -0.9834 -0.2132 2.7100, -1.0185 -0.3495 2.7100, -2.8894 -0.4128 2.7100, -2.1768 -0.1218 2.7100, -2.3434 -0.0782 2.7100, -2.7505 0.2354 2.7100, -2.8001 0.3219 2.7100, -3.2872 0.2447 2.7100, -4.5000 2.1383 2.7100, -2.2874 1.7908 2.7100, -2.1921 1.8140 2.7100, -1.2101 1.5199 2.7100, -0.5346 0.8047 2.7100, -0.4837 1.0326 2.7100, 1.8617 -0.1383 2.7100, 2.5560 0.3592 2.7100, 2.5136 0.3718 2.7100, 4.1303 1.0329 2.7100, 4.0752 1.0317 2.7100, 3.6325 0.5064 2.7100, 2.2628 -0.9947 2.7100, 2.1761 -0.9273 2.7100, 1.3915 -0.3617 2.7100, -0.1204 -1.0405 2.7100, -0.2043 -0.9660 2.7100, -1.0185 -0.3495 2.7100, -2.8894 -0.4128 2.7100, -2.3434 -0.0782 2.7100, -2.4980 -0.0064 2.7100, -2.6948 0.1586 2.7100, -2.7505 0.2354 2.7100, -3.2872 0.2447 2.7100, -4.5000 2.1383 2.7100, -2.1921 1.8140 2.7100, -2.0910 1.8293 2.7100, -1.3065 1.6214 2.7100, -1.2101 1.5199 2.7100, -0.4837 1.0326 2.7100, 1.8617 -0.1383 2.7100, 2.5136 0.3718 2.7100, 2.4872 0.3809 2.7100, 4.1677 1.0384 2.7100, 4.1303 1.0329 2.7100, 3.6325 0.5064 2.7100, 2.2628 -0.9947 2.7100, 1.3915 -0.3617 2.7100, 1.3409 -0.5278 2.7100, -0.1204 -1.0405 2.7100, -1.0185 -0.3495 2.7100, -1.0591 -0.4738 2.7100, -2.8894 -0.4128 2.7100, -2.4980 -0.0064 2.7100, -2.6340 0.0936 2.7100, -2.6340 0.0936 2.7100, -2.6948 0.1586 2.7100, -3.2872 0.2447 2.7100, 0.0000 2.1383 2.7100, -4.5000 2.1383 2.7100, -2.0910 1.8293 2.7100, -1.4152 1.7032 2.7100, -1.3065 1.6214 2.7100, -0.4837 1.0326 2.7100, 1.8617 -0.1383 2.7100, 2.4872 0.3809 2.7100, 2.4015 0.4137 2.7100, 4.1902 1.0511 2.7100, 4.1677 1.0384 2.7100, 3.6325 0.5064 2.7100, 2.3574 -1.0553 2.7100, 2.2628 -0.9947 2.7100, 1.3409 -0.5278 2.7100, -0.0275 -1.1028 2.7100, -0.1204 -1.0405 2.7100, -1.0591 -0.4738 2.7100, -2.8894 -0.4128 2.7100, -2.6340 0.0936 2.7100, -3.2872 0.2447 2.7100, 0.0000 2.1383 2.7100, -2.0910 1.8293 2.7100, -1.9861 1.8363 2.7100, -1.4152 1.7032 2.7100, -0.4837 1.0326 2.7100, -0.4155 1.2325 2.7100, 1.8617 -0.1383 2.7100, 2.4015 0.4137 2.7100, 2.3257 0.4487 2.7100, 4.1902 1.0511 2.7100, 3.6325 0.5064 2.7100, 3.7823 0.4544 2.7100, 2.4581 -1.1078 2.7100, 2.3574 -1.0553 2.7100, 1.3409 -0.5278 2.7100, -0.0275 -1.1028 2.7100, -1.0591 -0.4738 2.7100, -1.1056 -0.5875 2.7100, -2.8766 -0.5298 2.7100, -2.8894 -0.4128 2.7100, -3.2872 0.2447 2.7100, 4.5000 2.1383 2.7100, 0.0000 2.1383 2.7100, -1.9861 1.8363 2.7100, -1.5358 1.7650 2.7100, -1.4152 1.7032 2.7100, -0.4155 1.2325 2.7100, 1.8617 -0.1383 2.7100, 2.3257 0.4487 2.7100, 2.2590 0.4867 2.7100, 4.1902 1.0511 2.7100, 3.7823 0.4544 2.7100, 3.9087 0.3957 2.7100, 2.4581 -1.1078 2.7100, 1.3409 -0.5278 2.7100, 1.2773 -0.6776 2.7100, 0.0732 -1.1524 2.7100, -0.0275 -1.1028 2.7100, -1.1056 -0.5875 2.7100, -2.8599 -0.6253 2.7100, -2.8766 -0.5298 2.7100, -3.2872 0.2447 2.7100, 4.5000 2.1383 2.7100, -1.9861 1.8363 2.7100, -1.8793 1.8350 2.7100, -1.5358 1.7650 2.7100, -0.4155 1.2325 2.7100, -0.3301 1.4043 2.7100, 1.8617 -0.1383 2.7100, 2.2590 0.4867 2.7100, 2.2005 0.5282 2.7100, 4.2001 1.0737 2.7100, 4.1902 1.0511 2.7100, 3.9087 0.3957 2.7100, 2.5630 -1.1508 2.7100, 2.4581 -1.1078 2.7100, 1.2773 -0.6776 2.7100, 0.0732 -1.1524 2.7100, -1.1056 -0.5875 2.7100, -1.1586 -0.6917 2.7100, -2.8298 -0.7191 2.7100, -2.8599 -0.6253 2.7100, -3.2872 0.2447 2.7100, 4.5000 2.1383 2.7100, -1.8793 1.8350 2.7100, -1.7727 1.8251 2.7100, -1.6681 1.8064 2.7100, -1.5358 1.7650 2.7100, -0.3301 1.4043 2.7100, 1.3303 1.2290 2.7100, 1.8617 -0.1383 2.7100, 2.2005 0.5282 2.7100, 4.2001 1.0737 2.7100, 3.9087 0.3957 2.7100, 4.0136 0.3290 2.7100, 2.5630 -1.1508 2.7100, 1.2773 -0.6776 2.7100, 1.2013 -0.8106 2.7100, 0.0732 -1.1524 2.7100, -1.1586 -0.6917 2.7100, -1.2186 -0.7876 2.7100, -2.7877 -0.8093 2.7100, -2.8298 -0.7191 2.7100, -3.2872 0.2447 2.7100, 4.5000 2.1383 2.7100, -1.7727 1.8251 2.7100, -1.6681 1.8064 2.7100, -1.6681 1.8064 2.7100, -0.3301 1.4043 2.7100, -0.2276 1.5476 2.7100, 1.3303 1.2290 2.7100, 2.2005 0.5282 2.7100, 2.1494 0.5739 2.7100, 4.2001 1.0737 2.7100, 4.0136 0.3290 2.7100, 4.0988 0.2528 2.7100, 2.6702 -1.1830 2.7100, 2.5630 -1.1508 2.7100, 1.2013 -0.8106 2.7100, 0.1806 -1.1891 2.7100, 0.0732 -1.1524 2.7100, -1.2186 -0.7876 2.7100, -2.7877 -0.8093 2.7100, -3.2872 0.2447 2.7100, -3.2872 0.0532 2.7100, -1.6681 1.8064 2.7100, -0.2276 1.5476 2.7100, -0.1082 1.6626 2.7100, 1.2455 1.4019 2.7100, 1.3303 1.2290 2.7100, 2.1494 0.5739 2.7100, 4.2001 1.0737 2.7100, 4.0988 0.2528 2.7100, 4.1663 0.1657 2.7100, 2.6702 -1.1830 2.7100, 1.2013 -0.8106 2.7100, 1.1133 -0.9261 2.7100, 0.1806 -1.1891 2.7100, -1.2186 -0.7876 2.7100, -1.2861 -0.8765 2.7100, -2.7877 -0.8093 2.7100, -3.2872 0.0532 2.7100, -3.2872 -0.1383 2.7100, -1.6681 1.8064 2.7100, -0.1082 1.6626 2.7100, 0.0280 1.7489 2.7100, 1.1406 1.5455 2.7100, 1.2455 1.4019 2.7100, 2.1494 0.5739 2.7100, 4.2001 1.0737 2.7100, 4.1663 0.1657 2.7100, 4.2178 0.0663 2.7100, 2.7482 -1.1968 2.7100, 2.6702 -1.1830 2.7100, 1.1133 -0.9261 2.7100, 0.1806 -1.1891 2.7100, -1.2861 -0.8765 2.7100, -1.3617 -0.9596 2.7100, -2.7351 -0.8939 2.7100, -2.7877 -0.8093 2.7100, -3.2872 -0.1383 2.7100, -1.6681 1.8064 2.7100, 0.0280 1.7489 2.7100, 0.1809 1.8064 2.7100, 1.1406 1.5455 2.7100, 2.1494 0.5739 2.7100, 2.1049 0.6244 2.7100, 4.2002 1.1091 2.7100, 4.2001 1.0737 2.7100, 4.2178 0.0663 2.7100, 2.7482 -1.1968 2.7100, 1.1133 -0.9261 2.7100, 1.0140 -1.0234 2.7100, 0.2934 -1.2125 2.7100, 0.1806 -1.1891 2.7100, -1.3617 -0.9596 2.7100, -2.7351 -0.8939 2.7100, -3.2872 -0.1383 2.7100, -4.5000 -2.1383 2.7100, -1.6681 1.8064 2.7100, 0.1809 1.8064 2.7100, 0.2409 1.8197 2.7100, 1.1406 1.5455 2.7100, 2.1049 0.6244 2.7100, 2.0660 0.6804 2.7100, 4.2002 1.1091 2.7100, 4.2178 0.0663 2.7100, 4.2553 -0.0468 2.7100, 2.7482 -1.1968 2.7100, 1.0140 -1.0234 2.7100, 0.9038 -1.1019 2.7100, 0.2934 -1.2125 2.7100, -1.3617 -0.9596 2.7100, -1.4025 -1.0002 2.7100, -2.6733 -0.9710 2.7100, -2.7351 -0.8939 2.7100, -4.5000 -2.1383 2.7100, -1.6681 1.8064 2.7100, 0.2409 1.8197 2.7100, 0.3051 1.8295 2.7100, 1.1406 1.5455 2.7100, 2.0660 0.6804 2.7100, 2.0319 0.7426 2.7100, 4.2002 1.1091 2.7100, 4.2553 -0.0468 2.7100, 4.2788 -0.1656 2.7100, 2.8480 -1.2062 2.7100, 2.7482 -1.1968 2.7100, 0.9038 -1.1019 2.7100, 0.2934 -1.2125 2.7100, -1.4025 -1.0002 2.7100, -1.4393 -1.0348 2.7100, -2.6037 -1.0387 2.7100, -2.6733 -0.9710 2.7100, -4.5000 -2.1383 2.7100, -1.6681 1.8064 2.7100, 0.3051 1.8295 2.7100, 0.3722 1.8355 2.7100, 1.0154 1.6607 2.7100, 1.1406 1.5455 2.7100, 2.0319 0.7426 2.7100, 4.2002 1.1091 2.7100, 4.2788 -0.1656 2.7100, 4.2874 -0.2845 2.7100, 2.8480 -1.2062 2.7100, 0.9038 -1.1019 2.7100, 0.7834 -1.1610 2.7100, 0.2934 -1.2125 2.7100, -1.4393 -1.0348 2.7100, -1.4733 -1.0641 2.7100, -2.5278 -1.0951 2.7100, -2.6037 -1.0387 2.7100, -4.5000 -2.1383 2.7100, 4.5000 2.1383 2.7100, -1.6681 1.8064 2.7100, 0.3722 1.8355 2.7100, 1.0154 1.6607 2.7100, 2.0319 0.7426 2.7100, 2.0120 0.7844 2.7100, 2.9625 -1.2113 2.7100, 2.8480 -1.2062 2.7100, 0.7834 -1.1610 2.7100, 0.2934 -1.2125 2.7100, -1.4733 -1.0641 2.7100, -1.5056 -1.0888 2.7100, -2.4468 -1.1383 2.7100, -2.5278 -1.0951 2.7100, -4.5000 -2.1383 2.7100, 4.5000 2.1383 2.7100, 0.3722 1.8355 2.7100, 0.4407 1.8378 2.7100, 1.0154 1.6607 2.7100, 2.0120 0.7844 2.7100, 1.9965 0.8206 2.7100, 2.9625 -1.2113 2.7100, 0.7834 -1.1610 2.7100, 0.6532 -1.2000 2.7100, 0.4106 -1.2224 2.7100, 0.2934 -1.2125 2.7100, -1.5056 -1.0888 2.7100, -2.3552 -1.1715 2.7100, -2.4468 -1.1383 2.7100, -4.5000 -2.1383 2.7100, 4.5000 2.1383 2.7100, 0.4407 1.8378 2.7100, 0.5093 1.8363 2.7100, 1.0154 1.6607 2.7100, 1.9965 0.8206 2.7100, 1.9849 0.8540 2.7100, 3.0843 -1.2122 2.7100, 2.9625 -1.2113 2.7100, 0.6532 -1.2000 2.7100, 0.4106 -1.2224 2.7100, -1.5056 -1.0888 2.7100, -1.5371 -1.1098 2.7100, -2.2559 -1.1960 2.7100, -2.3552 -1.1715 2.7100, -4.5000 -2.1383 2.7100, 4.5000 2.1383 2.7100, 0.5093 1.8363 2.7100, 0.5767 1.8309 2.7100, 1.0154 1.6607 2.7100, 1.9849 0.8540 2.7100, 1.9766 0.8870 2.7100, 3.0843 -1.2122 2.7100, 0.6532 -1.2000 2.7100, 0.5309 -1.2183 2.7100, 0.4106 -1.2224 2.7100, -1.5371 -1.1098 2.7100, -1.5690 -1.1277 2.7100, -2.1513 -1.2119 2.7100, -2.2559 -1.1960 2.7100, -4.5000 -2.1383 2.7100, 4.5000 2.1383 2.7100, 0.5767 1.8309 2.7100, 0.6414 1.8217 2.7100, 1.0154 1.6607 2.7100, 1.9766 0.8870 2.7100, 1.9711 0.9223 2.7100, 3.0843 -1.2122 2.7100, 0.5309 -1.2183 2.7100, 0.4106 -1.2224 2.7100, 0.4106 -1.2224 2.7100, -1.5690 -1.1277 2.7100, -1.6024 -1.1434 2.7100, -2.0441 -1.2189 2.7100, -2.1513 -1.2119 2.7100, -4.5000 -2.1383 2.7100, 1.0154 1.6607 2.7100, 1.9711 0.9223 2.7100, 1.9679 0.9625 2.7100, 0.4106 -1.2224 2.7100, -1.6024 -1.1434 2.7100, -1.6383 -1.1574 2.7100, -1.9368 -1.2170 2.7100, -2.0441 -1.2189 2.7100, -4.5000 -2.1383 2.7100, 1.0154 1.6607 2.7100, 1.9679 0.9625 2.7100, 1.9663 1.0102 2.7100, 0.4106 -1.2224 2.7100, -1.6383 -1.1574 2.7100, -1.7313 -1.1864 2.7100, -1.8316 -1.2062 2.7100, -1.9368 -1.2170 2.7100, -4.5000 -2.1383 2.7100, 1.0154 1.6607 2.7100, 1.9663 1.0102 2.7100, 1.9660 1.0681 2.7100, 0.4106 -1.2224 2.7100, -1.7313 -1.1864 2.7100, -1.8316 -1.2062 2.7100, -1.8316 -1.2062 2.7100, -4.5000 -2.1383 2.7100, 0.0000 -2.1383 2.7100, 1.0154 1.6607 2.7100, 1.9660 1.0681 2.7100, 1.9796 1.2461 2.7100, 0.4106 -1.2224 2.7100, -1.8316 -1.2062 2.7100, 0.0000 -2.1383 2.7100, 0.8693 1.7482 2.7100, 1.0154 1.6607 2.7100, 1.9796 1.2461 2.7100, 3.0843 -1.2122 2.7100, 0.4106 -1.2224 2.7100, 0.0000 -2.1383 2.7100, 0.8693 1.7482 2.7100, 1.9796 1.2461 2.7100, 2.0201 1.4077 2.7100, 3.2062 -1.2090 2.7100, 3.0843 -1.2122 2.7100, 0.0000 -2.1383 2.7100, 0.7021 1.8085 2.7100, 0.8693 1.7482 2.7100, 2.0201 1.4077 2.7100, 3.3210 -1.2015 2.7100, 3.2062 -1.2090 2.7100, 0.0000 -2.1383 2.7100, 0.7021 1.8085 2.7100, 2.0201 1.4077 2.7100, 2.0868 1.5522 2.7100, 3.4213 -1.1900 2.7100, 3.3210 -1.2015 2.7100, 0.0000 -2.1383 2.7100, 0.6414 1.8217 2.7100, 0.7021 1.8085 2.7100, 2.0868 1.5522 2.7100, 3.5000 -1.1745 2.7100, 3.4213 -1.1900 2.7100, 0.0000 -2.1383 2.7100, 0.6414 1.8217 2.7100, 2.0868 1.5522 2.7100, 2.1790 1.6787 2.7100, 3.5000 -1.1745 2.7100, 0.0000 -2.1383 2.7100, 4.5000 -2.1383 2.7100, 0.6414 1.8217 2.7100, 2.1790 1.6787 2.7100, 2.2960 1.7865 2.7100, 3.5786 -1.1508 2.7100, 3.5000 -1.1745 2.7100, 4.5000 -2.1383 2.7100, 0.6414 1.8217 2.7100, 2.2960 1.7865 2.7100, 2.4372 1.8747 2.7100, 3.6582 -1.1220 2.7100, 3.5786 -1.1508 2.7100, 4.5000 -2.1383 2.7100, 0.6414 1.8217 2.7100, 2.4372 1.8747 2.7100, 2.6019 1.9426 2.7100, 3.7369 -1.0890 2.7100, 3.6582 -1.1220 2.7100, 4.5000 -2.1383 2.7100, 0.6414 1.8217 2.7100, 2.6019 1.9426 2.7100, 2.7894 1.9894 2.7100, 3.8128 -1.0529 2.7100, 3.7369 -1.0890 2.7100, 4.5000 -2.1383 2.7100, 0.6414 1.8217 2.7100, 2.7894 1.9894 2.7100, 2.8608 1.9982 2.7100, 3.8839 -1.0147 2.7100, 3.8128 -1.0529 2.7100, 4.5000 -2.1383 2.7100, 4.5000 2.1383 2.7100, 0.6414 1.8217 2.7100, 2.8608 1.9982 2.7100, 3.9482 -0.9755 2.7100, 3.8839 -1.0147 2.7100, 4.5000 -2.1383 2.7100, 4.5000 2.1383 2.7100, 2.8608 1.9982 2.7100, 2.9460 2.0024 2.7100, 4.0039 -0.9362 2.7100, 3.9482 -0.9755 2.7100, 4.5000 -2.1383 2.7100, 4.5000 2.1383 2.7100, 2.9460 2.0024 2.7100, 3.0404 2.0023 2.7100, 4.0489 -0.8979 2.7100, 4.0039 -0.9362 2.7100, 4.5000 -2.1383 2.7100, 4.5000 2.1383 2.7100, 3.0404 2.0023 2.7100, 3.1394 1.9981 2.7100, 4.1211 -0.8168 2.7100, 4.0489 -0.8979 2.7100, 4.5000 -2.1383 2.7100, 4.5000 2.1383 2.7100, 3.1394 1.9981 2.7100, 3.2383 1.9900 2.7100, 4.1808 -0.7248 2.7100, 4.1211 -0.8168 2.7100, 4.5000 -2.1383 2.7100, 4.5000 2.1383 2.7100, 3.2383 1.9900 2.7100, 3.3327 1.9783 2.7100, 4.2277 -0.6237 2.7100, 4.1808 -0.7248 2.7100, 4.5000 -2.1383 2.7100, 4.5000 2.1383 2.7100, 3.3327 1.9783 2.7100, 3.4179 1.9631 2.7100, 4.2614 -0.5154 2.7100, 4.2277 -0.6237 2.7100, 4.5000 -2.1383 2.7100, 4.5000 2.1383 2.7100, 3.4179 1.9631 2.7100, 3.4894 1.9447 2.7100, 4.2815 -0.4017 2.7100, 4.2614 -0.5154 2.7100, 4.5000 -2.1383 2.7100, 4.5000 2.1383 2.7100, 3.4894 1.9447 2.7100, 3.6346 1.8927 2.7100, 4.2874 -0.2845 2.7100, 4.2815 -0.4017 2.7100, 4.5000 -2.1383 2.7100, 4.5000 2.1383 2.7100, 3.6346 1.8927 2.7100, 3.7626 1.8306 2.7100, 4.2002 1.1091 2.7100, 4.2874 -0.2845 2.7100, 4.5000 -2.1383 2.7100, 4.5000 2.1383 2.7100, 3.7626 1.8306 2.7100, 3.8735 1.7581 2.7100, 4.2002 1.1091 2.7100, 4.5000 -2.1383 2.7100, 4.5000 0.0000 2.7100, 4.5000 2.1383 2.7100, 3.8735 1.7581 2.7100, 3.9676 1.6750 2.7100, 4.1929 1.1602 2.7100, 4.2002 1.1091 2.7100, 4.5000 0.0000 2.7100, 4.5000 2.1383 2.7100, 3.9676 1.6750 2.7100, 4.0451 1.5809 2.7100, 4.1809 1.2298 2.7100, 4.1929 1.1602 2.7100, 4.5000 0.0000 2.7100, 4.5000 2.1383 2.7100, 4.0451 1.5809 2.7100, 4.1063 1.4755 2.7100, 4.1515 1.3586 2.7100, 4.1809 1.2298 2.7100, 4.5000 0.0000 2.7100, 4.5000 2.1383 2.7100, 4.1063 1.4755 2.7100, 4.1515 1.3586 2.7100, 4.1515 1.3586 2.7100, 4.5000 0.0000 2.7100, 4.5000 2.1383 2.7100, -1.7797 -3.1989 2.7100, -1.9725 -3.1949 2.7100, -1.9725 -3.3779 2.7100, -1.9725 -3.3779 2.7100, -1.9725 -3.5610 2.7100, -1.8024 -3.5610 2.7100, -1.8024 -3.5610 2.7100, -1.7386 -3.5607 2.7100, -1.6863 -3.5595 2.7100, -1.6863 -3.5595 2.7100, -1.6439 -3.5572 2.7100, -1.6094 -3.5536 2.7100, -1.6094 -3.5536 2.7100, -1.5813 -3.5485 2.7100, -1.5577 -3.5415 2.7100, -1.5577 -3.5415 2.7100, -1.5370 -3.5326 2.7100, -1.5173 -3.5213 2.7100, -1.5173 -3.5213 2.7100, -1.4891 -3.4973 2.7100, -1.4678 -3.4667 2.7100, -1.4678 -3.4667 2.7100, -1.4536 -3.4314 2.7100, -1.4466 -3.3933 2.7100, -1.4466 -3.3933 2.7100, -1.4470 -3.3546 2.7100, -1.4549 -3.3170 2.7100, -1.4549 -3.3170 2.7100, -1.4704 -3.2825 2.7100, -1.4938 -3.2532 2.7100, -1.4938 -3.2532 2.7100, -1.5110 -3.2380 2.7100, -1.5286 -3.2261 2.7100, -1.5286 -3.2261 2.7100, -1.5489 -3.2172 2.7100, -1.5745 -3.2106 2.7100, -1.5745 -3.2106 2.7100, -1.6079 -3.2059 2.7100, -1.6516 -3.2027 2.7100, -1.6516 -3.2027 2.7100, -1.7080 -3.2006 2.7100, -1.7797 -3.1989 2.7100, -1.7797 -3.1989 2.7100, -1.9725 -3.3779 2.7100, -1.8024 -3.5610 2.7100, -1.8024 -3.5610 2.7100, -1.6863 -3.5595 2.7100, -1.6094 -3.5536 2.7100, -1.6094 -3.5536 2.7100, -1.5577 -3.5415 2.7100, -1.5173 -3.5213 2.7100, -1.5173 -3.5213 2.7100, -1.4678 -3.4667 2.7100, -1.4466 -3.3933 2.7100, -1.4466 -3.3933 2.7100, -1.4549 -3.3170 2.7100, -1.4938 -3.2532 2.7100, -1.4938 -3.2532 2.7100, -1.5286 -3.2261 2.7100, -1.5745 -3.2106 2.7100, -1.5745 -3.2106 2.7100, -1.6516 -3.2027 2.7100, -1.7797 -3.1989 2.7100, -1.7797 -3.1989 2.7100, -1.8024 -3.5610 2.7100, -1.6094 -3.5536 2.7100, -1.6094 -3.5536 2.7100, -1.5173 -3.5213 2.7100, -1.4466 -3.3933 2.7100, -1.4466 -3.3933 2.7100, -1.4938 -3.2532 2.7100, -1.5745 -3.2106 2.7100, -1.5745 -3.2106 2.7100, -1.7797 -3.1989 2.7100, -1.6094 -3.5536 2.7100, -1.6094 -3.5536 2.7100, -1.4466 -3.3933 2.7100, -1.5745 -3.2106 2.7100, -1.7595 -3.6923 2.7100, -1.9725 -3.6898 2.7100, -1.9725 -3.8923 2.7100, -1.9725 -3.8923 2.7100, -1.9725 -4.0957 2.7100, -1.7716 -4.0957 2.7100, -1.7716 -4.0957 2.7100, -1.7170 -4.0956 2.7100, -1.6713 -4.0951 2.7100, -1.6713 -4.0951 2.7100, -1.6337 -4.0944 2.7100, -1.6029 -4.0931 2.7100, -1.6029 -4.0931 2.7100, -1.5781 -4.0914 2.7100, -1.5579 -4.0892 2.7100, -1.5579 -4.0892 2.7100, -1.5415 -4.0863 2.7100, -1.5278 -4.0827 2.7100, -1.5278 -4.0827 2.7100, -1.4826 -4.0620 2.7100, -1.4455 -4.0306 2.7100, -1.4455 -4.0306 2.7100, -1.4171 -3.9911 2.7100, -1.3983 -3.9462 2.7100, -1.3983 -3.9462 2.7100, -1.3899 -3.8984 2.7100, -1.3926 -3.8503 2.7100, -1.3926 -3.8503 2.7100, -1.4073 -3.8045 2.7100, -1.4347 -3.7635 2.7100, -1.4347 -3.7635 2.7100, -1.4411 -3.7572 2.7100, -1.4489 -3.7505 2.7100, -1.4489 -3.7505 2.7100, -1.4575 -3.7436 2.7100, -1.4669 -3.7367 2.7100, -1.4669 -3.7367 2.7100, -1.4766 -3.7301 2.7100, -1.4864 -3.7240 2.7100, -1.4864 -3.7240 2.7100, -1.4960 -3.7186 2.7100, -1.5051 -3.7141 2.7100, -1.5051 -3.7141 2.7100, -1.5194 -3.7079 2.7100, -1.5335 -3.7032 2.7100, -1.5335 -3.7032 2.7100, -1.5500 -3.6997 2.7100, -1.5716 -3.6971 2.7100, -1.5716 -3.6971 2.7100, -1.6007 -3.6953 2.7100, -1.6400 -3.6941 2.7100, -1.6400 -3.6941 2.7100, -1.6921 -3.6931 2.7100, -1.7595 -3.6923 2.7100, -1.7595 -3.6923 2.7100, -1.9725 -3.8923 2.7100, -1.7716 -4.0957 2.7100, -1.7716 -4.0957 2.7100, -1.6713 -4.0951 2.7100, -1.6029 -4.0931 2.7100, -1.6029 -4.0931 2.7100, -1.5579 -4.0892 2.7100, -1.5278 -4.0827 2.7100, -1.5278 -4.0827 2.7100, -1.4455 -4.0306 2.7100, -1.3983 -3.9462 2.7100, -1.3983 -3.9462 2.7100, -1.3926 -3.8503 2.7100, -1.4347 -3.7635 2.7100, -1.4347 -3.7635 2.7100, -1.4489 -3.7505 2.7100, -1.4669 -3.7367 2.7100, -1.4669 -3.7367 2.7100, -1.4864 -3.7240 2.7100, -1.5051 -3.7141 2.7100, -1.5051 -3.7141 2.7100, -1.5335 -3.7032 2.7100, -1.5716 -3.6971 2.7100, -1.5716 -3.6971 2.7100, -1.6400 -3.6941 2.7100, -1.7595 -3.6923 2.7100, -1.7595 -3.6923 2.7100, -1.7716 -4.0957 2.7100, -1.6029 -4.0931 2.7100, -1.6029 -4.0931 2.7100, -1.5278 -4.0827 2.7100, -1.3983 -3.9462 2.7100, -1.3983 -3.9462 2.7100, -1.4347 -3.7635 2.7100, -1.4669 -3.7367 2.7100, -1.4669 -3.7367 2.7100, -1.5051 -3.7141 2.7100, -1.5716 -3.6971 2.7100, -1.5716 -3.6971 2.7100, -1.7595 -3.6923 2.7100, -1.6029 -4.0931 2.7100, -1.6029 -4.0931 2.7100, -1.3983 -3.9462 2.7100, -1.4669 -3.7367 2.7100, -1.4669 -3.7367 2.7100, -1.5716 -3.6971 2.7100, -1.6029 -4.0931 2.7100, 1.6547 -3.4056 2.7100, 1.6375 -3.4524 2.7100, 1.6194 -3.5027 2.7100, 1.6194 -3.5027 2.7100, 1.5286 -3.7514 2.7100, 1.6218 -3.7538 2.7100, 1.6218 -3.7538 2.7100, 1.6422 -3.7541 2.7100, 1.6647 -3.7543 2.7100, 1.6647 -3.7543 2.7100, 1.6885 -3.7544 2.7100, 1.7129 -3.7544 2.7100, 1.7129 -3.7544 2.7100, 1.7372 -3.7544 2.7100, 1.7605 -3.7543 2.7100, 1.7605 -3.7543 2.7100, 1.7823 -3.7541 2.7100, 1.8016 -3.7538 2.7100, 1.8016 -3.7538 2.7100, 1.8891 -3.7514 2.7100, 1.8041 -3.5019 2.7100, 1.8041 -3.5019 2.7100, 1.7868 -3.4519 2.7100, 1.7705 -3.4053 2.7100, 1.7705 -3.4053 2.7100, 1.7556 -3.3630 2.7100, 1.7424 -3.3262 2.7100, 1.7424 -3.3262 2.7100, 1.7313 -3.2958 2.7100, 1.7226 -3.2728 2.7100, 1.7226 -3.2728 2.7100, 1.7168 -3.2583 2.7100, 1.7141 -3.2532 2.7100, 1.7141 -3.2532 2.7100, 1.7114 -3.2583 2.7100, 1.7052 -3.2728 2.7100, 1.7052 -3.2728 2.7100, 1.6961 -3.2958 2.7100, 1.6844 -3.3263 2.7100, 1.6844 -3.3263 2.7100, 1.6704 -3.3632 2.7100, 1.6547 -3.4056 2.7100, 1.6547 -3.4056 2.7100, 1.6194 -3.5027 2.7100, 1.6218 -3.7538 2.7100, 1.6218 -3.7538 2.7100, 1.6647 -3.7543 2.7100, 1.7129 -3.7544 2.7100, 1.7129 -3.7544 2.7100, 1.7605 -3.7543 2.7100, 1.8016 -3.7538 2.7100, 1.8016 -3.7538 2.7100, 1.8041 -3.5019 2.7100, 1.7705 -3.4053 2.7100, 1.7705 -3.4053 2.7100, 1.7424 -3.3262 2.7100, 1.7226 -3.2728 2.7100, 1.7226 -3.2728 2.7100, 1.7141 -3.2532 2.7100, 1.7052 -3.2728 2.7100, 1.7052 -3.2728 2.7100, 1.6844 -3.3263 2.7100, 1.6547 -3.4056 2.7100, 1.6547 -3.4056 2.7100, 1.6218 -3.7538 2.7100, 1.7129 -3.7544 2.7100, 1.7129 -3.7544 2.7100, 1.8016 -3.7538 2.7100, 1.7705 -3.4053 2.7100, 1.7705 -3.4053 2.7100, 1.7226 -3.2728 2.7100, 1.7052 -3.2728 2.7100, 1.7052 -3.2728 2.7100, 1.6547 -3.4056 2.7100, 1.7129 -3.7544 2.7100, 1.7129 -3.7544 2.7100, 1.7705 -3.4053 2.7100, 1.7052 -3.2728 2.7100, 3.6089 -3.3099 2.7100, 3.6089 -3.5529 2.7100, 3.9127 -3.5529 2.7100, 3.9127 -3.5529 2.7100, 4.2165 -3.5529 2.7100, 4.2165 -3.3099 2.7100, 4.2165 -3.9620 2.7100, 4.2165 -3.6906 2.7100, 3.9127 -3.6906 2.7100, 3.9127 -3.6906 2.7100, 3.6089 -3.6906 2.7100, 3.6089 -3.9620 2.7100, 3.5320 -4.2334 2.7100, 3.4550 -4.2334 2.7100, 2.9827 -4.2382 2.7100, 2.3299 -3.9116 2.7100, 2.3290 -3.8915 2.7100, 2.0474 -3.7244 2.7100, 2.0576 -4.2293 2.7100, 2.0001 -4.0592 2.7100, 1.9426 -3.8891 2.7100, 1.9426 -3.8891 2.7100, 1.7117 -3.8867 2.7100, 1.4808 -3.8851 2.7100, 1.4808 -3.8851 2.7100, 1.4557 -3.9555 2.7100, 1.4499 -3.9721 2.7100, 1.4183 -4.0601 2.7100, 1.4097 -4.0841 2.7100, 1.4013 -4.1076 2.7100, 1.1979 -4.2269 2.7100, 1.1975 -4.2237 2.7100, 1.1382 -4.2334 2.7100, 0.7655 -4.2334 2.7100, 0.3929 -4.2334 2.7100, -0.4212 -4.2374 2.7100, -1.4104 -3.5861 2.7100, -1.4395 -3.6040 2.7100, -1.3885 -3.6307 2.7100, -2.5153 -4.2334 2.7100, -2.5169 -3.7498 2.7100, -2.5194 -3.2653 2.7100, -2.9997 -4.2342 2.7100, -3.0232 -4.1670 2.7100, -3.0311 -4.1449 2.7100, -3.1318 -3.8497 2.7100, -3.1596 -3.7676 2.7100, -3.1885 -3.6825 2.7100, -3.1885 -3.6825 2.7100, -3.3294 -3.2653 2.7100, -3.3319 -3.7498 2.7100, -4.0788 -4.2334 2.7100, -4.0788 -3.4314 2.7100, -4.3461 -3.4314 2.7100, -4.3461 -3.4314 2.7100, -4.5000 -3.8000 2.7100, -4.5000 -4.6141 2.7100, -4.5000 -2.9859 2.7100, -4.5000 -3.8000 2.7100, -4.3461 -3.4314 2.7100, -4.3461 -3.3204 2.7100, -4.2707 -3.3083 2.7100, -4.2335 -3.3016 2.7100, -4.2335 -3.3016 2.7100, -4.2011 -3.2941 2.7100, -4.1731 -3.2856 2.7100, -4.1731 -3.2856 2.7100, -4.1491 -3.2759 2.7100, -4.1288 -3.2648 2.7100, -4.1288 -3.2648 2.7100, -4.1116 -3.2522 2.7100, -4.0972 -3.2379 2.7100, -4.0972 -3.2379 2.7100, -4.0852 -3.2216 2.7100, -4.0803 -3.2133 2.7100, -4.0803 -3.2133 2.7100, -4.0751 -3.2038 2.7100, -4.0700 -3.1935 2.7100, -4.0700 -3.1935 2.7100, -4.0650 -3.1827 2.7100, -4.0603 -3.1718 2.7100, -4.0603 -3.1718 2.7100, -4.0561 -3.1610 2.7100, -4.0525 -3.1508 2.7100, -4.0525 -3.1508 2.7100, -4.0496 -3.1414 2.7100, -4.0374 -3.0993 2.7100, -3.9248 -3.0993 2.7100, -3.9248 -4.2334 2.7100, -3.4793 -4.2334 2.7100, -3.2557 -3.0669 2.7100, -3.0905 -3.5562 2.7100, -3.0570 -3.6543 2.7100, -3.0570 -3.6543 2.7100, -3.0256 -3.7458 2.7100, -2.9970 -3.8285 2.7100, -2.9970 -3.8285 2.7100, -2.9720 -3.9006 2.7100, -2.9511 -3.9599 2.7100, -2.9511 -3.9599 2.7100, -2.9351 -4.0044 2.7100, -2.9246 -4.0323 2.7100, -2.9246 -4.0323 2.7100, -2.9203 -4.0414 2.7100, -2.9162 -4.0309 2.7100, -2.9162 -4.0309 2.7100, -2.9059 -4.0020 2.7100, -2.8902 -3.9567 2.7100, -2.8902 -3.9567 2.7100, -2.8698 -3.8970 2.7100, -2.8453 -3.8249 2.7100, -2.8453 -3.8249 2.7100, -2.8175 -3.7425 2.7100, -2.7869 -3.6517 2.7100, -2.7869 -3.6517 2.7100, -2.7543 -3.5545 2.7100, -2.5923 -3.0709 2.7100, -2.5923 -3.0709 2.7100, -2.4805 -3.0685 2.7100, -2.3695 -3.0661 2.7100, -2.3695 -3.0661 2.7100, -2.3695 -4.2334 2.7100, -2.1265 -4.2334 2.7100, 0.2317 -3.2127 2.7100, -0.4172 -3.2127 2.7100, -0.4172 -3.5691 2.7100, 0.1499 -3.7068 2.7100, -0.4172 -3.7068 2.7100, -0.4188 -3.9717 2.7100, 0.5549 -3.5813 2.7100, 0.5549 -4.0957 2.7100, 0.8465 -4.0957 2.7100, 1.1989 -4.2196 2.7100, 1.2043 -4.2055 2.7100, 1.2174 -4.1708 2.7100, 1.2174 -4.1708 2.7100, 1.2373 -4.1177 2.7100, 1.2632 -4.0486 2.7100, 1.2632 -4.0486 2.7100, 1.2943 -3.9658 2.7100, 1.3296 -3.8716 2.7100, 1.3296 -3.8716 2.7100, 1.3683 -3.7683 2.7100, 1.4095 -3.6582 2.7100, 1.6038 -3.1409 2.7100, 1.6174 -3.1046 2.7100, 1.6234 -3.0887 2.7100, 1.8146 -3.0806 2.7100, 1.8296 -3.1221 2.7100, 1.8666 -3.2247 2.7100, 1.8666 -3.2247 2.7100, 1.9195 -3.3708 2.7100, 1.9819 -3.5432 2.7100, 1.9819 -3.5432 2.7100, 2.0474 -3.7244 2.7100, 2.3290 -3.8915 2.7100, 2.4732 -3.8527 2.7100, 2.4788 -3.8972 2.7100, 2.4803 -3.9071 2.7100, 2.4803 -3.9071 2.7100, 2.4826 -3.9183 2.7100, 2.4858 -3.9303 2.7100, 2.4858 -3.9303 2.7100, 2.4896 -3.9429 2.7100, 2.4939 -3.9556 2.7100, 2.4939 -3.9556 2.7100, 2.4987 -3.9680 2.7100, 2.5037 -3.9797 2.7100, 2.5037 -3.9797 2.7100, 2.5088 -3.9904 2.7100, 2.5286 -4.0233 2.7100, 2.5286 -4.0233 2.7100, 2.5526 -4.0517 2.7100, 2.5811 -4.0755 2.7100, 2.5811 -4.0755 2.7100, 2.6141 -4.0949 2.7100, 2.6519 -4.1098 2.7100, 2.6519 -4.1098 2.7100, 2.6945 -4.1205 2.7100, 2.7421 -4.1268 2.7100, 2.7421 -4.1268 2.7100, 2.7948 -4.1289 2.7100, 2.8671 -4.1252 2.7100, 2.8671 -4.1252 2.7100, 2.9302 -4.1142 2.7100, 2.9836 -4.0961 2.7100, 2.9836 -4.0961 2.7100, 3.0272 -4.0713 2.7100, 3.0605 -4.0399 2.7100, 3.0605 -4.0399 2.7100, 3.0833 -4.0021 2.7100, 3.0953 -3.9583 2.7100, 3.0953 -3.9583 2.7100, 3.0961 -3.9086 2.7100, 3.0902 -3.8718 2.7100, 3.0902 -3.8718 2.7100, 3.0784 -3.8408 2.7100, 3.0587 -3.8144 2.7100, 3.0587 -3.8144 2.7100, 3.0290 -3.7914 2.7100, 2.9874 -3.7704 2.7100, 2.9874 -3.7704 2.7100, 2.9317 -3.7503 2.7100, 2.8601 -3.7298 2.7100, 2.8601 -3.7298 2.7100, 2.7705 -3.7077 2.7100, 2.7357 -3.6994 2.7100, 3.1718 -3.4072 2.7100, 3.1431 -3.4071 2.7100, 3.1179 -3.4071 2.7100, 3.0663 -3.3935 2.7100, 3.0662 -3.3869 2.7100, 3.0658 -3.3820 2.7100, 3.0658 -3.3820 2.7100, 3.0648 -3.3757 2.7100, 3.0631 -3.3681 2.7100, 3.0631 -3.3681 2.7100, 3.0610 -3.3595 2.7100, 3.0584 -3.3503 2.7100, 3.0584 -3.3503 2.7100, 3.0556 -3.3406 2.7100, 3.0524 -3.3308 2.7100, 3.0524 -3.3308 2.7100, 3.0491 -3.3212 2.7100, 3.0345 -3.2897 2.7100, 3.0345 -3.2897 2.7100, 3.0156 -3.2620 2.7100, 2.9923 -3.2380 2.7100, 2.9923 -3.2380 2.7100, 2.9646 -3.2179 2.7100, 2.9326 -3.2014 2.7100, 2.9326 -3.2014 2.7100, 2.8962 -3.1888 2.7100, 2.8554 -3.1798 2.7100, 2.8554 -3.1798 2.7100, 2.8102 -3.1746 2.7100, 2.7633 -3.1733 2.7100, 2.7633 -3.1733 2.7100, 2.7199 -3.1759 2.7100, 2.6802 -3.1825 2.7100, 2.6802 -3.1825 2.7100, 2.6444 -3.1929 2.7100, 2.6127 -3.2072 2.7100, 2.6127 -3.2072 2.7100, 2.5852 -3.2253 2.7100, 2.5621 -3.2471 2.7100, 2.5621 -3.2471 2.7100, 2.5437 -3.2726 2.7100, 2.5310 -3.2978 2.7100, 2.5310 -3.2978 2.7100, 2.5221 -3.3232 2.7100, 2.5170 -3.3484 2.7100, 2.5170 -3.3484 2.7100, 2.5156 -3.3731 2.7100, 2.5180 -3.3969 2.7100, 2.5180 -3.3969 2.7100, 2.5242 -3.4194 2.7100, 2.5341 -3.4402 2.7100, 2.5341 -3.4402 2.7100, 2.5477 -3.4590 2.7100, 2.5628 -3.4741 2.7100, 2.5628 -3.4741 2.7100, 2.5810 -3.4874 2.7100, 2.6056 -3.5000 2.7100, 2.6056 -3.5000 2.7100, 2.6398 -3.5129 2.7100, 2.6867 -3.5273 2.7100, 2.6867 -3.5273 2.7100, 2.7497 -3.5441 2.7100, 2.8319 -3.5644 2.7100, 3.0130 -4.2272 2.7100, 2.9827 -4.2382 2.7100, 3.4550 -4.2334 2.7100, 3.6089 -3.0669 2.7100, 3.6089 -3.3099 2.7100, 3.9127 -3.5529 2.7100, 3.9127 -3.5529 2.7100, 4.2165 -3.3099 2.7100, 4.2165 -3.0669 2.7100, 4.2165 -4.2334 2.7100, 4.2165 -3.9620 2.7100, 3.9127 -3.6906 2.7100, 3.9127 -3.6906 2.7100, 3.6089 -3.9620 2.7100, 3.6089 -4.2334 2.7100, 3.6089 -4.2334 2.7100, 3.5320 -4.2334 2.7100, 2.9827 -4.2382 2.7100, 2.3324 -3.9333 2.7100, 2.3299 -3.9116 2.7100, 2.0474 -3.7244 2.7100, 2.0576 -4.2293 2.7100, 1.9426 -3.8891 2.7100, 1.4808 -3.8851 2.7100, 1.4270 -4.0362 2.7100, 1.4183 -4.0601 2.7100, 1.4013 -4.1076 2.7100, 1.2008 -4.2293 2.7100, 1.1979 -4.2269 2.7100, 1.1382 -4.2334 2.7100, 1.1382 -4.2334 2.7100, 0.7655 -4.2334 2.7100, -0.4212 -4.2374 2.7100, -1.3943 -3.5747 2.7100, -1.4104 -3.5861 2.7100, -1.3885 -3.6307 2.7100, -2.5153 -4.2334 2.7100, -2.5194 -3.2653 2.7100, -2.6814 -3.7473 2.7100, -3.1318 -3.8497 2.7100, -3.1885 -3.6825 2.7100, -3.3319 -3.7498 2.7100, -4.0788 -4.2334 2.7100, -4.3461 -3.4314 2.7100, -4.5000 -4.6141 2.7100, -4.5000 -2.9859 2.7100, -4.3461 -3.4314 2.7100, -4.3461 -3.3204 2.7100, -4.3461 -3.3204 2.7100, -4.2335 -3.3016 2.7100, -4.1731 -3.2856 2.7100, -4.1731 -3.2856 2.7100, -4.1288 -3.2648 2.7100, -4.0972 -3.2379 2.7100, -4.0972 -3.2379 2.7100, -4.0803 -3.2133 2.7100, -4.0700 -3.1935 2.7100, -4.0700 -3.1935 2.7100, -4.0603 -3.1718 2.7100, -4.0525 -3.1508 2.7100, -3.9248 -3.0993 2.7100, -3.4793 -4.2334 2.7100, -3.4793 -3.0669 2.7100, -3.2557 -3.0669 2.7100, -3.0570 -3.6543 2.7100, -2.9970 -3.8285 2.7100, -2.9970 -3.8285 2.7100, -2.9511 -3.9599 2.7100, -2.9246 -4.0323 2.7100, -2.9246 -4.0323 2.7100, -2.9162 -4.0309 2.7100, -2.8902 -3.9567 2.7100, -2.8902 -3.9567 2.7100, -2.8453 -3.8249 2.7100, -2.7869 -3.6517 2.7100, -2.3695 -3.0661 2.7100, -2.1265 -4.2334 2.7100, -2.1265 -3.0669 2.7100, 0.2317 -3.2127 2.7100, -0.4172 -3.5691 2.7100, 0.1499 -3.5691 2.7100, 0.5549 -3.0669 2.7100, 0.5549 -3.5813 2.7100, 0.8465 -4.0957 2.7100, 1.1989 -4.2196 2.7100, 1.2174 -4.1708 2.7100, 1.2632 -4.0486 2.7100, 1.2632 -4.0486 2.7100, 1.3296 -3.8716 2.7100, 1.4095 -3.6582 2.7100, 1.8146 -3.0806 2.7100, 1.8666 -3.2247 2.7100, 1.9819 -3.5432 2.7100, 1.9819 -3.5432 2.7100, 2.3290 -3.8915 2.7100, 2.3290 -3.8527 2.7100, 2.4732 -3.8527 2.7100, 2.4803 -3.9071 2.7100, 2.4858 -3.9303 2.7100, 2.4858 -3.9303 2.7100, 2.4939 -3.9556 2.7100, 2.5037 -3.9797 2.7100, 2.5037 -3.9797 2.7100, 2.5286 -4.0233 2.7100, 2.5811 -4.0755 2.7100, 2.5811 -4.0755 2.7100, 2.6519 -4.1098 2.7100, 2.7421 -4.1268 2.7100, 2.7421 -4.1268 2.7100, 2.8671 -4.1252 2.7100, 2.9836 -4.0961 2.7100, 2.9836 -4.0961 2.7100, 3.0605 -4.0399 2.7100, 3.0953 -3.9583 2.7100, 3.0953 -3.9583 2.7100, 3.0902 -3.8718 2.7100, 3.0587 -3.8144 2.7100, 3.0587 -3.8144 2.7100, 2.9874 -3.7704 2.7100, 2.8601 -3.7298 2.7100, 2.8601 -3.7298 2.7100, 2.7357 -3.6994 2.7100, 2.7019 -3.6912 2.7100, 3.0663 -3.3935 2.7100, 3.0658 -3.3820 2.7100, 3.0631 -3.3681 2.7100, 3.0631 -3.3681 2.7100, 3.0584 -3.3503 2.7100, 3.0524 -3.3308 2.7100, 3.0524 -3.3308 2.7100, 3.0345 -3.2897 2.7100, 2.9923 -3.2380 2.7100, 2.9923 -3.2380 2.7100, 2.9326 -3.2014 2.7100, 2.8554 -3.1798 2.7100, 2.8554 -3.1798 2.7100, 2.7633 -3.1733 2.7100, 2.6802 -3.1825 2.7100, 2.6802 -3.1825 2.7100, 2.6127 -3.2072 2.7100, 2.5621 -3.2471 2.7100, 2.5621 -3.2471 2.7100, 2.5310 -3.2978 2.7100, 2.5170 -3.3484 2.7100, 2.5170 -3.3484 2.7100, 2.5180 -3.3969 2.7100, 2.5341 -3.4402 2.7100, 2.5341 -3.4402 2.7100, 2.5628 -3.4741 2.7100, 2.6056 -3.5000 2.7100, 2.6056 -3.5000 2.7100, 2.6867 -3.5273 2.7100, 2.8319 -3.5644 2.7100, 3.0429 -4.2146 2.7100, 3.0130 -4.2272 2.7100, 3.4550 -4.2334 2.7100, 3.6089 -3.0669 2.7100, 3.9127 -3.5529 2.7100, 4.2165 -3.0669 2.7100, 4.2165 -4.2334 2.7100, 3.9127 -3.6906 2.7100, 3.6089 -4.2334 2.7100, 3.6089 -4.2334 2.7100, 2.9827 -4.2382 2.7100, 2.9527 -4.2472 2.7100, 2.3365 -3.9560 2.7100, 2.3324 -3.9333 2.7100, 2.0474 -3.7244 2.7100, 2.0576 -4.2293 2.7100, 1.4808 -3.8851 2.7100, 1.4499 -3.9721 2.7100, 1.4270 -4.0362 2.7100, 1.4013 -4.1076 2.7100, 1.3933 -4.1297 2.7100, 1.2068 -4.2311 2.7100, 1.2008 -4.2293 2.7100, 1.1382 -4.2334 2.7100, -1.3782 -3.5609 2.7100, -1.3943 -3.5747 2.7100, -1.3885 -3.6307 2.7100, -2.5153 -4.2334 2.7100, -2.6814 -3.7473 2.7100, -2.8442 -4.2293 2.7100, -3.1056 -3.9267 2.7100, -3.1318 -3.8497 2.7100, -3.3319 -3.7498 2.7100, -3.3335 -4.2334 2.7100, -4.0788 -4.2334 2.7100, -4.5000 -4.6141 2.7100, -4.5000 -2.9859 2.7100, -4.3461 -3.3204 2.7100, -4.1731 -3.2856 2.7100, -4.1731 -3.2856 2.7100, -4.0972 -3.2379 2.7100, -4.0700 -3.1935 2.7100, -4.0700 -3.1935 2.7100, -4.0525 -3.1508 2.7100, -4.0374 -3.0993 2.7100, -4.0374 -3.0993 2.7100, -3.9248 -3.0993 2.7100, -3.4793 -3.0669 2.7100, -3.2557 -3.0669 2.7100, -2.9970 -3.8285 2.7100, -2.9246 -4.0323 2.7100, -2.9246 -4.0323 2.7100, -2.8902 -3.9567 2.7100, -2.7869 -3.6517 2.7100, -2.3695 -3.0661 2.7100, -2.1265 -3.0669 2.7100, -0.5792 -3.0669 2.7100, 0.2317 -3.2127 2.7100, 0.1499 -3.5691 2.7100, 0.1499 -3.7068 2.7100, 0.5549 -3.0669 2.7100, 0.8465 -4.0957 2.7100, 1.1382 -4.0957 2.7100, 1.1989 -4.2196 2.7100, 1.2632 -4.0486 2.7100, 1.4095 -3.6582 2.7100, 1.8146 -3.0806 2.7100, 1.9819 -3.5432 2.7100, 2.3290 -3.8527 2.7100, 2.4732 -3.8527 2.7100, 2.4858 -3.9303 2.7100, 2.5037 -3.9797 2.7100, 2.5037 -3.9797 2.7100, 2.5811 -4.0755 2.7100, 2.7421 -4.1268 2.7100, 2.7421 -4.1268 2.7100, 2.9836 -4.0961 2.7100, 3.0953 -3.9583 2.7100, 3.0953 -3.9583 2.7100, 3.0587 -3.8144 2.7100, 2.8601 -3.7298 2.7100, 3.0663 -3.3935 2.7100, 3.0631 -3.3681 2.7100, 3.0524 -3.3308 2.7100, 3.0524 -3.3308 2.7100, 2.9923 -3.2380 2.7100, 2.8554 -3.1798 2.7100, 2.8554 -3.1798 2.7100, 2.6802 -3.1825 2.7100, 2.5621 -3.2471 2.7100, 2.5621 -3.2471 2.7100, 2.5170 -3.3484 2.7100, 2.5341 -3.4402 2.7100, 2.5341 -3.4402 2.7100, 2.6056 -3.5000 2.7100, 2.8319 -3.5644 2.7100, 3.0718 -4.2009 2.7100, 3.0429 -4.2146 2.7100, 3.4550 -4.2334 2.7100, 4.2165 -4.2334 2.7100, 3.6089 -4.2334 2.7100, 2.9527 -4.2472 2.7100, 2.3420 -3.9792 2.7100, 2.3365 -3.9560 2.7100, 2.0474 -3.7244 2.7100, 2.0576 -4.2293 2.7100, 1.4499 -3.9721 2.7100, 1.4430 -3.9915 2.7100, 1.2165 -4.2322 2.7100, 1.2068 -4.2311 2.7100, 1.1382 -4.2334 2.7100, -1.3624 -3.5452 2.7100, -1.3782 -3.5609 2.7100, -1.3885 -3.6307 2.7100, -2.5153 -4.2334 2.7100, -2.8442 -4.2293 2.7100, -2.9220 -4.2318 2.7100, -3.0819 -3.9967 2.7100, -3.1056 -3.9267 2.7100, -3.3319 -3.7498 2.7100, -3.3335 -4.2334 2.7100, -4.5000 -4.6141 2.7100, 4.5000 -4.6141 2.7100, -4.5000 -2.9859 2.7100, -4.1731 -3.2856 2.7100, -4.0700 -3.1935 2.7100, -3.2557 -3.0669 2.7100, -2.9246 -4.0323 2.7100, -2.7869 -3.6517 2.7100, 1.1989 -4.2196 2.7100, 1.4095 -3.6582 2.7100, 1.4509 -3.5480 2.7100, 1.8123 -3.0766 2.7100, 1.8146 -3.0806 2.7100, 2.3290 -3.8527 2.7100, 2.4732 -3.8527 2.7100, 2.5037 -3.9797 2.7100, 2.7421 -4.1268 2.7100, 2.7421 -4.1268 2.7100, 3.0953 -3.9583 2.7100, 2.8601 -3.7298 2.7100, 3.0663 -3.3935 2.7100, 3.0524 -3.3308 2.7100, 2.8554 -3.1798 2.7100, 2.8554 -3.1798 2.7100, 2.5621 -3.2471 2.7100, 2.5341 -3.4402 2.7100, 2.5341 -3.4402 2.7100, 2.8319 -3.5644 2.7100, 2.9365 -3.5894 2.7100, 3.0989 -4.1864 2.7100, 3.0718 -4.2009 2.7100, 3.4550 -4.2334 2.7100, 4.2975 -4.2334 2.7100, 4.2165 -4.2334 2.7100, 2.9527 -4.2472 2.7100, 2.3488 -4.0023 2.7100, 2.3420 -3.9792 2.7100, 2.0474 -3.7244 2.7100, 2.0576 -4.2293 2.7100, 1.4430 -3.9915 2.7100, 1.4353 -4.0131 2.7100, 1.2306 -4.2330 2.7100, 1.2165 -4.2322 2.7100, 1.1382 -4.2334 2.7100, -1.3474 -3.5282 2.7100, -1.3624 -3.5452 2.7100, -1.3885 -3.6307 2.7100, -2.5153 -4.2334 2.7100, -2.9220 -4.2318 2.7100, -2.9997 -4.2342 2.7100, -3.0611 -4.0578 2.7100, -3.0819 -3.9967 2.7100, -3.3319 -3.7498 2.7100, -4.5000 -2.9859 2.7100, -4.0700 -3.1935 2.7100, -4.0374 -3.0993 2.7100, -3.2557 -3.0669 2.7100, -2.7869 -3.6517 2.7100, -2.5923 -3.0709 2.7100, 1.8123 -3.0766 2.7100, 2.3290 -3.8527 2.7100, 2.4011 -3.8527 2.7100, 2.4732 -3.8527 2.7100, 2.7421 -4.1268 2.7100, 2.8601 -3.7298 2.7100, 3.0675 -3.3986 2.7100, 3.0663 -3.3935 2.7100, 2.8554 -3.1798 2.7100, 2.8554 -3.1798 2.7100, 2.5341 -3.4402 2.7100, 2.9365 -3.5894 2.7100, 3.1234 -4.1714 2.7100, 3.0989 -4.1864 2.7100, 3.4550 -4.2334 2.7100, 4.3785 -4.2334 2.7100, 4.2975 -4.2334 2.7100, 2.9527 -4.2472 2.7100, 2.3567 -4.0248 2.7100, 2.3488 -4.0023 2.7100, 2.0474 -3.7244 2.7100, 2.0576 -4.2293 2.7100, 1.4353 -4.0131 2.7100, 1.4270 -4.0362 2.7100, 1.2496 -4.2333 2.7100, 1.2306 -4.2330 2.7100, 1.1382 -4.2334 2.7100, -1.3337 -3.5105 2.7100, -1.3474 -3.5282 2.7100, -1.3885 -3.6307 2.7100, -1.8486 -4.2334 2.7100, -2.5153 -4.2334 2.7100, -2.9997 -4.2342 2.7100, -3.0439 -4.1078 2.7100, -3.0611 -4.0578 2.7100, -3.3319 -3.7498 2.7100, -4.5000 -2.9859 2.7100, -4.0374 -3.0993 2.7100, -3.4793 -3.0669 2.7100, -3.2557 -3.0669 2.7100, -2.5923 -3.0709 2.7100, -2.3695 -3.0661 2.7100, 1.1382 -4.1645 2.7100, 1.1382 -4.2334 2.7100, 1.1975 -4.2237 2.7100, 1.8123 -3.0766 2.7100, 2.4011 -3.8527 2.7100, 2.4732 -3.8527 2.7100, 2.4732 -3.8527 2.7100, 2.8601 -3.7298 2.7100, 2.7019 -3.6912 2.7100, 3.0704 -3.4022 2.7100, 3.0675 -3.3986 2.7100, 2.8554 -3.1798 2.7100, 2.8554 -3.1798 2.7100, 2.9365 -3.5894 2.7100, 3.0032 -3.6072 2.7100, 3.1446 -4.1564 2.7100, 3.1234 -4.1714 2.7100, 3.4550 -4.2334 2.7100, 4.3785 -4.2334 2.7100, 2.9527 -4.2472 2.7100, 2.9228 -4.2531 2.7100, 2.3655 -4.0461 2.7100, 2.3567 -4.0248 2.7100, 2.0474 -3.7244 2.7100, 2.0576 -4.2293 2.7100, 1.4270 -4.0362 2.7100, 1.3933 -4.1297 2.7100, 1.2743 -4.2334 2.7100, 1.2496 -4.2333 2.7100, 1.1382 -4.2334 2.7100, -1.3217 -3.4925 2.7100, -1.3337 -3.5105 2.7100, -1.3885 -3.6307 2.7100, -3.0311 -4.1449 2.7100, -3.0439 -4.1078 2.7100, -3.3319 -3.7498 2.7100, 4.5000 -2.9859 2.7100, -4.5000 -2.9859 2.7100, -3.4793 -3.0669 2.7100, -3.4793 -3.0669 2.7100, -3.2557 -3.0669 2.7100, -2.3695 -3.0661 2.7100, 1.1382 -4.0957 2.7100, 1.1382 -4.1645 2.7100, 1.1975 -4.2237 2.7100, 2.4732 -3.8527 2.7100, 2.7019 -3.6912 2.7100, 2.6699 -3.6833 2.7100, 3.0704 -3.4022 2.7100, 2.8554 -3.1798 2.7100, 3.0032 -3.6072 2.7100, 3.1617 -4.1419 2.7100, 3.1446 -4.1564 2.7100, 3.4550 -4.2334 2.7100, 4.3785 -4.2334 2.7100, 2.9228 -4.2531 2.7100, 2.8846 -4.2575 2.7100, 2.3752 -4.0657 2.7100, 2.3655 -4.0461 2.7100, 2.0474 -3.7244 2.7100, 2.0576 -4.2293 2.7100, 1.3933 -4.1297 2.7100, 1.3553 -4.2334 2.7100, 1.2743 -4.2334 2.7100, 1.1382 -4.2334 2.7100, -0.4212 -4.2374 2.7100, -1.3120 -3.4749 2.7100, -1.3217 -3.4925 2.7100, -1.3885 -3.6307 2.7100, -2.9997 -4.2342 2.7100, -3.0311 -4.1449 2.7100, -3.3319 -3.7498 2.7100, 4.5000 -2.9859 2.7100, -3.4793 -3.0669 2.7100, -2.3695 -3.0661 2.7100, 1.1382 -4.0957 2.7100, 1.1975 -4.2237 2.7100, 1.1989 -4.2196 2.7100, 2.4732 -3.8527 2.7100, 2.6699 -3.6833 2.7100, 2.6406 -3.6759 2.7100, 3.0761 -3.4046 2.7100, 3.0704 -3.4022 2.7100, 3.0032 -3.6072 2.7100, 3.1892 -4.1110 2.7100, 3.1617 -4.1419 2.7100, 3.4550 -4.2334 2.7100, 4.3785 -4.2334 2.7100, 2.8846 -4.2575 2.7100, 2.8409 -4.2603 2.7100, 2.3947 -4.0960 2.7100, 2.3752 -4.0657 2.7100, 2.0474 -3.7244 2.7100, 2.1443 -4.2318 2.7100, 2.0576 -4.2293 2.7100, 1.3553 -4.2334 2.7100, 1.3553 -4.2334 2.7100, 1.2743 -4.2334 2.7100, -0.4212 -4.2374 2.7100, -1.3120 -3.4749 2.7100, -1.3885 -3.6307 2.7100, -1.3653 -3.6438 2.7100, -2.9997 -4.2342 2.7100, -3.3319 -3.7498 2.7100, -3.3335 -4.2334 2.7100, 4.5000 -2.9859 2.7100, -2.3695 -3.0661 2.7100, -0.5792 -3.0669 2.7100, 1.1382 -4.0957 2.7100, 1.1989 -4.2196 2.7100, 1.4509 -3.5480 2.7100, 2.4732 -3.8527 2.7100, 2.6406 -3.6759 2.7100, 2.6148 -3.6691 2.7100, 3.0853 -3.4060 2.7100, 3.0761 -3.4046 2.7100, 3.0032 -3.6072 2.7100, 3.2120 -4.0760 2.7100, 3.1892 -4.1110 2.7100, 3.4550 -4.2334 2.7100, 4.3785 -4.2334 2.7100, 2.8409 -4.2603 2.7100, 2.7945 -4.2615 2.7100, 2.4195 -4.1253 2.7100, 2.3947 -4.0960 2.7100, 2.0474 -3.7244 2.7100, 2.2318 -4.2342 2.7100, 2.1443 -4.2318 2.7100, 1.3553 -4.2334 2.7100, -0.5792 -3.0669 2.7100, -1.8486 -3.0669 2.7100, -1.7733 -3.0670 2.7100, -1.3050 -3.4581 2.7100, -1.3120 -3.4749 2.7100, -1.3653 -3.6438 2.7100, -2.9997 -4.2342 2.7100, -3.3335 -4.2334 2.7100, 4.5000 -4.6141 2.7100, 4.5000 -2.9859 2.7100, -0.5792 -3.0669 2.7100, -0.1766 -3.0685 2.7100, 0.5549 -3.0669 2.7100, 1.1382 -4.0957 2.7100, 1.4509 -3.5480 2.7100, 2.4732 -3.8527 2.7100, 2.6148 -3.6691 2.7100, 2.5933 -3.6632 2.7100, 3.0990 -3.4068 2.7100, 3.0853 -3.4060 2.7100, 3.0032 -3.6072 2.7100, 3.2298 -4.0375 2.7100, 3.2120 -4.0760 2.7100, 3.4550 -4.2334 2.7100, 2.4195 -4.1253 2.7100, 2.0474 -3.7244 2.7100, 2.1099 -3.8970 2.7100, 2.2318 -4.2342 2.7100, 1.3553 -4.2334 2.7100, -0.4212 -4.2374 2.7100, -0.5792 -3.0669 2.7100, -1.7733 -3.0670 2.7100, -1.7106 -3.0674 2.7100, -1.3050 -3.4581 2.7100, -1.3653 -3.6438 2.7100, -1.3448 -3.6570 2.7100, -1.8486 -4.2334 2.7100, -2.9997 -4.2342 2.7100, 4.5000 -4.6141 2.7100, 0.5549 -3.0669 2.7100, 1.4509 -3.5480 2.7100, 1.4898 -3.4443 2.7100, 2.4732 -3.8527 2.7100, 2.5933 -3.6632 2.7100, 2.5772 -3.6585 2.7100, 3.1179 -3.4071 2.7100, 3.0990 -3.4068 2.7100, 3.0032 -3.6072 2.7100, 3.2427 -3.9962 2.7100, 3.2298 -4.0375 2.7100, 3.4550 -4.2334 2.7100, 2.4487 -4.1531 2.7100, 2.4195 -4.1253 2.7100, 2.1099 -3.8970 2.7100, -0.5792 -3.0669 2.7100, -1.7106 -3.0674 2.7100, -1.6591 -3.0682 2.7100, -1.2990 -3.4359 2.7100, -1.3050 -3.4581 2.7100, -1.3448 -3.6570 2.7100, -1.7463 -4.2331 2.7100, -1.8486 -4.2334 2.7100, 4.5000 -4.6141 2.7100, 0.5549 -3.0669 2.7100, 1.4898 -3.4443 2.7100, 1.5254 -3.3494 2.7100, 2.4732 -3.8527 2.7100, 2.5772 -3.6585 2.7100, 2.5671 -3.6550 2.7100, 3.1718 -3.4072 2.7100, 3.1179 -3.4071 2.7100, 3.0032 -3.6072 2.7100, 3.2503 -3.9530 2.7100, 3.2427 -3.9962 2.7100, 3.4550 -4.2334 2.7100, 2.4817 -4.1787 2.7100, 2.4487 -4.1531 2.7100, 2.1099 -3.8970 2.7100, -0.5792 -3.0669 2.7100, -1.6591 -3.0682 2.7100, -1.6173 -3.0693 2.7100, -1.2990 -3.4359 2.7100, -1.3448 -3.6570 2.7100, -1.3267 -3.6707 2.7100, -1.6646 -4.2319 2.7100, -1.7463 -4.2331 2.7100, 4.5000 -4.6141 2.7100, 0.5549 -3.0669 2.7100, 1.5254 -3.3494 2.7100, 1.5569 -3.2657 2.7100, 2.4732 -3.8527 2.7100, 2.5671 -3.6550 2.7100, 2.5345 -3.6425 2.7100, 3.1927 -3.4067 2.7100, 3.1718 -3.4072 2.7100, 3.0032 -3.6072 2.7100, 3.2525 -3.9083 2.7100, 3.2503 -3.9530 2.7100, 3.4550 -4.2334 2.7100, 2.4817 -4.1787 2.7100, 2.1099 -3.8970 2.7100, 2.1629 -4.0436 2.7100, -0.5792 -3.0669 2.7100, -1.6173 -3.0693 2.7100, -1.5839 -3.0709 2.7100, -1.2948 -3.4105 2.7100, -1.2990 -3.4359 2.7100, -1.3267 -3.6707 2.7100, -1.5998 -4.2295 2.7100, -1.6646 -4.2319 2.7100, 4.5000 -4.6141 2.7100, 0.5549 -3.0669 2.7100, 1.5569 -3.2657 2.7100, 1.5833 -3.1954 2.7100, 2.4732 -3.8527 2.7100, 2.5345 -3.6425 2.7100, 2.5057 -3.6291 2.7100, 3.2070 -3.4046 2.7100, 3.1927 -3.4067 2.7100, 3.0032 -3.6072 2.7100, 3.2493 -3.8630 2.7100, 3.2525 -3.9083 2.7100, 3.4550 -4.2334 2.7100, 2.5177 -4.2018 2.7100, 2.4817 -4.1787 2.7100, 2.1629 -4.0436 2.7100, -0.5792 -3.0669 2.7100, -1.5839 -3.0709 2.7100, -1.5574 -3.0730 2.7100, -1.2948 -3.4105 2.7100, -1.3267 -3.6707 2.7100, -1.3106 -3.6852 2.7100, -1.5488 -4.2255 2.7100, -1.5998 -4.2295 2.7100, 4.5000 -4.6141 2.7100, 0.5549 -3.0669 2.7100, 1.5833 -3.1954 2.7100, 1.6038 -3.1409 2.7100, 2.4732 -3.8527 2.7100, 2.5057 -3.6291 2.7100, 2.4803 -3.6147 2.7100, 3.2155 -3.3998 2.7100, 3.2070 -3.4046 2.7100, 3.0032 -3.6072 2.7100, 3.2403 -3.8178 2.7100, 3.2493 -3.8630 2.7100, 3.4550 -4.2334 2.7100, 2.5561 -4.2218 2.7100, 2.5177 -4.2018 2.7100, 2.1629 -4.0436 2.7100, -0.5792 -3.0669 2.7100, -1.5574 -3.0730 2.7100, -1.5365 -3.0757 2.7100, -1.2925 -3.3829 2.7100, -1.2948 -3.4105 2.7100, -1.3106 -3.6852 2.7100, -1.5080 -4.2196 2.7100, -1.5488 -4.2255 2.7100, 4.5000 -4.6141 2.7100, 0.5549 -3.0669 2.7100, 1.6038 -3.1409 2.7100, 1.6234 -3.0887 2.7100, 2.4732 -3.8527 2.7100, 2.4803 -3.6147 2.7100, 2.4580 -3.5989 2.7100, 3.2155 -3.3998 2.7100, 3.0032 -3.6072 2.7100, 3.0602 -3.6270 2.7100, 3.2260 -3.7747 2.7100, 3.2403 -3.8178 2.7100, 3.4550 -4.2334 2.7100, 2.5561 -4.2218 2.7100, 2.1629 -4.0436 2.7100, 2.2002 -4.1467 2.7100, -0.5792 -3.0669 2.7100, -1.5365 -3.0757 2.7100, -1.5197 -3.0790 2.7100, -1.2925 -3.3829 2.7100, -1.3106 -3.6852 2.7100, -1.2963 -3.7006 2.7100, -1.4742 -4.2115 2.7100, -1.5080 -4.2196 2.7100, 4.5000 -4.6141 2.7100, 0.5549 -3.0669 2.7100, 1.6234 -3.0887 2.7100, 1.6323 -3.0669 2.7100, 1.8123 -3.0766 2.7100, 2.4732 -3.8527 2.7100, 2.4580 -3.5989 2.7100, 3.2155 -3.3998 2.7100, 3.0602 -3.6270 2.7100, 3.1083 -3.6493 2.7100, 3.2260 -3.7747 2.7100, 3.4550 -4.2334 2.7100, 3.4550 -3.6501 2.7100, 2.5960 -4.2381 2.7100, 2.5561 -4.2218 2.7100, 2.2002 -4.1467 2.7100, -0.5792 -3.0669 2.7100, -1.5197 -3.0790 2.7100, -1.4820 -3.0901 2.7100, -1.2921 -3.3544 2.7100, -1.2925 -3.3829 2.7100, -1.2963 -3.7006 2.7100, -1.4438 -4.2008 2.7100, -1.4742 -4.2115 2.7100, 4.5000 -4.6141 2.7100, 1.8086 -3.0734 2.7100, 1.8123 -3.0766 2.7100, 2.4580 -3.5989 2.7100, 3.2193 -3.3912 2.7100, 3.2155 -3.3998 2.7100, 3.1083 -3.6493 2.7100, 3.2064 -3.7369 2.7100, 3.2260 -3.7747 2.7100, 3.4550 -3.6501 2.7100, 2.6368 -4.2504 2.7100, 2.5960 -4.2381 2.7100, 2.2002 -4.1467 2.7100, -0.5792 -3.0669 2.7100, -1.4820 -3.0901 2.7100, -1.4471 -3.1043 2.7100, -1.2921 -3.3544 2.7100, -1.2963 -3.7006 2.7100, -1.2836 -3.7173 2.7100, -1.4136 -4.1872 2.7100, -1.4438 -4.2008 2.7100, 4.5000 -4.6141 2.7100, 1.8086 -3.0734 2.7100, 2.4580 -3.5989 2.7100, 2.4385 -3.5815 2.7100, 3.2193 -3.3912 2.7100, 3.1083 -3.6493 2.7100, 3.1483 -3.6747 2.7100, 3.1807 -3.7037 2.7100, 3.2064 -3.7369 2.7100, 3.4550 -3.6501 2.7100, 2.6368 -4.2504 2.7100, 2.2002 -4.1467 2.7100, 2.2318 -4.2342 2.7100, -0.5792 -3.0669 2.7100, -1.4471 -3.1043 2.7100, -1.4154 -3.1215 2.7100, -1.2921 -3.3544 2.7100, -1.2836 -3.7173 2.7100, -1.2720 -3.7355 2.7100, 1.8086 -3.0734 2.7100, 2.4385 -3.5815 2.7100, 2.4216 -3.5623 2.7100, 3.2193 -3.3912 2.7100, 3.1483 -3.6747 2.7100, 3.1807 -3.7037 2.7100, 3.1807 -3.7037 2.7100, 3.4550 -3.6501 2.7100, 3.4550 -3.0669 2.7100, 2.6665 -4.2556 2.7100, 2.6368 -4.2504 2.7100, 2.2318 -4.2342 2.7100, -0.5776 -3.6518 2.7100, -0.5792 -3.0669 2.7100, -1.4154 -3.1215 2.7100, -1.2934 -3.3257 2.7100, -1.2921 -3.3544 2.7100, -1.2720 -3.7355 2.7100, 1.8086 -3.0734 2.7100, 2.4216 -3.5623 2.7100, 2.4068 -3.5409 2.7100, 3.2193 -3.3912 2.7100, 3.1807 -3.7037 2.7100, 3.4550 -3.0669 2.7100, 2.7045 -4.2592 2.7100, 2.6665 -4.2556 2.7100, 2.2318 -4.2342 2.7100, -0.5776 -3.6518 2.7100, -1.4154 -3.1215 2.7100, -1.3870 -3.1417 2.7100, -1.2934 -3.3257 2.7100, -1.2720 -3.7355 2.7100, -1.2613 -3.7554 2.7100, 1.8086 -3.0734 2.7100, 2.4068 -3.5409 2.7100, 2.3938 -3.5173 2.7100, 3.2193 -3.3777 2.7100, 3.2193 -3.3912 2.7100, 3.4550 -3.0669 2.7100, 2.7045 -4.2592 2.7100, 2.2318 -4.2342 2.7100, -0.4212 -4.2374 2.7100, -0.5776 -3.6518 2.7100, -1.3870 -3.1417 2.7100, -1.3619 -3.1648 2.7100, -1.2934 -3.3257 2.7100, -1.2613 -3.7554 2.7100, -1.2548 -3.7695 2.7100, 0.1499 -3.7068 2.7100, -0.4188 -3.9717 2.7100, -0.4212 -4.2374 2.7100, -0.4212 -4.2374 2.7100, 0.3929 -4.2334 2.7100, 0.3929 -3.6501 2.7100, 1.8086 -3.0734 2.7100, 2.3938 -3.5173 2.7100, 2.3862 -3.5014 2.7100, 3.2166 -3.3583 2.7100, 3.2193 -3.3777 2.7100, 3.4550 -3.0669 2.7100, 2.7481 -4.2612 2.7100, 2.7045 -4.2592 2.7100, -0.4212 -4.2374 2.7100, -0.5776 -3.6518 2.7100, -1.3619 -3.1648 2.7100, -1.3403 -3.1906 2.7100, -1.2934 -3.3257 2.7100, -1.2548 -3.7695 2.7100, -1.2497 -3.7821 2.7100, 0.1499 -3.7068 2.7100, -0.4212 -4.2374 2.7100, 0.3929 -3.6501 2.7100, 1.8086 -3.0734 2.7100, 2.3862 -3.5014 2.7100, 2.3803 -3.4875 2.7100, 3.2120 -3.3318 2.7100, 3.2166 -3.3583 2.7100, 3.4550 -3.0669 2.7100, 2.7481 -4.2612 2.7100, -0.4212 -4.2374 2.7100, -0.5752 -4.2374 2.7100, -0.5752 -4.2374 2.7100, -0.5776 -3.6518 2.7100, -1.3403 -3.1906 2.7100, -1.2934 -3.3257 2.7100, -1.2497 -3.7821 2.7100, -1.2458 -3.7944 2.7100, 0.2317 -3.2127 2.7100, 0.1499 -3.7068 2.7100, 0.3929 -3.6501 2.7100, 1.8086 -3.0734 2.7100, 2.3803 -3.4875 2.7100, 2.3759 -3.4749 2.7100, 3.2008 -3.2827 2.7100, 3.2120 -3.3318 2.7100, 3.4550 -3.0669 2.7100, 2.7945 -4.2615 2.7100, 2.7481 -4.2612 2.7100, -0.5752 -4.2374 2.7100, -0.5752 -4.2374 2.7100, -1.3403 -3.1906 2.7100, -1.3224 -3.2190 2.7100, -1.2934 -3.3257 2.7100, -1.2458 -3.7944 2.7100, -1.2431 -3.8074 2.7100, 0.2293 -3.1414 2.7100, 0.2317 -3.2127 2.7100, 0.3929 -3.6501 2.7100, 1.8086 -3.0734 2.7100, 2.3759 -3.4749 2.7100, 2.3727 -3.4623 2.7100, 3.1836 -3.2382 2.7100, 3.2008 -3.2827 2.7100, 3.4550 -3.0669 2.7100, -0.5752 -4.2374 2.7100, -1.3224 -3.2190 2.7100, -1.3083 -3.2500 2.7100, -1.2934 -3.3257 2.7100, -1.2431 -3.8074 2.7100, -1.2412 -3.8223 2.7100, 0.2268 -3.0709 2.7100, 0.2293 -3.1414 2.7100, 0.3929 -3.6501 2.7100, 1.8086 -3.0734 2.7100, 2.3727 -3.4623 2.7100, 2.3706 -3.4489 2.7100, 3.1603 -3.1981 2.7100, 3.1836 -3.2382 2.7100, 3.4550 -3.0669 2.7100, -0.5752 -4.2374 2.7100, -1.3083 -3.2500 2.7100, -1.3016 -3.2725 2.7100, 0.2268 -3.0709 2.7100, 0.3929 -3.6501 2.7100, 0.3929 -3.0669 2.7100, 1.8086 -3.0734 2.7100, 2.3706 -3.4489 2.7100, 2.3694 -3.4336 2.7100, 3.1308 -3.1623 2.7100, 3.1603 -3.1981 2.7100, 3.4550 -3.0669 2.7100, -0.5752 -4.2374 2.7100, -1.3016 -3.2725 2.7100, -1.2966 -3.2981 2.7100, -0.1766 -3.0685 2.7100, 0.2268 -3.0709 2.7100, 0.3929 -3.0669 2.7100, 1.8086 -3.0734 2.7100, 2.3694 -3.4336 2.7100, 2.3688 -3.4154 2.7100, 3.0949 -3.1306 2.7100, 3.1308 -3.1623 2.7100, 3.4550 -3.0669 2.7100, -0.5752 -4.2374 2.7100, -1.2966 -3.2981 2.7100, -1.2934 -3.3257 2.7100, 4.5000 -2.9859 2.7100, -0.1766 -3.0685 2.7100, 0.3929 -3.0669 2.7100, 1.8086 -3.0734 2.7100, 2.3688 -3.4154 2.7100, 2.3687 -3.3933 2.7100, 3.0527 -3.1030 2.7100, 3.0949 -3.1306 2.7100, 3.4550 -3.0669 2.7100, -0.5752 -4.2374 2.7100, -1.2934 -3.3257 2.7100, -1.2412 -3.8223 2.7100, 4.5000 -2.9859 2.7100, 0.3929 -3.0669 2.7100, 0.4739 -3.0669 2.7100, 1.8086 -3.0734 2.7100, 2.3687 -3.3933 2.7100, 2.3739 -3.3256 2.7100, 3.0040 -3.0794 2.7100, 3.0527 -3.1030 2.7100, 3.4550 -3.0669 2.7100, -0.5752 -4.2374 2.7100, -1.2412 -3.8223 2.7100, -1.2401 -3.8401 2.7100, 4.5000 -2.9859 2.7100, 0.4739 -3.0669 2.7100, 0.5549 -3.0669 2.7100, 1.8086 -3.0734 2.7100, 2.3739 -3.3256 2.7100, 2.3893 -3.2640 2.7100, 2.9487 -3.0596 2.7100, 3.0040 -3.0794 2.7100, 3.4550 -3.0669 2.7100, -0.5752 -4.2374 2.7100, -1.2401 -3.8401 2.7100, -1.2396 -3.8620 2.7100, 4.5000 -2.9859 2.7100, 0.5549 -3.0669 2.7100, 1.6323 -3.0669 2.7100, 1.8028 -3.0710 2.7100, 1.8086 -3.0734 2.7100, 2.3893 -3.2640 2.7100, 2.9215 -3.0526 2.7100, 2.9487 -3.0596 2.7100, 3.4550 -3.0669 2.7100, -0.5752 -4.2374 2.7100, -1.2396 -3.8620 2.7100, -1.2394 -3.8891 2.7100, 4.5000 -2.9859 2.7100, 1.6323 -3.0669 2.7100, 1.7206 -3.0669 2.7100, 1.8028 -3.0710 2.7100, 2.3893 -3.2640 2.7100, 2.4147 -3.2090 2.7100, 2.8891 -3.0468 2.7100, 2.9215 -3.0526 2.7100, 3.4550 -3.0669 2.7100, -0.5752 -4.2374 2.7100, -1.2394 -3.8891 2.7100, -1.2395 -3.9171 2.7100, 1.8028 -3.0710 2.7100, 2.4147 -3.2090 2.7100, 2.4498 -3.1608 2.7100, 2.8531 -3.0423 2.7100, 2.8891 -3.0468 2.7100, 3.4550 -3.0669 2.7100, -0.5752 -4.2374 2.7100, -1.2395 -3.9171 2.7100, -1.2401 -3.9395 2.7100, 1.7943 -3.0692 2.7100, 1.8028 -3.0710 2.7100, 2.4498 -3.1608 2.7100, 2.8154 -3.0392 2.7100, 2.8531 -3.0423 2.7100, 3.4550 -3.0669 2.7100, -0.5752 -4.2374 2.7100, -1.2401 -3.9395 2.7100, -1.2412 -3.9577 2.7100, 1.7943 -3.0692 2.7100, 2.4498 -3.1608 2.7100, 2.4943 -3.1198 2.7100, 2.8154 -3.0392 2.7100, 3.4550 -3.0669 2.7100, 3.5320 -3.0669 2.7100, -0.5752 -4.2374 2.7100, -1.2412 -3.9577 2.7100, -1.2433 -3.9730 2.7100, 1.7825 -3.0680 2.7100, 1.7943 -3.0692 2.7100, 2.4943 -3.1198 2.7100, 2.7778 -3.0376 2.7100, 2.8154 -3.0392 2.7100, 3.5320 -3.0669 2.7100, -0.5752 -4.2374 2.7100, -1.2433 -3.9730 2.7100, -1.2465 -3.9867 2.7100, 1.7825 -3.0680 2.7100, 2.4943 -3.1198 2.7100, 2.5481 -3.0862 2.7100, 2.7778 -3.0376 2.7100, 3.5320 -3.0669 2.7100, 3.6089 -3.0669 2.7100, -0.5752 -4.2374 2.7100, -1.2465 -3.9867 2.7100, -1.2510 -4.0003 2.7100, 1.7667 -3.0673 2.7100, 1.7825 -3.0680 2.7100, 2.5481 -3.0862 2.7100, 2.7778 -3.0376 2.7100, 3.6089 -3.0669 2.7100, 4.2165 -3.0669 2.7100, -0.5752 -4.2374 2.7100, -1.2510 -4.0003 2.7100, -1.2573 -4.0151 2.7100, 1.7667 -3.0673 2.7100, 2.5481 -3.0862 2.7100, 2.6108 -3.0604 2.7100, 2.7778 -3.0376 2.7100, 4.2165 -3.0669 2.7100, 4.2975 -3.0669 2.7100, -0.5752 -4.2374 2.7100, -1.2573 -4.0151 2.7100, -1.2653 -4.0325 2.7100, 1.7463 -3.0670 2.7100, 1.7667 -3.0673 2.7100, 2.6108 -3.0604 2.7100, 2.7778 -3.0376 2.7100, 4.2975 -3.0669 2.7100, 4.3785 -3.0669 2.7100, -0.5752 -4.2374 2.7100, -1.2653 -4.0325 2.7100, -1.2783 -4.0570 2.7100, 1.7206 -3.0669 2.7100, 1.7463 -3.0670 2.7100, 2.6108 -3.0604 2.7100, -0.5752 -4.2374 2.7100, -1.2783 -4.0570 2.7100, -1.2933 -4.0805 2.7100, 1.7206 -3.0669 2.7100, 2.6108 -3.0604 2.7100, 2.6822 -3.0426 2.7100, -0.5752 -4.2374 2.7100, -1.2933 -4.0805 2.7100, -1.3101 -4.1027 2.7100, 1.7206 -3.0669 2.7100, 2.6822 -3.0426 2.7100, 2.7094 -3.0392 2.7100, -0.5752 -4.2374 2.7100, -1.3101 -4.1027 2.7100, -1.3285 -4.1235 2.7100, 1.7206 -3.0669 2.7100, 2.7094 -3.0392 2.7100, 2.7418 -3.0376 2.7100, -0.5752 -4.2374 2.7100, -1.3285 -4.1235 2.7100, -1.3483 -4.1426 2.7100, 4.5000 -2.9859 2.7100, 1.7206 -3.0669 2.7100, 2.7418 -3.0376 2.7100, -0.5752 -4.2374 2.7100, -1.3483 -4.1426 2.7100, -1.3692 -4.1597 2.7100, 4.5000 -2.9859 2.7100, 2.7418 -3.0376 2.7100, 2.7778 -3.0376 2.7100, -0.5752 -4.2374 2.7100, -1.3692 -4.1597 2.7100, -1.3911 -4.1747 2.7100, 4.5000 -2.9859 2.7100, 2.7778 -3.0376 2.7100, 4.3785 -3.0669 2.7100, -0.5752 -4.2374 2.7100, -1.3911 -4.1747 2.7100, -1.4136 -4.1872 2.7100, 4.5000 -4.6141 2.7100, 4.5000 -2.9859 2.7100, 4.3785 -3.0669 2.7100, -0.5752 -4.2374 2.7100, -1.4136 -4.1872 2.7100, 4.5000 -4.6141 2.7100, 4.5000 -4.6141 2.7100, 4.3785 -3.0669 2.7100, 4.3785 -3.6501 2.7100, 2.7945 -4.2615 2.7100, -0.5752 -4.2374 2.7100, 4.5000 -4.6141 2.7100, 4.5000 -4.6141 2.7100, 4.3785 -3.6501 2.7100, 4.3785 -4.2334 2.7100, 4.3785 -4.2334 2.7100, 2.7945 -4.2615 2.7100, 4.5000 -4.6141 2.7100, ] }
          coordIndex [ 0, 1, 2, -1, 3, 4, 5, -1, 6, 7, 8, -1, 9, 10, 11, -1, 12, 13, 14, -1, 15, 16, 17, -1, 18, 19, 20, -1, 21, 22, 23, -1, 24, 25, 26, -1, 27, 28, 29, -1, 30, 31, 32, -1, 33, 34, 35, -1, 36, 37, 38, -1, 39, 40, 41, -1, 42, 43, 44, -1, 45, 46, 47, -1, 48, 49, 50, -1, 51, 52, 53, -1, 54, 55, 56, -1, 57, 58, 59, -1, 60, 61, 62, -1, 63, 64, 65, -1, 66, 67, 68, -1, 69, 70, 71, -1, 72, 73, 74, -1, 75, 76, 77, -1, 78, 79, 80, -1, 81, 82, 83, -1, 84, 85, 86, -1, 87, 88, 89, -1, 90, 91, 92, -1, 93, 94, 95, -1, 96, 97, 98, -1, 99, 100, 101, -1, 102, 103, 104, -1, 105, 106, 107, -1, 108, 109, 110, -1, 111, 112, 113, -1, 114, 115, 116, -1, 117, 118, 119, -1, 120, 121, 122, -1, 123, 124, 125, -1, 126, 127, 128, -1, 129, 130, 131, -1, 132, 133, 134, -1, 135, 136, 137, -1, 138, 139, 140, -1, 141, 142, 143, -1, 144, 145, 146, -1, 147, 148, 149, -1, 150, 151, 152, -1, 153, 154, 155, -1, 156, 157, 158, -1, 159, 160, 161, -1, 162, 163, 164, -1, 165, 166, 167, -1, 168, 169, 170, -1, 171, 172, 173, -1, 174, 175, 176, -1, 177, 178, 179, -1, 180, 181, 182, -1, 183, 184, 185, -1, 186, 187, 188, -1, 189, 190, 191, -1, 192, 193, 194, -1, 195, 196, 197, -1, 198, 199, 200, -1, 201, 202, 203, -1, 204, 205, 206, -1, 207, 208, 209, -1, 210, 211, 212, -1, 213, 214, 215, -1, 216, 217, 218, -1, 219, 220, 221, -1, 222, 223, 224, -1, 225, 226, 227, -1, 228, 229, 230, -1, 231, 232, 233, -1, 234, 235, 236, -1, 237, 238, 239, -1, 240, 241, 242, -1, 243, 244, 245, -1, 246, 247, 248, -1, 249, 250, 251, -1, 252, 253, 254, -1, 255, 256, 257, -1, 258, 259, 260, -1, 261, 262, 263, -1, 264, 265, 266, -1, 267, 268, 269, -1, 270, 271, 272, -1, 273, 274, 275, -1, 276, 277, 278, -1, 279, 280, 281, -1, 282, 283, 284, -1, 285, 286, 287, -1, 288, 289, 290, -1, 291, 292, 293, -1, 294, 295, 296, -1, 297, 298, 299, -1, 300, 301, 302, -1, 303, 304, 305, -1, 306, 307, 308, -1, 309, 310, 311, -1, 312, 313, 314, -1, 315, 316, 317, -1, 318, 319, 320, -1, 321, 322, 323, -1, 324, 325, 326, -1, 327, 328, 329, -1, 330, 331, 332, -1, 333, 334, 335, -1, 336, 337, 338, -1, 339, 340, 341, -1, 342, 343, 344, -1, 345, 346, 347, -1, 348, 349, 350, -1, 351, 352, 353, -1, 354, 355, 356, -1, 357, 358, 359, -1, 360, 361, 362, -1, 363, 364, 365, -1, 366, 367, 368, -1, 369, 370, 371, -1, 372, 373, 374, -1, 375, 376, 377, -1, 378, 379, 380, -1, 381, 382, 383, -1, 384, 385, 386, -1, 387, 388, 389, -1, 390, 391, 392, -1, 393, 394, 395, -1, 396, 397, 398, -1, 399, 400, 401, -1, 402, 403, 404, -1, 405, 406, 407, -1, 408, 409, 410, -1, 411, 412, 413, -1, 414, 415, 416, -1, 417, 418, 419, -1, 420, 421, 422, -1, 423, 424, 425, -1, 426, 427, 428, -1, 429, 430, 431, -1, 432, 433, 434, -1, 435, 436, 437, -1, 438, 439, 440, -1, 441, 442, 443, -1, 444, 445, 446, -1, 447, 448, 449, -1, 450, 451, 452, -1, 453, 454, 455, -1, 456, 457, 458, -1, 459, 460, 461, -1, 462, 463, 464, -1, 465, 466, 467, -1, 468, 469, 470, -1, 471, 472, 473, -1, 474, 475, 476, -1, 477, 478, 479, -1, 480, 481, 482, -1, 483, 484, 485, -1, 486, 487, 488, -1, 489, 490, 491, -1, 492, 493, 494, -1, 495, 496, 497, -1, 498, 499, 500, -1, 501, 502, 503, -1, 504, 505, 506, -1, 507, 508, 509, -1, 510, 511, 512, -1, 513, 514, 515, -1, 516, 517, 518, -1, 519, 520, 521, -1, 522, 523, 524, -1, 525, 526, 527, -1, 528, 529, 530, -1, 531, 532, 533, -1, 534, 535, 536, -1, 537, 538, 539, -1, 540, 541, 542, -1, 543, 544, 545, -1, 546, 547, 548, -1, 549, 550, 551, -1, 552, 553, 554, -1, 555, 556, 557, -1, 558, 559, 560, -1, 561, 562, 563, -1, 564, 565, 566, -1, 567, 568, 569, -1, 570, 571, 572, -1, 573, 574, 575, -1, 576, 577, 578, -1, 579, 580, 581, -1, 582, 583, 584, -1, 585, 586, 587, -1, 588, 589, 590, -1, 591, 592, 593, -1, 594, 595, 596, -1, 597, 598, 599, -1, 600, 601, 602, -1, 603, 604, 605, -1, 606, 607, 608, -1, 609, 610, 611, -1, 612, 613, 614, -1, 615, 616, 617, -1, 618, 619, 620, -1, 621, 622, 623, -1, 624, 625, 626, -1, 627, 628, 629, -1, 630, 631, 632, -1, 633, 634, 635, -1, 636, 637, 638, -1, 639, 640, 641, -1, 642, 643, 644, -1, 645, 646, 647, -1, 648, 649, 650, -1, 651, 652, 653, -1, 654, 655, 656, -1, 657, 658, 659, -1, 660, 661, 662, -1, 663, 664, 665, -1, 666, 667, 668, -1, 669, 670, 671, -1, 672, 673, 674, -1, 675, 676, 677, -1, 678, 679, 680, -1, 681, 682, 683, -1, 684, 685, 686, -1, 687, 688, 689, -1, 690, 691, 692, -1, 693, 694, 695, -1, 696, 697, 698, -1, 699, 700, 701, -1, 702, 703, 704, -1, 705, 706, 707, -1, 708, 709, 710, -1, 711, 712, 713, -1, 714, 715, 716, -1, 717, 718, 719, -1, 720, 721, 722, -1, 723, 724, 725, -1, 726, 727, 728, -1, 729, 730, 731, -1, 732, 733, 734, -1, 735, 736, 737, -1, 738, 739, 740, -1, 741, 742, 743, -1, 744, 745, 746, -1, 747, 748, 749, -1, 750, 751, 752, -1, 753, 754, 755, -1, 756, 757, 758, -1, 759, 760, 761, -1, 762, 763, 764, -1, 765, 766, 767, -1, 768, 769, 770, -1, 771, 772, 773, -1, 774, 775, 776, -1, 777, 778, 779, -1, 780, 781, 782, -1, 783, 784, 785, -1, 786, 787, 788, -1, 789, 790, 791, -1, 792, 793, 794, -1, 795, 796, 797, -1, 798, 799, 800, -1, 801, 802, 803, -1, 804, 805, 806, -1, 807, 808, 809, -1, 810, 811, 812, -1, 813, 814, 815, -1, 816, 817, 818, -1, 819, 820, 821, -1, 822, 823, 824, -1, 825, 826, 827, -1, 828, 829, 830, -1, 831, 832, 833, -1, 834, 835, 836, -1, 837, 838, 839, -1, 840, 841, 842, -1, 843, 844, 845, -1, 846, 847, 848, -1, 849, 850, 851, -1, 852, 853, 854, -1, 855, 856, 857, -1, 858, 859, 860, -1, 861, 862, 863, -1, 864, 865, 866, -1, 867, 868, 869, -1, 870, 871, 872, -1, 873, 874, 875, -1, 876, 877, 878, -1, 879, 880, 881, -1, 882, 883, 884, -1, 885, 886, 887, -1, 888, 889, 890, -1, 891, 892, 893, -1, 894, 895, 896, -1, 897, 898, 899, -1, 900, 901, 902, -1, 903, 904, 905, -1, 906, 907, 908, -1, 909, 910, 911, -1, 912, 913, 914, -1, 915, 916, 917, -1, 918, 919, 920, -1, 921, 922, 923, -1, 924, 925, 926, -1, 927, 928, 929, -1, 930, 931, 932, -1, 933, 934, 935, -1, 936, 937, 938, -1, 939, 940, 941, -1, 942, 943, 944, -1, 945, 946, 947, -1, 948, 949, 950, -1, 951, 952, 953, -1, 954, 955, 956, -1, 957, 958, 959, -1, 960, 961, 962, -1, 963, 964, 965, -1, 966, 967, 968, -1, 969, 970, 971, -1, 972, 973, 974, -1, 975, 976, 977, -1, 978, 979, 980, -1, 981, 982, 983, -1, 984, 985, 986, -1, 987, 988, 989, -1, 990, 991, 992, -1, 993, 994, 995, -1, 996, 997, 998, -1, 999, 1000, 1001, -1, 1002, 1003, 1004, -1, 1005, 1006, 1007, -1, 1008, 1009, 1010, -1, 1011, 1012, 1013, -1, 1014, 1015, 1016, -1, 1017, 1018, 1019, -1, 1020, 1021, 1022, -1, 1023, 1024, 1025, -1, 1026, 1027, 1028, -1, 1029, 1030, 1031, -1, 1032, 1033, 1034, -1, 1035, 1036, 1037, -1, 1038, 1039, 1040, -1, 1041, 1042, 1043, -1, 1044, 1045, 1046, -1, 1047, 1048, 1049, -1, 1050, 1051, 1052, -1, 1053, 1054, 1055, -1, 1056, 1057, 1058, -1, 1059, 1060, 1061, -1, 1062, 1063, 1064, -1, 1065, 1066, 1067, -1, 1068, 1069, 1070, -1, 1071, 1072, 1073, -1, 1074, 1075, 1076, -1, 1077, 1078, 1079, -1, 1080, 1081, 1082, -1, 1083, 1084, 1085, -1, 1086, 1087, 1088, -1, 1089, 1090, 1091, -1, 1092, 1093, 1094, -1, 1095, 1096, 1097, -1, 1098, 1099, 1100, -1, 1101, 1102, 1103, -1, 1104, 1105, 1106, -1, 1107, 1108, 1109, -1, 1110, 1111, 1112, -1, 1113, 1114, 1115, -1, 1116, 1117, 1118, -1, 1119, 1120, 1121, -1, 1122, 1123, 1124, -1, 1125, 1126, 1127, -1, 1128, 1129, 1130, -1, 1131, 1132, 1133, -1, 1134, 1135, 1136, -1, 1137, 1138, 1139, -1, 1140, 1141, 1142, -1, 1143, 1144, 1145, -1, 1146, 1147, 1148, -1, 1149, 1150, 1151, -1, 1152, 1153, 1154, -1, 1155, 1156, 1157, -1, 1158, 1159, 1160, -1, 1161, 1162, 1163, -1, 1164, 1165, 1166, -1, 1167, 1168, 1169, -1, 1170, 1171, 1172, -1, 1173, 1174, 1175, -1, 1176, 1177, 1178, -1, 1179, 1180, 1181, -1, 1182, 1183, 1184, -1, 1185, 1186, 1187, -1, 1188, 1189, 1190, -1, 1191, 1192, 1193, -1, 1194, 1195, 1196, -1, 1197, 1198, 1199, -1, 1200, 1201, 1202, -1, 1203, 1204, 1205, -1, 1206, 1207, 1208, -1, 1209, 1210, 1211, -1, 1212, 1213, 1214, -1, 1215, 1216, 1217, -1, 1218, 1219, 1220, -1, 1221, 1222, 1223, -1, 1224, 1225, 1226, -1, 1227, 1228, 1229, -1, 1230, 1231, 1232, -1, 1233, 1234, 1235, -1, 1236, 1237, 1238, -1, 1239, 1240, 1241, -1, 1242, 1243, 1244, -1, 1245, 1246, 1247, -1, 1248, 1249, 1250, -1, 1251, 1252, 1253, -1, 1254, 1255, 1256, -1, 1257, 1258, 1259, -1, 1260, 1261, 1262, -1, 1263, 1264, 1265, -1, 1266, 1267, 1268, -1, 1269, 1270, 1271, -1, 1272, 1273, 1274, -1, 1275, 1276, 1277, -1, 1278, 1279, 1280, -1, 1281, 1282, 1283, -1, 1284, 1285, 1286, -1, 1287, 1288, 1289, -1, 1290, 1291, 1292, -1, 1293, 1294, 1295, -1, 1296, 1297, 1298, -1, 1299, 1300, 1301, -1, 1302, 1303, 1304, -1, 1305, 1306, 1307, -1, 1308, 1309, 1310, -1, 1311, 1312, 1313, -1, 1314, 1315, 1316, -1, 1317, 1318, 1319, -1, 1320, 1321, 1322, -1, 1323, 1324, 1325, -1, 1326, 1327, 1328, -1, 1329, 1330, 1331, -1, 1332, 1333, 1334, -1, 1335, 1336, 1337, -1, 1338, 1339, 1340, -1, 1341, 1342, 1343, -1, 1344, 1345, 1346, -1, 1347, 1348, 1349, -1, 1350, 1351, 1352, -1, 1353, 1354, 1355, -1, 1356, 1357, 1358, -1, 1359, 1360, 1361, -1, 1362, 1363, 1364, -1, 1365, 1366, 1367, -1, 1368, 1369, 1370, -1, 1371, 1372, 1373, -1, 1374, 1375, 1376, -1, 1377, 1378, 1379, -1, 1380, 1381, 1382, -1, 1383, 1384, 1385, -1, 1386, 1387, 1388, -1, 1389, 1390, 1391, -1, 1392, 1393, 1394, -1, 1395, 1396, 1397, -1, 1398, 1399, 1400, -1, 1401, 1402, 1403, -1, 1404, 1405, 1406, -1, 1407, 1408, 1409, -1, 1410, 1411, 1412, -1, 1413, 1414, 1415, -1, 1416, 1417, 1418, -1, 1419, 1420, 1421, -1, 1422, 1423, 1424, -1, 1425, 1426, 1427, -1, 1428, 1429, 1430, -1, 1431, 1432, 1433, -1, 1434, 1435, 1436, -1, 1437, 1438, 1439, -1, 1440, 1441, 1442, -1, 1443, 1444, 1445, -1, 1446, 1447, 1448, -1, 1449, 1450, 1451, -1, 1452, 1453, 1454, -1, 1455, 1456, 1457, -1, 1458, 1459, 1460, -1, 1461, 1462, 1463, -1, 1464, 1465, 1466, -1, 1467, 1468, 1469, -1, 1470, 1471, 1472, -1, 1473, 1474, 1475, -1, 1476, 1477, 1478, -1, 1479, 1480, 1481, -1, 1482, 1483, 1484, -1, 1485, 1486, 1487, -1, 1488, 1489, 1490, -1, 1491, 1492, 1493, -1, 1494, 1495, 1496, -1, 1497, 1498, 1499, -1, 1500, 1501, 1502, -1, 1503, 1504, 1505, -1, 1506, 1507, 1508, -1, 1509, 1510, 1511, -1, 1512, 1513, 1514, -1, 1515, 1516, 1517, -1, 1518, 1519, 1520, -1, 1521, 1522, 1523, -1, 1524, 1525, 1526, -1, 1527, 1528, 1529, -1, 1530, 1531, 1532, -1, 1533, 1534, 1535, -1, 1536, 1537, 1538, -1, 1539, 1540, 1541, -1, 1542, 1543, 1544, -1, 1545, 1546, 1547, -1, 1548, 1549, 1550, -1, 1551, 1552, 1553, -1, 1554, 1555, 1556, -1, 1557, 1558, 1559, -1, 1560, 1561, 1562, -1, 1563, 1564, 1565, -1, 1566, 1567, 1568, -1, 1569, 1570, 1571, -1, 1572, 1573, 1574, -1, 1575, 1576, 1577, -1, 1578, 1579, 1580, -1, 1581, 1582, 1583, -1, 1584, 1585, 1586, -1, 1587, 1588, 1589, -1, 1590, 1591, 1592, -1, 1593, 1594, 1595, -1, 1596, 1597, 1598, -1, 1599, 1600, 1601, -1, 1602, 1603, 1604, -1, 1605, 1606, 1607, -1, 1608, 1609, 1610, -1, 1611, 1612, 1613, -1, 1614, 1615, 1616, -1, 1617, 1618, 1619, -1, 1620, 1621, 1622, -1, 1623, 1624, 1625, -1, 1626, 1627, 1628, -1, 1629, 1630, 1631, -1, 1632, 1633, 1634, -1, 1635, 1636, 1637, -1, 1638, 1639, 1640, -1, 1641, 1642, 1643, -1, 1644, 1645, 1646, -1, 1647, 1648, 1649, -1, 1650, 1651, 1652, -1, 1653, 1654, 1655, -1, 1656, 1657, 1658, -1, 1659, 1660, 1661, -1, 1662, 1663, 1664, -1, 1665, 1666, 1667, -1, 1668, 1669, 1670, -1, 1671, 1672, 1673, -1, 1674, 1675, 1676, -1, 1677, 1678, 1679, -1, 1680, 1681, 1682, -1, 1683, 1684, 1685, -1, 1686, 1687, 1688, -1, 1689, 1690, 1691, -1, 1692, 1693, 1694, -1, 1695, 1696, 1697, -1, 1698, 1699, 1700, -1, 1701, 1702, 1703, -1, 1704, 1705, 1706, -1, 1707, 1708, 1709, -1, 1710, 1711, 1712, -1, 1713, 1714, 1715, -1, 1716, 1717, 1718, -1, 1719, 1720, 1721, -1, 1722, 1723, 1724, -1, 1725, 1726, 1727, -1, 1728, 1729, 1730, -1, 1731, 1732, 1733, -1, 1734, 1735, 1736, -1, 1737, 1738, 1739, -1, 1740, 1741, 1742, -1, 1743, 1744, 1745, -1, 1746, 1747, 1748, -1, 1749, 1750, 1751, -1, 1752, 1753, 1754, -1, 1755, 1756, 1757, -1, 1758, 1759, 1760, -1, 1761, 1762, 1763, -1, 1764, 1765, 1766, -1, 1767, 1768, 1769, -1, 1770, 1771, 1772, -1, 1773, 1774, 1775, -1, 1776, 1777, 1778, -1, 1779, 1780, 1781, -1, 1782, 1783, 1784, -1, 1785, 1786, 1787, -1, 1788, 1789, 1790, -1, 1791, 1792, 1793, -1, 1794, 1795, 1796, -1, 1797, 1798, 1799, -1, 1800, 1801, 1802, -1, 1803, 1804, 1805, -1, 1806, 1807, 1808, -1, 1809, 1810, 1811, -1, 1812, 1813, 1814, -1, 1815, 1816, 1817, -1, 1818, 1819, 1820, -1, 1821, 1822, 1823, -1, 1824, 1825, 1826, -1, 1827, 1828, 1829, -1, 1830, 1831, 1832, -1, 1833, 1834, 1835, -1, 1836, 1837, 1838, -1, 1839, 1840, 1841, -1, 1842, 1843, 1844, -1, 1845, 1846, 1847, -1, 1848, 1849, 1850, -1, 1851, 1852, 1853, -1, 1854, 1855, 1856, -1, 1857, 1858, 1859, -1, 1860, 1861, 1862, -1, 1863, 1864, 1865, -1, 1866, 1867, 1868, -1, 1869, 1870, 1871, -1, 1872, 1873, 1874, -1, 1875, 1876, 1877, -1, 1878, 1879, 1880, -1, 1881, 1882, 1883, -1, 1884, 1885, 1886, -1, 1887, 1888, 1889, -1, 1890, 1891, 1892, -1, 1893, 1894, 1895, -1, 1896, 1897, 1898, -1, 1899, 1900, 1901, -1, 1902, 1903, 1904, -1, 1905, 1906, 1907, -1, 1908, 1909, 1910, -1, 1911, 1912, 1913, -1, 1914, 1915, 1916, -1, 1917, 1918, 1919, -1, 1920, 1921, 1922, -1, 1923, 1924, 1925, -1, 1926, 1927, 1928, -1, 1929, 1930, 1931, -1, 1932, 1933, 1934, -1, 1935, 1936, 1937, -1, 1938, 1939, 1940, -1, 1941, 1942, 1943, -1, 1944, 1945, 1946, -1, 1947, 1948, 1949, -1, 1950, 1951, 1952, -1, 1953, 1954, 1955, -1, 1956, 1957, 1958, -1, 1959, 1960, 1961, -1, 1962, 1963, 1964, -1, 1965, 1966, 1967, -1, 1968, 1969, 1970, -1, 1971, 1972, 1973, -1, 1974, 1975, 1976, -1, 1977, 1978, 1979, -1, 1980, 1981, 1982, -1, 1983, 1984, 1985, -1, 1986, 1987, 1988, -1, 1989, 1990, 1991, -1, 1992, 1993, 1994, -1, 1995, 1996, 1997, -1, 1998, 1999, 2000, -1, 2001, 2002, 2003, -1, 2004, 2005, 2006, -1, 2007, 2008, 2009, -1, 2010, 2011, 2012, -1, 2013, 2014, 2015, -1, 2016, 2017, 2018, -1, 2019, 2020, 2021, -1, 2022, 2023, 2024, -1, 2025, 2026, 2027, -1, 2028, 2029, 2030, -1, 2031, 2032, 2033, -1, 2034, 2035, 2036, -1, 2037, 2038, 2039, -1, 2040, 2041, 2042, -1, 2043, 2044, 2045, -1, 2046, 2047, 2048, -1, 2049, 2050, 2051, -1, 2052, 2053, 2054, -1, 2055, 2056, 2057, -1, 2058, 2059, 2060, -1, 2061, 2062, 2063, -1, 2064, 2065, 2066, -1, 2067, 2068, 2069, -1, 2070, 2071, 2072, -1, 2073, 2074, 2075, -1, 2076, 2077, 2078, -1, 2079, 2080, 2081, -1, 2082, 2083, 2084, -1, 2085, 2086, 2087, -1, 2088, 2089, 2090, -1, 2091, 2092, 2093, -1, 2094, 2095, 2096, -1, 2097, 2098, 2099, -1, 2100, 2101, 2102, -1, 2103, 2104, 2105, -1, 2106, 2107, 2108, -1, 2109, 2110, 2111, -1, 2112, 2113, 2114, -1, 2115, 2116, 2117, -1, 2118, 2119, 2120, -1, 2121, 2122, 2123, -1, 2124, 2125, 2126, -1, 2127, 2128, 2129, -1, 2130, 2131, 2132, -1, 2133, 2134, 2135, -1, 2136, 2137, 2138, -1, 2139, 2140, 2141, -1, 2142, 2143, 2144, -1, 2145, 2146, 2147, -1, 2148, 2149, 2150, -1, 2151, 2152, 2153, -1, 2154, 2155, 2156, -1, 2157, 2158, 2159, -1, 2160, 2161, 2162, -1, 2163, 2164, 2165, -1, 2166, 2167, 2168, -1, 2169, 2170, 2171, -1, 2172, 2173, 2174, -1, 2175, 2176, 2177, -1, 2178, 2179, 2180, -1, 2181, 2182, 2183, -1, 2184, 2185, 2186, -1, 2187, 2188, 2189, -1, 2190, 2191, 2192, -1, 2193, 2194, 2195, -1, 2196, 2197, 2198, -1, 2199, 2200, 2201, -1, 2202, 2203, 2204, -1, 2205, 2206, 2207, -1, 2208, 2209, 2210, -1, 2211, 2212, 2213, -1, 2214, 2215, 2216, -1, 2217, 2218, 2219, -1, 2220, 2221, 2222, -1, 2223, 2224, 2225, -1, 2226, 2227, 2228, -1, 2229, 2230, 2231, -1, 2232, 2233, 2234, -1, 2235, 2236, 2237, -1, 2238, 2239, 2240, -1, 2241, 2242, 2243, -1, 2244, 2245, 2246, -1, 2247, 2248, 2249, -1, 2250, 2251, 2252, -1, 2253, 2254, 2255, -1, 2256, 2257, 2258, -1, 2259, 2260, 2261, -1, 2262, 2263, 2264, -1, 2265, 2266, 2267, -1, 2268, 2269, 2270, -1, 2271, 2272, 2273, -1, 2274, 2275, 2276, -1, 2277, 2278, 2279, -1, 2280, 2281, 2282, -1, 2283, 2284, 2285, -1, 2286, 2287, 2288, -1, 2289, 2290, 2291, -1, 2292, 2293, 2294, -1, 2295, 2296, 2297, -1, 2298, 2299, 2300, -1, 2301, 2302, 2303, -1, 2304, 2305, 2306, -1, 2307, 2308, 2309, -1, 2310, 2311, 2312, -1, 2313, 2314, 2315, -1, 2316, 2317, 2318, -1, 2319, 2320, 2321, -1, 2322, 2323, 2324, -1, 2325, 2326, 2327, -1, 2328, 2329, 2330, -1, 2331, 2332, 2333, -1, 2334, 2335, 2336, -1, 2337, 2338, 2339, -1, 2340, 2341, 2342, -1, 2343, 2344, 2345, -1, 2346, 2347, 2348, -1, 2349, 2350, 2351, -1, 2352, 2353, 2354, -1, 2355, 2356, 2357, -1, 2358, 2359, 2360, -1, 2361, 2362, 2363, -1, 2364, 2365, 2366, -1, 2367, 2368, 2369, -1, 2370, 2371, 2372, -1, 2373, 2374, 2375, -1, 2376, 2377, 2378, -1, 2379, 2380, 2381, -1, 2382, 2383, 2384, -1, 2385, 2386, 2387, -1, 2388, 2389, 2390, -1, 2391, 2392, 2393, -1, 2394, 2395, 2396, -1, 2397, 2398, 2399, -1, 2400, 2401, 2402, -1, 2403, 2404, 2405, -1, 2406, 2407, 2408, -1, 2409, 2410, 2411, -1, 2412, 2413, 2414, -1, 2415, 2416, 2417, -1, 2418, 2419, 2420, -1, 2421, 2422, 2423, -1, 2424, 2425, 2426, -1, 2427, 2428, 2429, -1, 2430, 2431, 2432, -1, 2433, 2434, 2435, -1, 2436, 2437, 2438, -1, 2439, 2440, 2441, -1, 2442, 2443, 2444, -1, 2445, 2446, 2447, -1, 2448, 2449, 2450, -1, 2451, 2452, 2453, -1, 2454, 2455, 2456, -1, 2457, 2458, 2459, -1, 2460, 2461, 2462, -1, 2463, 2464, 2465, -1, 2466, 2467, 2468, -1, 2469, 2470, 2471, -1, 2472, 2473, 2474, -1, 2475, 2476, 2477, -1, 2478, 2479, 2480, -1, 2481, 2482, 2483, -1, 2484, 2485, 2486, -1, 2487, 2488, 2489, -1, 2490, 2491, 2492, -1, 2493, 2494, 2495, -1, 2496, 2497, 2498, -1, 2499, 2500, 2501, -1, 2502, 2503, 2504, -1, 2505, 2506, 2507, -1, 2508, 2509, 2510, -1, 2511, 2512, 2513, -1, 2514, 2515, 2516, -1, 2517, 2518, 2519, -1, 2520, 2521, 2522, -1, 2523, 2524, 2525, -1, 2526, 2527, 2528, -1, 2529, 2530, 2531, -1, 2532, 2533, 2534, -1, 2535, 2536, 2537, -1, 2538, 2539, 2540, -1, 2541, 2542, 2543, -1, 2544, 2545, 2546, -1, 2547, 2548, 2549, -1, 2550, 2551, 2552, -1, 2553, 2554, 2555, -1, 2556, 2557, 2558, -1, 2559, 2560, 2561, -1, 2562, 2563, 2564, -1, 2565, 2566, 2567, -1, 2568, 2569, 2570, -1, 2571, 2572, 2573, -1, 2574, 2575, 2576, -1, 2577, 2578, 2579, -1, 2580, 2581, 2582, -1, 2583, 2584, 2585, -1, 2586, 2587, 2588, -1, 2589, 2590, 2591, -1, 2592, 2593, 2594, -1, 2595, 2596, 2597, -1, 2598, 2599, 2600, -1, 2601, 2602, 2603, -1, 2604, 2605, 2606, -1, 2607, 2608, 2609, -1, 2610, 2611, 2612, -1, 2613, 2614, 2615, -1, 2616, 2617, 2618, -1, 2619, 2620, 2621, -1, 2622, 2623, 2624, -1, 2625, 2626, 2627, -1, 2628, 2629, 2630, -1, 2631, 2632, 2633, -1, 2634, 2635, 2636, -1, 2637, 2638, 2639, -1, 2640, 2641, 2642, -1, 2643, 2644, 2645, -1, 2646, 2647, 2648, -1, 2649, 2650, 2651, -1, 2652, 2653, 2654, -1, 2655, 2656, 2657, -1, 2658, 2659, 2660, -1, 2661, 2662, 2663, -1, 2664, 2665, 2666, -1, 2667, 2668, 2669, -1, 2670, 2671, 2672, -1, 2673, 2674, 2675, -1, 2676, 2677, 2678, -1, 2679, 2680, 2681, -1, 2682, 2683, 2684, -1, 2685, 2686, 2687, -1, 2688, 2689, 2690, -1, 2691, 2692, 2693, -1, 2694, 2695, 2696, -1, 2697, 2698, 2699, -1, 2700, 2701, 2702, -1, 2703, 2704, 2705, -1, 2706, 2707, 2708, -1, 2709, 2710, 2711, -1, 2712, 2713, 2714, -1, 2715, 2716, 2717, -1, 2718, 2719, 2720, -1, 2721, 2722, 2723, -1, 2724, 2725, 2726, -1, 2727, 2728, 2729, -1, 2730, 2731, 2732, -1, 2733, 2734, 2735, -1, 2736, 2737, 2738, -1, 2739, 2740, 2741, -1, 2742, 2743, 2744, -1, 2745, 2746, 2747, -1, 2748, 2749, 2750, -1, 2751, 2752, 2753, -1, 2754, 2755, 2756, -1, 2757, 2758, 2759, -1, 2760, 2761, 2762, -1, 2763, 2764, 2765, -1, 2766, 2767, 2768, -1, 2769, 2770, 2771, -1, 2772, 2773, 2774, -1, 2775, 2776, 2777, -1, 2778, 2779, 2780, -1, 2781, 2782, 2783, -1, 2784, 2785, 2786, -1, 2787, 2788, 2789, -1, 2790, 2791, 2792, -1, 2793, 2794, 2795, -1, 2796, 2797, 2798, -1, 2799, 2800, 2801, -1, 2802, 2803, 2804, -1, 2805, 2806, 2807, -1, 2808, 2809, 2810, -1, 2811, 2812, 2813, -1, 2814, 2815, 2816, -1, 2817, 2818, 2819, -1, 2820, 2821, 2822, -1, 2823, 2824, 2825, -1, 2826, 2827, 2828, -1, 2829, 2830, 2831, -1, 2832, 2833, 2834, -1, 2835, 2836, 2837, -1, 2838, 2839, 2840, -1, 2841, 2842, 2843, -1, 2844, 2845, 2846, -1, 2847, 2848, 2849, -1, 2850, 2851, 2852, -1, 2853, 2854, 2855, -1, 2856, 2857, 2858, -1, 2859, 2860, 2861, -1, 2862, 2863, 2864, -1, 2865, 2866, 2867, -1, 2868, 2869, 2870, -1, 2871, 2872, 2873, -1, 2874, 2875, 2876, -1, 2877, 2878, 2879, -1, 2880, 2881, 2882, -1, 2883, 2884, 2885, -1, 2886, 2887, 2888, -1, 2889, 2890, 2891, -1, 2892, 2893, 2894, -1, 2895, 2896, 2897, -1, 2898, 2899, 2900, -1, 2901, 2902, 2903, -1, 2904, 2905, 2906, -1, 2907, 2908, 2909, -1, 2910, 2911, 2912, -1, 2913, 2914, 2915, -1, 2916, 2917, 2918, -1, 2919, 2920, 2921, -1, 2922, 2923, 2924, -1, 2925, 2926, 2927, -1, 2928, 2929, 2930, -1, 2931, 2932, 2933, -1, 2934, 2935, 2936, -1, 2937, 2938, 2939, -1, 2940, 2941, 2942, -1, 2943, 2944, 2945, -1, 2946, 2947, 2948, -1, 2949, 2950, 2951, -1, 2952, 2953, 2954, -1, 2955, 2956, 2957, -1, 2958, 2959, 2960, -1, 2961, 2962, 2963, -1, 2964, 2965, 2966, -1, 2967, 2968, 2969, -1, 2970, 2971, 2972, -1, 2973, 2974, 2975, -1, 2976, 2977, 2978, -1, 2979, 2980, 2981, -1, 2982, 2983, 2984, -1, 2985, 2986, 2987, -1, 2988, 2989, 2990, -1, 2991, 2992, 2993, -1, 2994, 2995, 2996, -1, 2997, 2998, 2999, -1, 3000, 3001, 3002, -1, 3003, 3004, 3005, -1, 3006, 3007, 3008, -1, 3009, 3010, 3011, -1, 3012, 3013, 3014, -1, 3015, 3016, 3017, -1, 3018, 3019, 3020, -1, 3021, 3022, 3023, -1, 3024, 3025, 3026, -1, 3027, 3028, 3029, -1, 3030, 3031, 3032, -1, 3033, 3034, 3035, -1, 3036, 3037, 3038, -1, 3039, 3040, 3041, -1, 3042, 3043, 3044, -1, 3045, 3046, 3047, -1, 3048, 3049, 3050, -1, 3051, 3052, 3053, -1, 3054, 3055, 3056, -1, 3057, 3058, 3059, -1, 3060, 3061, 3062, -1, 3063, 3064, 3065, -1, 3066, 3067, 3068, -1, 3069, 3070, 3071, -1, 3072, 3073, 3074, -1, 3075, 3076, 3077, -1, 3078, 3079, 3080, -1, 3081, 3082, 3083, -1, 3084, 3085, 3086, -1, 3087, 3088, 3089, -1, 3090, 3091, 3092, -1, 3093, 3094, 3095, -1, 3096, 3097, 3098, -1, 3099, 3100, 3101, -1, 3102, 3103, 3104, -1, 3105, 3106, 3107, -1, 3108, 3109, 3110, -1, 3111, 3112, 3113, -1, 3114, 3115, 3116, -1, 3117, 3118, 3119, -1, 3120, 3121, 3122, -1, 3123, 3124, 3125, -1, 3126, 3127, 3128, -1, 3129, 3130, 3131, -1, 3132, 3133, 3134, -1, 3135, 3136, 3137, -1, 3138, 3139, 3140, -1, 3141, 3142, 3143, -1, 3144, 3145, 3146, -1, 3147, 3148, 3149, -1, 3150, 3151, 3152, -1, 3153, 3154, 3155, -1, 3156, 3157, 3158, -1, 3159, 3160, 3161, -1, 3162, 3163, 3164, -1, 3165, 3166, 3167, -1, 3168, 3169, 3170, -1, 3171, 3172, 3173, -1, 3174, 3175, 3176, -1, 3177, 3178, 3179, -1, 3180, 3181, 3182, -1, 3183, 3184, 3185, -1, 3186, 3187, 3188, -1, 3189, 3190, 3191, -1, 3192, 3193, 3194, -1, 3195, 3196, 3197, -1, 3198, 3199, 3200, -1, 3201, 3202, 3203, -1, 3204, 3205, 3206, -1, 3207, 3208, 3209, -1, 3210, 3211, 3212, -1, 3213, 3214, 3215, -1, 3216, 3217, 3218, -1, 3219, 3220, 3221, -1, 3222, 3223, 3224, -1, 3225, 3226, 3227, -1, 3228, 3229, 3230, -1, 3231, 3232, 3233, -1, 3234, 3235, 3236, -1, 3237, 3238, 3239, -1, 3240, 3241, 3242, -1, 3243, 3244, 3245, -1, 3246, 3247, 3248, -1, 3249, 3250, 3251, -1, 3252, 3253, 3254, -1, 3255, 3256, 3257, -1, 3258, 3259, 3260, -1, 3261, 3262, 3263, -1, 3264, 3265, 3266, -1, 3267, 3268, 3269, -1, 3270, 3271, 3272, -1, 3273, 3274, 3275, -1, 3276, 3277, 3278, -1, 3279, 3280, 3281, -1, 3282, 3283, 3284, -1, 3285, 3286, 3287, -1, 3288, 3289, 3290, -1, 3291, 3292, 3293, -1, 3294, 3295, 3296, -1, 3297, 3298, 3299, -1, 3300, 3301, 3302, -1, 3303, 3304, 3305, -1, 3306, 3307, 3308, -1, 3309, 3310, 3311, -1, 3312, 3313, 3314, -1, 3315, 3316, 3317, -1, 3318, 3319, 3320, -1, 3321, 3322, 3323, -1, 3324, 3325, 3326, -1, 3327, 3328, 3329, -1, 3330, 3331, 3332, -1, 3333, 3334, 3335, -1, 3336, 3337, 3338, -1, 3339, 3340, 3341, -1, 3342, 3343, 3344, -1, 3345, 3346, 3347, -1, 3348, 3349, 3350, -1, 3351, 3352, 3353, -1, 3354, 3355, 3356, -1, 3357, 3358, 3359, -1, 3360, 3361, 3362, -1, 3363, 3364, 3365, -1, 3366, 3367, 3368, -1, 3369, 3370, 3371, -1, 3372, 3373, 3374, -1, 3375, 3376, 3377, -1, 3378, 3379, 3380, -1, 3381, 3382, 3383, -1, 3384, 3385, 3386, -1, 3387, 3388, 3389, -1, 3390, 3391, 3392, -1, 3393, 3394, 3395, -1, 3396, 3397, 3398, -1, 3399, 3400, 3401, -1, 3402, 3403, 3404, -1, 3405, 3406, 3407, -1, 3408, 3409, 3410, -1, 3411, 3412, 3413, -1, 3414, 3415, 3416, -1, 3417, 3418, 3419, -1, 3420, 3421, 3422, -1, 3423, 3424, 3425, -1, 3426, 3427, 3428, -1, 3429, 3430, 3431, -1, 3432, 3433, 3434, -1, 3435, 3436, 3437, -1, 3438, 3439, 3440, -1, 3441, 3442, 3443, -1, 3444, 3445, 3446, -1, 3447, 3448, 3449, -1, 3450, 3451, 3452, -1, 3453, 3454, 3455, -1, 3456, 3457, 3458, -1, 3459, 3460, 3461, -1, 3462, 3463, 3464, -1, 3465, 3466, 3467, -1, 3468, 3469, 3470, -1, 3471, 3472, 3473, -1, 3474, 3475, 3476, -1, 3477, 3478, 3479, -1, 3480, 3481, 3482, -1, 3483, 3484, 3485, -1, 3486, 3487, 3488, -1, 3489, 3490, 3491, -1, 3492, 3493, 3494, -1, 3495, 3496, 3497, -1, 3498, 3499, 3500, -1, 3501, 3502, 3503, -1, 3504, 3505, 3506, -1, 3507, 3508, 3509, -1, 3510, 3511, 3512, -1, 3513, 3514, 3515, -1, 3516, 3517, 3518, -1, 3519, 3520, 3521, -1, 3522, 3523, 3524, -1, 3525, 3526, 3527, -1, 3528, 3529, 3530, -1, 3531, 3532, 3533, -1, 3534, 3535, 3536, -1, 3537, 3538, 3539, -1, 3540, 3541, 3542, -1, 3543, 3544, 3545, -1, 3546, 3547, 3548, -1, 3549, 3550, 3551, -1, 3552, 3553, 3554, -1, 3555, 3556, 3557, -1, 3558, 3559, 3560, -1, 3561, 3562, 3563, -1, 3564, 3565, 3566, -1, 3567, 3568, 3569, -1, 3570, 3571, 3572, -1, 3573, 3574, 3575, -1, 3576, 3577, 3578, -1, 3579, 3580, 3581, -1, 3582, 3583, 3584, -1, 3585, 3586, 3587, -1, 3588, 3589, 3590, -1, 3591, 3592, 3593, -1, 3594, 3595, 3596, -1, 3597, 3598, 3599, -1, 3600, 3601, 3602, -1, 3603, 3604, 3605, -1, 3606, 3607, 3608, -1, 3609, 3610, 3611, -1, 3612, 3613, 3614, -1, 3615, 3616, 3617, -1, 3618, 3619, 3620, -1, 3621, 3622, 3623, -1, 3624, 3625, 3626, -1, 3627, 3628, 3629, -1, 3630, 3631, 3632, -1, 3633, 3634, 3635, -1, 3636, 3637, 3638, -1, 3639, 3640, 3641, -1, 3642, 3643, 3644, -1, 3645, 3646, 3647, -1, 3648, 3649, 3650, -1, 3651, 3652, 3653, -1, 3654, 3655, 3656, -1, 3657, 3658, 3659, -1, 3660, 3661, 3662, -1, 3663, 3664, 3665, -1, 3666, 3667, 3668, -1, 3669, 3670, 3671, -1, 3672, 3673, 3674, -1, 3675, 3676, 3677, -1, 3678, 3679, 3680, -1, 3681, 3682, 3683, -1, 3684, 3685, 3686, -1, 3687, 3688, 3689, -1, 3690, 3691, 3692, -1, 3693, 3694, 3695, -1, 3696, 3697, 3698, -1, 3699, 3700, 3701, -1, 3702, 3703, 3704, -1, 3705, 3706, 3707, -1, 3708, 3709, 3710, -1, 3711, 3712, 3713, -1, 3714, 3715, 3716, -1, 3717, 3718, 3719, -1, 3720, 3721, 3722, -1, 3723, 3724, 3725, -1, 3726, 3727, 3728, -1, 3729, 3730, 3731, -1, 3732, 3733, 3734, -1, 3735, 3736, 3737, -1, 3738, 3739, 3740, -1, 3741, 3742, 3743, -1, 3744, 3745, 3746, -1, 3747, 3748, 3749, -1, 3750, 3751, 3752, -1, 3753, 3754, 3755, -1, 3756, 3757, 3758, -1, 3759, 3760, 3761, -1, 3762, 3763, 3764, -1, 3765, 3766, 3767, -1, 3768, 3769, 3770, -1, 3771, 3772, 3773, -1, 3774, 3775, 3776, -1, 3777, 3778, 3779, -1, 3780, 3781, 3782, -1, 3783, 3784, 3785, -1, 3786, 3787, 3788, -1, 3789, 3790, 3791, -1, 3792, 3793, 3794, -1, 3795, 3796, 3797, -1, 3798, 3799, 3800, -1, 3801, 3802, 3803, -1, 3804, 3805, 3806, -1, 3807, 3808, 3809, -1, 3810, 3811, 3812, -1, 3813, 3814, 3815, -1, 3816, 3817, 3818, -1, 3819, 3820, 3821, -1, 3822, 3823, 3824, -1, 3825, 3826, 3827, -1, 3828, 3829, 3830, -1, 3831, 3832, 3833, -1, 3834, 3835, 3836, -1, 3837, 3838, 3839, -1, 3840, 3841, 3842, -1, 3843, 3844, 3845, -1, 3846, 3847, 3848, -1, 3849, 3850, 3851, -1, 3852, 3853, 3854, -1, 3855, 3856, 3857, -1, 3858, 3859, 3860, -1, 3861, 3862, 3863, -1, 3864, 3865, 3866, -1, 3867, 3868, 3869, -1, 3870, 3871, 3872, -1, 3873, 3874, 3875, -1, 3876, 3877, 3878, -1, 3879, 3880, 3881, -1, 3882, 3883, 3884, -1, 3885, 3886, 3887, -1, 3888, 3889, 3890, -1, 3891, 3892, 3893, -1, 3894, 3895, 3896, -1, 3897, 3898, 3899, -1, 3900, 3901, 3902, -1, 3903, 3904, 3905, -1, 3906, 3907, 3908, -1, 3909, 3910, 3911, -1, 3912, 3913, 3914, -1, 3915, 3916, 3917, -1, 3918, 3919, 3920, -1, 3921, 3922, 3923, -1, 3924, 3925, 3926, -1, 3927, 3928, 3929, -1, 3930, 3931, 3932, -1, 3933, 3934, 3935, -1, 3936, 3937, 3938, -1, 3939, 3940, 3941, -1, 3942, 3943, 3944, -1, 3945, 3946, 3947, -1, 3948, 3949, 3950, -1, 3951, 3952, 3953, -1, 3954, 3955, 3956, -1, 3957, 3958, 3959, -1, 3960, 3961, 3962, -1, 3963, 3964, 3965, -1, 3966, 3967, 3968, -1, 3969, 3970, 3971, -1, 3972, 3973, 3974, -1, 3975, 3976, 3977, -1, 3978, 3979, 3980, -1, 3981, 3982, 3983, -1, 3984, 3985, 3986, -1, 3987, 3988, 3989, -1, 3990, 3991, 3992, -1, 3993, 3994, 3995, -1, 3996, 3997, 3998, -1, 3999, 4000, 4001, -1, 4002, 4003, 4004, -1, 4005, 4006, 4007, -1, 4008, 4009, 4010, -1, 4011, 4012, 4013, -1, 4014, 4015, 4016, -1, 4017, 4018, 4019, -1, 4020, 4021, 4022, -1, 4023, 4024, 4025, -1, 4026, 4027, 4028, -1, 4029, 4030, 4031, -1, 4032, 4033, 4034, -1, 4035, 4036, 4037, -1, 4038, 4039, 4040, -1, 4041, 4042, 4043, -1, 4044, 4045, 4046, -1, 4047, 4048, 4049, -1, 4050, 4051, 4052, -1, 4053, 4054, 4055, -1, 4056, 4057, 4058, -1, 4059, 4060, 4061, -1, 4062, 4063, 4064, -1, 4065, 4066, 4067, -1, 4068, 4069, 4070, -1, 4071, 4072, 4073, -1, 4074, 4075, 4076, -1, 4077, 4078, 4079, -1, 4080, 4081, 4082, -1, 4083, 4084, 4085, -1, 4086, 4087, 4088, -1, 4089, 4090, 4091, -1, 4092, 4093, 4094, -1, 4095, 4096, 4097, -1, 4098, 4099, 4100, -1, 4101, 4102, 4103, -1, 4104, 4105, 4106, -1, 4107, 4108, 4109, -1, 4110, 4111, 4112, -1, 4113, 4114, 4115, -1, 4116, 4117, 4118, -1, 4119, 4120, 4121, -1, 4122, 4123, 4124, -1, 4125, 4126, 4127, -1, 4128, 4129, 4130, -1, 4131, 4132, 4133, -1, 4134, 4135, 4136, -1, 4137, 4138, 4139, -1, 4140, 4141, 4142, -1, 4143, 4144, 4145, -1, 4146, 4147, 4148, -1, 4149, 4150, 4151, -1, 4152, 4153, 4154, -1, 4155, 4156, 4157, -1, 4158, 4159, 4160, -1, 4161, 4162, 4163, -1, 4164, 4165, 4166, -1, 4167, 4168, 4169, -1, 4170, 4171, 4172, -1, 4173, 4174, 4175, -1, 4176, 4177, 4178, -1, 4179, 4180, 4181, -1, 4182, 4183, 4184, -1, 4185, 4186, 4187, -1, 4188, 4189, 4190, -1, 4191, 4192, 4193, -1, 4194, 4195, 4196, -1, 4197, 4198, 4199, -1, 4200, 4201, 4202, -1, 4203, 4204, 4205, -1, 4206, 4207, 4208, -1, 4209, 4210, 4211, -1, 4212, 4213, 4214, -1, 4215, 4216, 4217, -1, 4218, 4219, 4220, -1, 4221, 4222, 4223, -1, 4224, 4225, 4226, -1, 4227, 4228, 4229, -1, 4230, 4231, 4232, -1, 4233, 4234, 4235, -1, 4236, 4237, 4238, -1, 4239, 4240, 4241, -1, 4242, 4243, 4244, -1, 4245, 4246, 4247, -1, 4248, 4249, 4250, -1, 4251, 4252, 4253, -1, 4254, 4255, 4256, -1, 4257, 4258, 4259, -1, 4260, 4261, 4262, -1, 4263, 4264, 4265, -1, 4266, 4267, 4268, -1, 4269, 4270, 4271, -1, 4272, 4273, 4274, -1, 4275, 4276, 4277, -1, 4278, 4279, 4280, -1, 4281, 4282, 4283, -1, 4284, 4285, 4286, -1, 4287, 4288, 4289, -1, 4290, 4291, 4292, -1, 4293, 4294, 4295, -1, 4296, 4297, 4298, -1, 4299, 4300, 4301, -1, 4302, 4303, 4304, -1, 4305, 4306, 4307, -1, 4308, 4309, 4310, -1, 4311, 4312, 4313, -1, 4314, 4315, 4316, -1, 4317, 4318, 4319, -1, 4320, 4321, 4322, -1, 4323, 4324, 4325, -1, 4326, 4327, 4328, -1, 4329, 4330, 4331, -1, 4332, 4333, 4334, -1, 4335, 4336, 4337, -1, 4338, 4339, 4340, -1, 4341, 4342, 4343, -1, 4344, 4345, 4346, -1, 4347, 4348, 4349, -1, 4350, 4351, 4352, -1, 4353, 4354, 4355, -1, 4356, 4357, 4358, -1, 4359, 4360, 4361, -1, 4362, 4363, 4364, -1, 4365, 4366, 4367, -1, 4368, 4369, 4370, -1, 4371, 4372, 4373, -1, 4374, 4375, 4376, -1, 4377, 4378, 4379, -1, 4380, 4381, 4382, -1, 4383, 4384, 4385, -1, 4386, 4387, 4388, -1, 4389, 4390, 4391, -1, 4392, 4393, 4394, -1, 4395, 4396, 4397, -1, 4398, 4399, 4400, -1, 4401, 4402, 4403, -1, 4404, 4405, 4406, -1, 4407, 4408, 4409, -1, 4410, 4411, 4412, -1, 4413, 4414, 4415, -1, 4416, 4417, 4418, -1, 4419, 4420, 4421, -1, 4422, 4423, 4424, -1, 4425, 4426, 4427, -1, 4428, 4429, 4430, -1, 4431, 4432, 4433, -1, 4434, 4435, 4436, -1, 4437, 4438, 4439, -1, 4440, 4441, 4442, -1, 4443, 4444, 4445, -1, 4446, 4447, 4448, -1, 4449, 4450, 4451, -1, 4452, 4453, 4454, -1, 4455, 4456, 4457, -1, 4458, 4459, 4460, -1, 4461, 4462, 4463, -1, 4464, 4465, 4466, -1, 4467, 4468, 4469, -1, 4470, 4471, 4472, -1, 4473, 4474, 4475, -1, 4476, 4477, 4478, -1, 4479, 4480, 4481, -1, 4482, 4483, 4484, -1, 4485, 4486, 4487, -1, 4488, 4489, 4490, -1, 4491, 4492, 4493, -1, 4494, 4495, 4496, -1, 4497, 4498, 4499, -1, 4500, 4501, 4502, -1, 4503, 4504, 4505, -1, 4506, 4507, 4508, -1, 4509, 4510, 4511, -1, 4512, 4513, 4514, -1, 4515, 4516, 4517, -1, 4518, 4519, 4520, -1, 4521, 4522, 4523, -1, 4524, 4525, 4526, -1, 4527, 4528, 4529, -1, 4530, 4531, 4532, -1, 4533, 4534, 4535, -1, 4536, 4537, 4538, -1, 4539, 4540, 4541, -1, 4542, 4543, 4544, -1, 4545, 4546, 4547, -1, 4548, 4549, 4550, -1, 4551, 4552, 4553, -1, 4554, 4555, 4556, -1, 4557, 4558, 4559, -1, 4560, 4561, 4562, -1, 4563, 4564, 4565, -1, 4566, 4567, 4568, -1, 4569, 4570, 4571, -1, 4572, 4573, 4574, -1, 4575, 4576, 4577, -1, 4578, 4579, 4580, -1, 4581, 4582, 4583, -1, 4584, 4585, 4586, -1, 4587, 4588, 4589, -1, 4590, 4591, 4592, -1, 4593, 4594, 4595, -1, 4596, 4597, 4598, -1, 4599, 4600, 4601, -1, 4602, 4603, 4604, -1, 4605, 4606, 4607, -1, 4608, 4609, 4610, -1, 4611, 4612, 4613, -1, 4614, 4615, 4616, -1, 4617, 4618, 4619, -1, 4620, 4621, 4622, -1, 4623, 4624, 4625, -1, 4626, 4627, 4628, -1, 4629, 4630, 4631, -1, 4632, 4633, 4634, -1, 4635, 4636, 4637, -1, 4638, 4639, 4640, -1, 4641, 4642, 4643, -1, 4644, 4645, 4646, -1, 4647, 4648, 4649, -1, 4650, 4651, 4652, -1, 4653, 4654, 4655, -1, 4656, 4657, 4658, -1, 4659, 4660, 4661, -1, 4662, 4663, 4664, -1, 4665, 4666, 4667, -1, 4668, 4669, 4670, -1, 4671, 4672, 4673, -1, 4674, 4675, 4676, -1, 4677, 4678, 4679, -1, 4680, 4681, 4682, -1, 4683, 4684, 4685, -1, 4686, 4687, 4688, -1, 4689, 4690, 4691, -1, 4692, 4693, 4694, -1, 4695, 4696, 4697, -1, 4698, 4699, 4700, -1, 4701, 4702, 4703, -1, 4704, 4705, 4706, -1, 4707, 4708, 4709, -1, 4710, 4711, 4712, -1, 4713, 4714, 4715, -1, 4716, 4717, 4718, -1, 4719, 4720, 4721, -1, 4722, 4723, 4724, -1, 4725, 4726, 4727, -1, 4728, 4729, 4730, -1, 4731, 4732, 4733, -1, 4734, 4735, 4736, -1, 4737, 4738, 4739, -1, 4740, 4741, 4742, -1, 4743, 4744, 4745, -1, 4746, 4747, 4748, -1, 4749, 4750, 4751, -1, 4752, 4753, 4754, -1, 4755, 4756, 4757, -1, 4758, 4759, 4760, -1, 4761, 4762, 4763, -1, 4764, 4765, 4766, -1, 4767, 4768, 4769, -1, 4770, 4771, 4772, -1, 4773, 4774, 4775, -1, 4776, 4777, 4778, -1, 4779, 4780, 4781, -1, 4782, 4783, 4784, -1, 4785, 4786, 4787, -1, 4788, 4789, 4790, -1, 4791, 4792, 4793, -1, 4794, 4795, 4796, -1, 4797, 4798, 4799, -1, 4800, 4801, 4802, -1, 4803, 4804, 4805, -1, 4806, 4807, 4808, -1, 4809, 4810, 4811, -1, 4812, 4813, 4814, -1, 4815, 4816, 4817, -1, 4818, 4819, 4820, -1, 4821, 4822, 4823, -1, 4824, 4825, 4826, -1, 4827, 4828, 4829, -1, 4830, 4831, 4832, -1, 4833, 4834, 4835, -1, 4836, 4837, 4838, -1, 4839, 4840, 4841, -1, 4842, 4843, 4844, -1, 4845, 4846, 4847, -1, 4848, 4849, 4850, -1, 4851, 4852, 4853, -1, 4854, 4855, 4856, -1, 4857, 4858, 4859, -1, 4860, 4861, 4862, -1, 4863, 4864, 4865, -1, 4866, 4867, 4868, -1, 4869, 4870, 4871, -1, 4872, 4873, 4874, -1, 4875, 4876, 4877, -1, 4878, 4879, 4880, -1, 4881, 4882, 4883, -1, 4884, 4885, 4886, -1, 4887, 4888, 4889, -1, 4890, 4891, 4892, -1, 4893, 4894, 4895, -1, 4896, 4897, 4898, -1, 4899, 4900, 4901, -1, 4902, 4903, 4904, -1, 4905, 4906, 4907, -1, 4908, 4909, 4910, -1, 4911, 4912, 4913, -1, 4914, 4915, 4916, -1, 4917, 4918, 4919, -1, 4920, 4921, 4922, -1, 4923, 4924, 4925, -1, 4926, 4927, 4928, -1, 4929, 4930, 4931, -1, 4932, 4933, 4934, -1, 4935, 4936, 4937, -1, 4938, 4939, 4940, -1, 4941, 4942, 4943, -1, 4944, 4945, 4946, -1, 4947, 4948, 4949, -1, 4950, 4951, 4952, -1, 4953, 4954, 4955, -1, 4956, 4957, 4958, -1, 4959, 4960, 4961, -1, 4962, 4963, 4964, -1, 4965, 4966, 4967, -1, 4968, 4969, 4970, -1, 4971, 4972, 4973, -1, 4974, 4975, 4976, -1, 4977, 4978, 4979, -1, 4980, 4981, 4982, -1, 4983, 4984, 4985, -1, 4986, 4987, 4988, -1, 4989, 4990, 4991, -1, 4992, 4993, 4994, -1, 4995, 4996, 4997, -1, 4998, 4999, 5000, -1, 5001, 5002, 5003, -1, 5004, 5005, 5006, -1, 5007, 5008, 5009, -1, 5010, 5011, 5012, -1, 5013, 5014, 5015, -1, 5016, 5017, 5018, -1, 5019, 5020, 5021, -1, 5022, 5023, 5024, -1, 5025, 5026, 5027, -1, 5028, 5029, 5030, -1, 5031, 5032, 5033, -1, 5034, 5035, 5036, -1, 5037, 5038, 5039, -1, 5040, 5041, 5042, -1, 5043, 5044, 5045, -1, 5046, 5047, 5048, -1, 5049, 5050, 5051, -1, 5052, 5053, 5054, -1, 5055, 5056, 5057, -1, 5058, 5059, 5060, -1, 5061, 5062, 5063, -1, 5064, 5065, 5066, -1, 5067, 5068, 5069, -1, 5070, 5071, 5072, -1, 5073, 5074, 5075, -1, 5076, 5077, 5078, -1, 5079, 5080, 5081, -1, 5082, 5083, 5084, -1, 5085, 5086, 5087, -1, 5088, 5089, 5090, -1, 5091, 5092, 5093, -1, 5094, 5095, 5096, -1, 5097, 5098, 5099, -1, 5100, 5101, 5102, -1, 5103, 5104, 5105, -1, 5106, 5107, 5108, -1, 5109, 5110, 5111, -1, 5112, 5113, 5114, -1, 5115, 5116, 5117, -1, 5118, 5119, 5120, -1, 5121, 5122, 5123, -1, 5124, 5125, 5126, -1, 5127, 5128, 5129, -1, 5130, 5131, 5132, -1, 5133, 5134, 5135, -1, 5136, 5137, 5138, -1, 5139, 5140, 5141, -1, 5142, 5143, 5144, -1, 5145, 5146, 5147, -1, 5148, 5149, 5150, -1, 5151, 5152, 5153, -1, 5154, 5155, 5156, -1, 5157, 5158, 5159, -1, 5160, 5161, 5162, -1, 5163, 5164, 5165, -1, 5166, 5167, 5168, -1, 5169, 5170, 5171, -1, 5172, 5173, 5174, -1, 5175, 5176, 5177, -1, 5178, 5179, 5180, -1, 5181, 5182, 5183, -1, 5184, 5185, 5186, -1, 5187, 5188, 5189, -1, 5190, 5191, 5192, -1, 5193, 5194, 5195, -1, 5196, 5197, 5198, -1, 5199, 5200, 5201, -1, 5202, 5203, 5204, -1, 5205, 5206, 5207, -1, 5208, 5209, 5210, -1, 5211, 5212, 5213, -1, 5214, 5215, 5216, -1, 5217, 5218, 5219, -1, 5220, 5221, 5222, -1, 5223, 5224, 5225, -1, 5226, 5227, 5228, -1, 5229, 5230, 5231, -1, 5232, 5233, 5234, -1, 5235, 5236, 5237, -1, 5238, 5239, 5240, -1, 5241, 5242, 5243, -1, 5244, 5245, 5246, -1, 5247, 5248, 5249, -1, 5250, 5251, 5252, -1, 5253, 5254, 5255, -1, 5256, 5257, 5258, -1, 5259, 5260, 5261, -1, 5262, 5263, 5264, -1, 5265, 5266, 5267, -1, 5268, 5269, 5270, -1, 5271, 5272, 5273, -1, 5274, 5275, 5276, -1, 5277, 5278, 5279, -1, 5280, 5281, 5282, -1, 5283, 5284, 5285, -1, 5286, 5287, 5288, -1, 5289, 5290, 5291, -1, 5292, 5293, 5294, -1, 5295, 5296, 5297, -1, 5298, 5299, 5300, -1, 5301, 5302, 5303, -1, 5304, 5305, 5306, -1, 5307, 5308, 5309, -1, 5310, 5311, 5312, -1, 5313, 5314, 5315, -1, 5316, 5317, 5318, -1, 5319, 5320, 5321, -1, 5322, 5323, 5324, -1, 5325, 5326, 5327, -1, 5328, 5329, 5330, -1, 5331, 5332, 5333, -1, 5334, 5335, 5336, -1, 5337, 5338, 5339, -1, 5340, 5341, 5342, -1, 5343, 5344, 5345, -1, 5346, 5347, 5348, -1, 5349, 5350, 5351, -1, 5352, 5353, 5354, -1, 5355, 5356, 5357, -1, 5358, 5359, 5360, -1, 5361, 5362, 5363, -1, 5364, 5365, 5366, -1, 5367, 5368, 5369, -1, 5370, 5371, 5372, -1, 5373, 5374, 5375, -1, 5376, 5377, 5378, -1, 5379, 5380, 5381, -1, 5382, 5383, 5384, -1, 5385, 5386, 5387, -1, 5388, 5389, 5390, -1, 5391, 5392, 5393, -1, 5394, 5395, 5396, -1, 5397, 5398, 5399, -1, 5400, 5401, 5402, -1, 5403, 5404, 5405, -1, 5406, 5407, 5408, -1, 5409, 5410, 5411, -1, 5412, 5413, 5414, -1, 5415, 5416, 5417, -1, 5418, 5419, 5420, -1, 5421, 5422, 5423, -1, 5424, 5425, 5426, -1, 5427, 5428, 5429, -1, 5430, 5431, 5432, -1, 5433, 5434, 5435, -1, 5436, 5437, 5438, -1, 5439, 5440, 5441, -1, 5442, 5443, 5444, -1, 5445, 5446, 5447, -1, 5448, 5449, 5450, -1, 5451, 5452, 5453, -1, 5454, 5455, 5456, -1, 5457, 5458, 5459, -1, 5460, 5461, 5462, -1, 5463, 5464, 5465, -1, 5466, 5467, 5468, -1, 5469, 5470, 5471, -1, 5472, 5473, 5474, -1, 5475, 5476, 5477, -1, 5478, 5479, 5480, -1, 5481, 5482, 5483, -1, 5484, 5485, 5486, -1, 5487, 5488, 5489, -1, 5490, 5491, 5492, -1, 5493, 5494, 5495, -1, 5496, 5497, 5498, -1, 5499, 5500, 5501, -1, 5502, 5503, 5504, -1, 5505, 5506, 5507, -1, 5508, 5509, 5510, -1, 5511, 5512, 5513, -1, 5514, 5515, 5516, -1, 5517, 5518, 5519, -1, 5520, 5521, 5522, -1, 5523, 5524, 5525, -1, 5526, 5527, 5528, -1, 5529, 5530, 5531, -1, 5532, 5533, 5534, -1, 5535, 5536, 5537, -1, 5538, 5539, 5540, -1, 5541, 5542, 5543, -1, 5544, 5545, 5546, -1, 5547, 5548, 5549, -1, 5550, 5551, 5552, -1, 5553, 5554, 5555, -1, 5556, 5557, 5558, -1, 5559, 5560, 5561, -1, 5562, 5563, 5564, -1, 5565, 5566, 5567, -1, 5568, 5569, 5570, -1, 5571, 5572, 5573, -1, 5574, 5575, 5576, -1, 5577, 5578, 5579, -1, 5580, 5581, 5582, -1, 5583, 5584, 5585, -1, 5586, 5587, 5588, -1, 5589, 5590, 5591, -1, 5592, 5593, 5594, -1, 5595, 5596, 5597, -1, 5598, 5599, 5600, -1, 5601, 5602, 5603, -1, 5604, 5605, 5606, -1, 5607, 5608, 5609, -1, 5610, 5611, 5612, -1, 5613, 5614, 5615, -1, 5616, 5617, 5618, -1, 5619, 5620, 5621, -1, 5622, 5623, 5624, -1, 5625, 5626, 5627, -1, 5628, 5629, 5630, -1, 5631, 5632, 5633, -1, 5634, 5635, 5636, -1, 5637, 5638, 5639, -1, 5640, 5641, 5642, -1, 5643, 5644, 5645, -1, 5646, 5647, 5648, -1, 5649, 5650, 5651, -1, 5652, 5653, 5654, -1, 5655, 5656, 5657, -1, 5658, 5659, 5660, -1, 5661, 5662, 5663, -1, 5664, 5665, 5666, -1, 5667, 5668, 5669, -1, 5670, 5671, 5672, -1, 5673, 5674, 5675, -1, 5676, 5677, 5678, -1, 5679, 5680, 5681, -1, 5682, 5683, 5684, -1, 5685, 5686, 5687, -1, 5688, 5689, 5690, -1, 5691, 5692, 5693, -1, 5694, 5695, 5696, -1, 5697, 5698, 5699, -1, 5700, 5701, 5702, -1, 5703, 5704, 5705, -1, 5706, 5707, 5708, -1, 5709, 5710, 5711, -1, 5712, 5713, 5714, -1, 5715, 5716, 5717, -1, 5718, 5719, 5720, -1, 5721, 5722, 5723, -1, 5724, 5725, 5726, -1, 5727, 5728, 5729, -1, 5730, 5731, 5732, -1, 5733, 5734, 5735, -1, 5736, 5737, 5738, -1, 5739, 5740, 5741, -1, 5742, 5743, 5744, -1, 5745, 5746, 5747, -1, 5748, 5749, 5750, -1, 5751, 5752, 5753, -1, 5754, 5755, 5756, -1, 5757, 5758, 5759, -1, 5760, 5761, 5762, -1, 5763, 5764, 5765, -1, 5766, 5767, 5768, -1, 5769, 5770, 5771, -1, 5772, 5773, 5774, -1, 5775, 5776, 5777, -1, 5778, 5779, 5780, -1, 5781, 5782, 5783, -1, 5784, 5785, 5786, -1, 5787, 5788, 5789, -1, 5790, 5791, 5792, -1, 5793, 5794, 5795, -1, 5796, 5797, 5798, -1, 5799, 5800, 5801, -1, 5802, 5803, 5804, -1, 5805, 5806, 5807, -1, 5808, 5809, 5810, -1, 5811, 5812, 5813, -1, 5814, 5815, 5816, -1, 5817, 5818, 5819, -1, 5820, 5821, 5822, -1, 5823, 5824, 5825, -1, 5826, 5827, 5828, -1, 5829, 5830, 5831, -1, 5832, 5833, 5834, -1, 5835, 5836, 5837, -1, 5838, 5839, 5840, -1, 5841, 5842, 5843, -1, 5844, 5845, 5846, -1, 5847, 5848, 5849, -1, 5850, 5851, 5852, -1, 5853, 5854, 5855, -1, 5856, 5857, 5858, -1, 5859, 5860, 5861, -1, 5862, 5863, 5864, -1, 5865, 5866, 5867, -1, 5868, 5869, 5870, -1, 5871, 5872, 5873, -1, 5874, 5875, 5876, -1, 5877, 5878, 5879, -1, 5880, 5881, 5882, -1, 5883, 5884, 5885, -1, 5886, 5887, 5888, -1, 5889, 5890, 5891, -1, 5892, 5893, 5894, -1, 5895, 5896, 5897, -1, 5898, 5899, 5900, -1, 5901, 5902, 5903, -1, 5904, 5905, 5906, -1, 5907, 5908, 5909, -1, 5910, 5911, 5912, -1, 5913, 5914, 5915, -1, 5916, 5917, 5918, -1, 5919, 5920, 5921, -1, 5922, 5923, 5924, -1, 5925, 5926, 5927, -1, 5928, 5929, 5930, -1, 5931, 5932, 5933, -1, 5934, 5935, 5936, -1, 5937, 5938, 5939, -1, 5940, 5941, 5942, -1, 5943, 5944, 5945, -1, 5946, 5947, 5948, -1, 5949, 5950, 5951, -1, 5952, 5953, 5954, -1, 5955, 5956, 5957, -1, 5958, 5959, 5960, -1, 5961, 5962, 5963, -1, 5964, 5965, 5966, -1, 5967, 5968, 5969, -1, 5970, 5971, 5972, -1, 5973, 5974, 5975, -1, 5976, 5977, 5978, -1, 5979, 5980, 5981, -1, 5982, 5983, 5984, -1, 5985, 5986, 5987, -1, 5988, 5989, 5990, -1, 5991, 5992, 5993, -1, 5994, 5995, 5996, -1, 5997, 5998, 5999, -1, 6000, 6001, 6002, -1, 6003, 6004, 6005, -1, 6006, 6007, 6008, -1, 6009, 6010, 6011, -1, 6012, 6013, 6014, -1, 6015, 6016, 6017, -1, 6018, 6019, 6020, -1, 6021, 6022, 6023, -1, 6024, 6025, 6026, -1, 6027, 6028, 6029, -1, 6030, 6031, 6032, -1, 6033, 6034, 6035, -1, 6036, 6037, 6038, -1, 6039, 6040, 6041, -1, 6042, 6043, 6044, -1, 6045, 6046, 6047, -1, 6048, 6049, 6050, -1, 6051, 6052, 6053, -1, ]
        }
      }
    }
  ]
}
